Age,Attrition,DailyRate,DistanceFromHome,Education,EmployeeNumber,EnvironmentSatisfaction,HourlyRate,JobInvolvement,JobLevel,JobSatisfaction,MonthlyIncome,MonthlyRate,NumCompaniesWorked,PercentSalaryHike,PerformanceRating,RelationshipSatisfaction,StockOptionLevel,TotalWorkingYears,TrainingTimesLastYear,WorkLifeBalance,YearsAtCompany,YearsInCurrentRole,YearsSinceLastPromotion,YearsWithCurrManager,BusinessTravel_Travel_Frequently,BusinessTravel_Travel_Rarely,Department_Research & Development,Department_Sales,EducationField_Life Sciences,EducationField_Marketing,EducationField_Medical,EducationField_Other,EducationField_Technical Degree,Gender_Male,JobRole_Human Resources,JobRole_Laboratory Technician,JobRole_Manager,JobRole_Manufacturing Director,JobRole_Research Director,JobRole_Research Scientist,JobRole_Sales Executive,JobRole_Sales Representative,MaritalStatus_Married,MaritalStatus_Single,OverTime_Yes,Age Group,Salary Band,Experience Level,Employee Tenure Group,Attrition Percentage,BusinessTravel,Department,EducationField,Gender,JobRole,MaritalStatus,Employee Risk Category
41,1,0.7425265337769018,1,2,1,2,1.3831382668932737,3,2,4,-0.10834951351067117,0.7260199409380492,8,11,3,1,0,8,0,1,6,4,0,5,False,True,False,True,True,False,False,False,False,False,False,False,False,False,False,False,True,False,False,True,True,36-45,,Mid Level,Experienced Employee,0.07,Travel Rarely,Sales,Life Sciences,Female,Sales Executive,Single,Medium Risk
49,0,-1.2977746019136118,8,1,2,3,-0.2406767700620191,2,2,2,-0.29171858995657424,1.4888761391146892,1,23,4,4,1,10,3,3,10,7,1,7,True,False,True,False,True,False,False,False,False,True,False,False,False,False,False,True,False,False,True,False,False,46-55,,Mid Level,Experienced Employee,0.0,Travel Frequently,Research & Development,Life Sciences,Male,Research Scientist,Married,Low Risk
37,1,1.4143632382387843,2,2,4,4,1.2847252343505287,2,1,3,-0.9376536912260358,-1.6748408610979753,6,15,3,2,0,7,3,3,0,0,0,0,False,True,True,False,False,False,False,True,False,True,False,True,False,False,False,False,False,False,False,True,True,36-45,,Mid Level,,0.07,Travel Rarely,Research & Development,Other,Male,Laboratory Technician,Single,Medium Risk
33,0,1.4614661806180305,3,4,5,4,-0.4867093514188816,3,1,3,-0.7636336754564013,1.2432105837696696,1,11,3,3,0,8,3,3,8,7,3,0,True,False,True,False,True,False,False,False,False,False,False,False,False,False,False,True,False,False,True,False,True,26-35,,Mid Level,Experienced Employee,0.0,Travel Frequently,Research & Development,Life Sciences,Female,Research Scientist,Married,Medium Risk
27,0,-0.5242947060017769,2,1,7,1,-1.2740136117608418,3,1,2,-0.6448581091374443,0.3258998974213038,9,12,3,4,1,6,3,3,2,2,2,2,False,True,True,False,False,False,True,False,False,True,False,True,False,False,False,False,False,False,True,False,False,26-35,,Mid Level,New Employee,0.0,Travel Rarely,Research & Development,Medical,Male,Laboratory Technician,Married,Low Risk
32,0,0.5020536174196967,2,2,8,4,0.645040522822686,3,1,4,-0.7298495698307945,-0.34419928329096944,0,13,3,3,0,8,2,2,7,7,3,6,True,False,True,False,True,False,False,False,False,True,False,True,False,False,False,False,False,False,False,True,False,26-35,,Mid Level,Experienced Employee,0.0,Travel Frequently,Research & Development,Life Sciences,Male,Laboratory Technician,Single,Medium Risk
59,0,1.2928872289449382,3,3,10,3,0.743453555365431,4,1,1,-0.814416073220678,-0.6112270608399039,4,20,4,1,3,12,3,2,1,0,0,0,False,True,True,False,False,False,True,False,False,False,False,True,False,False,False,False,False,False,True,False,True,55+,,Senior Level,New Employee,0.0,Travel Rarely,Research & Development,Medical,Female,Laboratory Technician,Married,High Risk
30,0,1.3771767047814845,24,1,11,4,0.05456232756621595,3,1,3,-0.8095290642308104,-0.1374635670938734,1,22,4,2,1,1,2,3,1,0,0,0,False,True,True,False,True,False,False,False,False,True,False,True,False,False,False,False,False,False,False,False,False,26-35,,Entry Level,New Employee,0.0,Travel Rarely,Research & Development,Life Sciences,Male,Laboratory Technician,Divorced,Low Risk
38,0,-1.4539580424342708,23,3,12,4,-1.0771875466753518,2,3,3,0.6423375630633446,-0.7766437419846911,0,21,4,2,0,10,2,3,9,7,1,8,True,False,True,False,True,False,False,False,False,True,False,False,False,True,False,False,False,False,False,True,False,36-45,Low Salary,Mid Level,Experienced Employee,0.0,Travel Frequently,Research & Development,Life Sciences,Male,Manufacturing Director,Single,Low Risk
36,0,1.230909673182772,27,3,13,3,1.3831382668932737,3,2,3,-0.2689833742211031,0.31817014596593995,6,13,3,2,2,17,3,2,7,7,7,7,False,True,True,False,False,False,True,False,False,True,False,False,False,False,False,False,False,False,True,False,False,36-45,,Senior Level,Experienced Employee,0.0,Travel Rarely,Research & Development,Medical,Male,Healthcare Representative,Married,Medium Risk
35,0,0.016149580244313087,16,3,14,1,0.8910731041795485,4,1,2,-0.8662608642436216,0.304397134281837,0,13,3,3,1,6,5,3,5,4,0,3,False,True,True,False,False,False,True,False,False,True,False,True,False,False,False,False,False,False,True,False,False,26-35,,Mid Level,Junior Employee,0.0,Travel Rarely,Research & Development,Medical,Male,Laboratory Technician,Married,Low Risk
29,0,-1.6101414829549299,15,2,15,4,-0.8311549653184892,2,2,3,-0.4908110866307471,-0.22923679800937558,0,12,3,4,0,10,3,3,9,5,0,8,False,True,True,False,True,False,False,False,False,False,False,True,False,False,False,False,False,False,False,True,True,26-35,,Mid Level,Experienced Employee,0.0,Travel Rarely,Research & Development,Life Sciences,Female,Laboratory Technician,Single,Medium Risk
31,0,-0.32844562979333136,26,1,16,1,-1.7168722582031943,3,1,3,-0.7632087181529345,0.12042904964417642,1,17,3,4,1,5,1,2,5,2,4,3,False,True,True,False,True,False,False,False,False,True,False,False,False,False,False,True,False,False,False,False,False,26-35,,Entry Level,Junior Employee,0.0,Travel Rarely,Research & Development,Life Sciences,Male,Research Scientist,Divorced,Medium Risk
34,0,1.3474274780156446,19,2,18,2,1.333931750621901,3,1,4,-0.8163283810862784,-0.7807194291157011,0,11,3,3,1,3,2,3,2,2,1,2,False,True,True,False,False,False,True,False,False,True,False,True,False,False,False,False,False,False,False,False,False,26-35,,Entry Level,New Employee,0.0,Travel Rarely,Research & Development,Medical,Male,Laboratory Technician,Divorced,Low Risk
28,1,-1.7340965944792623,24,3,19,3,-0.7819484490471167,2,1,3,-0.9508273676335051,-0.19199345008807683,5,14,3,2,0,6,4,3,4,2,0,3,False,True,True,False,True,False,False,False,False,True,False,True,False,False,False,False,False,False,False,True,True,26-35,,Mid Level,Junior Employee,0.07,Travel Rarely,Research & Development,Life Sciences,Male,Laboratory Technician,Single,Medium Risk
29,0,1.4540288739265705,21,4,20,2,-0.7327419327757442,4,3,1,0.738802870950297,-0.5787621047273755,1,11,3,3,1,10,1,3,10,9,8,8,False,True,True,False,True,False,False,False,False,False,False,False,False,True,False,False,False,False,False,False,False,26-35,Low Salary,Mid Level,Experienced Employee,0.0,Travel Rarely,Research & Development,Life Sciences,Female,Manufacturing Director,Divorced,Low Risk
32,0,-1.1614239792368461,5,2,21,1,0.6942470390940585,4,1,2,-0.6809794799321182,0.10398576018458414,0,12,3,4,2,7,5,2,6,2,0,5,False,True,True,False,True,False,False,False,False,True,False,False,False,False,False,True,False,False,False,False,True,26-35,,Mid Level,Experienced Employee,0.0,Travel Rarely,Research & Development,Life Sciences,Male,Research Scientist,Divorced,High Risk
22,0,0.7945876806171215,16,2,22,4,1.4815512994360187,4,1,4,-0.7581092305113335,-0.9822551306973706,1,13,3,2,2,1,2,2,1,0,0,0,False,False,True,False,False,False,True,False,False,True,False,True,False,False,False,False,False,False,False,False,True,18-25,,Entry Level,New Employee,0.0,Non-Travel,Research & Development,Medical,Male,Laboratory Technician,Divorced,Medium Risk
53,0,1.0325814947438399,2,4,23,1,0.5958340065513135,2,4,4,1.8961740869419934,1.083274999111413,2,16,3,3,0,31,3,3,25,8,3,7,False,True,False,True,True,False,False,False,False,False,False,False,True,False,False,False,False,False,True,False,False,46-55,Low Salary,Executive Level,Veteran Employee,0.0,Travel Rarely,Sales,Life Sciences,Female,Manager,Married,Low Risk
38,0,-1.06969719670884,2,3,24,4,-1.0279810304039791,3,1,4,-0.5437182709123576,-1.40640767419352,5,11,3,3,0,6,3,3,3,2,1,2,False,True,True,False,True,False,False,False,False,True,False,False,False,False,False,True,False,False,False,True,True,36-45,,Mid Level,Junior Employee,0.0,Travel Rarely,Research & Development,Life Sciences,Male,Research Scientist,Single,Medium Risk
24,0,-0.32100832310187144,11,2,26,1,1.4815512994360187,4,2,3,-0.5294822012462215,-0.8546439612160903,0,18,3,4,1,5,5,2,4,2,1,3,False,False,True,False,False,False,False,True,False,False,False,False,False,True,False,False,False,False,False,False,False,18-25,,Entry Level,Junior Employee,0.0,Non-Travel,Research & Development,Other,Female,Manufacturing Director,Divorced,Medium Risk
36,1,1.0301023925133532,9,4,27,3,0.7926600716368035,2,1,1,-0.6578193068931802,-1.0297579669139705,7,23,4,2,0,10,4,3,5,3,0,3,False,True,False,True,True,False,False,False,False,True,False,False,False,False,False,False,False,True,False,True,False,36-45,,Mid Level,Junior Employee,0.07,Travel Rarely,Sales,Life Sciences,Male,Sales Representative,Single,Low Risk
34,0,-0.9507002896454807,7,4,28,1,-0.6343289002329991,3,3,2,1.1667348755413154,0.9809611980295055,0,11,3,3,0,13,4,3,12,6,2,11,False,True,True,False,True,False,False,False,False,False,False,False,False,False,True,False,False,False,False,True,False,26-35,Low Salary,Senior Level,Loyal Employee,0.0,Travel Rarely,Research & Development,Life Sciences,Female,Research Director,Single,Low Risk
21,0,-1.020115152099107,15,2,30,3,1.4815512994360187,3,1,4,-1.119960374413272,0.6981928356987392,1,14,3,4,0,0,6,3,0,0,0,0,False,True,True,False,True,False,False,False,False,True,False,False,False,False,False,True,False,False,False,True,False,18-25,,,,0.0,Travel Rarely,Research & Development,Life Sciences,Male,Research Scientist,Single,Low Risk
34,1,-0.2565516651092185,6,1,31,2,0.841866587908176,3,1,1,-0.7527972642179991,0.3919541371307771,2,11,3,3,0,8,2,3,4,2,1,3,False,True,True,False,False,False,True,False,False,True,False,False,False,False,False,True,False,False,False,True,False,26-35,,Mid Level,Junior Employee,0.07,Travel Rarely,Research & Development,Medical,Male,Research Scientist,Single,Low Risk
53,0,1.188764935264499,5,3,32,3,-0.3882963188761366,3,5,3,2.6753333028482813,-0.5028699995292573,4,11,3,4,1,26,3,2,14,13,4,8,False,True,True,False,False,False,False,True,False,False,False,False,True,False,False,False,False,False,False,False,False,46-55,Low Salary,Executive Level,Loyal Employee,0.0,Travel Rarely,Research & Development,Other,Female,Manager,Divorced,Medium Risk
32,1,0.7995458850780948,16,1,33,2,0.3005949089230785,1,1,1,-0.549030237205692,-1.3537048233614937,1,22,4,2,0,10,5,3,10,2,6,7,True,False,True,False,True,False,False,False,False,False,False,False,False,False,False,True,False,False,False,True,True,26-35,,Mid Level,Experienced Employee,0.07,Travel Frequently,Research & Development,Life Sciences,Female,Research Scientist,Single,High Risk
42,0,-0.2763844829531117,8,4,35,3,-0.8803614815898617,3,2,2,0.06843272473149725,0.964096285763257,0,11,3,4,1,10,2,3,9,7,4,2,False,True,False,True,False,True,False,False,False,True,False,False,False,False,False,False,True,False,True,False,False,36-45,Low Salary,Mid Level,Experienced Employee,0.0,Travel Rarely,Sales,Marketing,Male,Sales Executive,Married,Low Risk
44,0,-0.806912360277255,7,4,36,1,-1.1756005792180968,2,3,4,0.7957471496148416,-1.7172842236347006,3,14,3,4,1,24,4,3,22,6,5,17,False,True,True,False,False,False,True,False,False,False,False,False,False,False,False,False,False,False,True,False,False,36-45,Low Salary,Executive Level,Veteran Employee,0.0,Travel Rarely,Research & Development,Medical,Female,Healthcare Representative,Married,Low Risk
46,0,-0.2416770517262986,2,4,38,2,0.841866587908176,3,5,1,2.644098941043475,1.1958482884886217,3,12,3,4,0,22,2,2,2,2,2,1,False,True,False,True,False,True,False,False,False,False,False,False,True,False,False,False,False,False,False,True,False,46-55,Low Salary,Executive Level,New Employee,0.0,Travel Rarely,Sales,Marketing,Female,Manager,Single,Medium Risk
33,0,0.30124633675027795,2,3,39,3,0.5958340065513135,3,1,4,-0.8513873586222853,-1.074168902548425,4,11,3,4,0,7,3,3,1,1,0,0,False,True,True,False,False,False,True,False,False,True,False,True,False,False,False,False,False,False,False,True,False,26-35,,Mid Level,New Employee,0.0,Travel Rarely,Research & Development,Medical,Male,Laboratory Technician,Single,Low Risk
44,0,1.627566030060636,10,4,40,4,-1.2248070954894692,3,2,4,-0.008059589892517928,0.6757062860104079,2,13,3,4,0,9,5,4,4,2,1,3,False,True,True,False,False,False,False,True,False,True,False,False,False,False,False,False,False,False,True,False,True,36-45,,Mid Level,Junior Employee,0.0,Travel Rarely,Research & Development,Other,Male,Healthcare Representative,Married,Medium Risk
30,0,-1.679556345408556,9,2,41,4,0.841866587908176,2,1,3,-0.9130061676249642,0.2535213156119874,1,13,3,1,0,10,5,3,10,0,1,8,False,True,True,False,False,False,True,False,False,True,False,True,False,False,False,False,False,False,False,True,False,26-35,,Mid Level,Experienced Employee,0.0,Travel Rarely,Research & Development,Medical,Male,Laboratory Technician,Single,Low Risk
39,1,0.22935237206616507,5,3,42,4,-0.4867093514188816,3,2,4,-0.9385036058329693,-1.5428729226145808,3,14,3,3,1,19,6,4,1,0,0,0,False,True,False,True,False,False,False,False,True,True,False,False,False,False,False,False,False,True,True,False,False,36-45,,Senior Level,New Employee,0.07,Travel Rarely,Sales,Technical Degree,Male,Sales Representative,Married,Low Risk
24,1,0.02606598916625969,1,3,45,2,-0.2406767700620191,3,1,4,-0.8945205249241606,-1.587143317313483,2,16,3,1,1,6,2,2,2,0,2,0,False,True,True,False,False,False,True,False,False,True,False,False,False,False,False,True,False,False,True,False,True,18-25,,Mid Level,New Employee,0.07,Travel Rarely,Research & Development,Medical,Male,Research Scientist,Married,Medium Risk
43,0,1.1664530151901191,2,2,46,4,0.3005949089230785,4,1,3,-0.8197280395140124,1.0695019874273102,1,12,3,4,2,6,3,2,5,3,1,4,False,True,True,False,False,False,True,False,False,False,False,False,False,False,False,True,False,False,False,False,False,36-45,,Mid Level,Junior Employee,0.0,Travel Rarely,Research & Development,Medical,Female,Research Scientist,Divorced,Medium Risk
50,1,0.16489571407351214,3,2,47,1,0.9894861367222936,2,1,3,-0.8116538507481441,-1.4761159782273472,1,14,3,3,0,3,2,3,3,2,0,2,False,True,False,True,False,True,False,False,False,True,False,False,False,False,False,False,False,True,True,False,True,46-55,,Entry Level,Junior Employee,0.07,Travel Rarely,Sales,Marketing,Male,Sales Representative,Married,Medium Risk
35,0,0.2169568609137318,2,3,49,4,1.5307578157073911,3,1,4,-0.9538020687577723,-0.6501568999878274,1,13,3,1,0,2,3,3,2,2,2,2,False,True,False,True,False,True,False,False,False,False,False,False,False,False,False,False,False,True,True,False,False,26-35,,Entry Level,New Employee,0.0,Travel Rarely,Sales,Marketing,Female,Sales Representative,Married,Low Risk
36,0,0.12275097615523907,5,4,51,2,0.7926600716368035,2,1,1,-0.6552695630723797,-0.174425833144068,9,14,3,4,1,6,3,4,1,1,0,0,False,True,True,False,True,False,False,False,False,False,False,False,False,False,False,True,False,False,True,False,True,36-45,,Mid Level,New Employee,0.0,Travel Rarely,Research & Development,Life Sciences,Female,Research Scientist,Married,High Risk
33,0,0.8392115207658811,1,3,52,3,-1.1756005792180968,4,2,1,-0.23944884163016386,-1.5628297354629748,2,19,3,1,2,10,3,3,5,3,1,3,True,False,False,True,True,False,False,False,False,False,False,False,False,False,False,False,True,False,True,False,False,26-35,,Mid Level,Junior Employee,0.0,Travel Frequently,Sales,Life Sciences,Female,Sales Executive,Married,Low Risk
35,0,-0.8391406892735814,4,2,53,3,0.448214457737196,3,1,4,-0.967188223816975,-0.4782753358076449,1,12,3,3,1,1,3,3,1,0,0,0,False,True,True,False,False,False,False,True,False,True,False,True,False,False,False,False,False,False,False,False,False,26-35,,Entry Level,New Employee,0.0,Travel Rarely,Research & Development,Other,Male,Laboratory Technician,Divorced,Low Risk
27,0,1.0846426415840595,2,4,54,4,-1.6184592256604493,3,1,1,-0.8843215496409585,0.7591876017283379,1,13,3,4,1,1,6,3,1,0,0,0,False,True,True,False,True,False,False,False,False,False,False,True,False,False,False,False,False,False,False,False,False,26-35,,Entry Level,New Employee,0.0,Travel Rarely,Research & Development,Life Sciences,Female,Laboratory Technician,Divorced,Low Risk
26,1,1.3746976025509978,25,3,55,1,-0.8803614815898617,1,1,3,-0.8945205249241606,-0.5277457451219738,1,12,3,3,0,1,2,2,1,0,0,1,False,True,True,False,True,False,False,False,False,True,False,True,False,False,False,False,False,False,False,True,False,26-35,,Entry Level,New Employee,0.07,Travel Rarely,Research & Development,Life Sciences,Male,Laboratory Technician,Single,Medium Risk
27,0,0.4747834928843435,8,3,56,4,-1.4216331605749593,3,3,3,0.4723546416766441,-1.5934676594133264,1,15,3,4,0,9,0,3,9,8,1,7,True,False,False,True,True,False,False,False,False,True,False,False,False,False,False,False,True,False,False,True,False,26-35,Low Salary,Mid Level,Experienced Employee,0.0,Travel Frequently,Sales,Life Sciences,Male,Sales Executive,Single,Low Risk
30,0,-0.2020114160385122,1,2,57,3,-0.3882963188761366,3,2,4,-0.5294822012462215,-0.49640511649386204,1,23,4,4,0,12,2,3,12,8,3,7,True,False,True,False,False,False,True,False,False,False,False,True,False,False,False,False,False,False,False,True,False,26-35,,Senior Level,Loyal Employee,0.0,Travel Frequently,Research & Development,Medical,Female,Laboratory Technician,Single,Low Risk
41,1,1.3821349092424577,12,3,58,2,-0.8311549653184892,3,5,3,2.7711611747800338,0.27642948810697493,1,12,3,4,0,23,0,3,22,15,15,8,False,True,True,False,False,False,False,False,True,False,False,False,False,False,True,False,False,False,True,False,False,36-45,Low Salary,Executive Level,Veteran Employee,0.07,Travel Rarely,Research & Development,Technical Degree,Female,Research Director,Married,Low Risk
34,0,0.6507997512488957,23,4,60,2,0.3005949089230785,3,2,3,-0.41113159223073126,-0.6013891953512589,0,20,4,3,0,10,2,3,9,5,8,7,False,False,False,True,False,True,False,False,False,True,False,False,False,False,False,False,True,False,False,True,False,26-35,,Mid Level,Experienced Employee,0.0,Non-Travel,Sales,Marketing,Male,Sales Executive,Single,Low Risk
37,0,-0.977970414180834,19,2,61,2,0.349801425194451,3,1,2,-0.7396235878105298,-0.5742647947897093,4,21,4,1,0,8,1,3,1,0,0,0,False,True,True,False,True,False,False,False,False,True,False,False,False,False,False,True,False,False,True,False,False,36-45,,Mid Level,New Employee,0.0,Travel Rarely,Research & Development,Life Sciences,Male,Research Scientist,Married,Low Risk
46,0,1.0127486768999467,5,4,62,1,1.5799643319787637,3,2,4,-0.15530729554374717,0.8617824846813495,4,21,4,3,0,14,4,3,9,6,0,8,True,False,False,True,False,True,False,False,False,True,False,False,False,False,False,False,True,False,False,True,True,46-55,,Senior Level,Experienced Employee,0.0,Travel Frequently,Sales,Marketing,Male,Sales Executive,Single,Medium Risk
35,0,1.0573725170487065,8,1,63,4,-1.4708396768463317,4,1,4,-0.8996200125657616,-1.3240506859600067,1,19,3,4,0,1,2,3,1,0,0,1,False,True,True,False,True,False,False,False,False,True,False,True,False,False,False,False,False,False,True,False,False,26-35,,Entry Level,New Employee,0.0,Travel Rarely,Research & Development,Life Sciences,Male,Laboratory Technician,Married,Low Risk
48,1,-0.43752612793474405,1,2,64,1,1.5799643319787637,2,3,3,-0.23838644837149697,0.7000198678609162,9,13,3,4,0,23,2,3,1,0,0,0,False,True,True,False,True,False,False,False,False,True,False,True,False,False,False,False,False,False,False,True,True,46-55,,Executive Level,New Employee,0.07,Travel Rarely,Research & Development,Life Sciences,Male,Laboratory Technician,Single,Medium Risk
28,1,1.5655884742984698,5,4,65,3,-0.7819484490471167,3,1,3,-0.6505950327342455,-0.44046982414413793,1,13,3,3,0,2,3,2,2,2,2,2,False,True,True,False,False,False,False,False,True,True,False,True,False,False,False,False,False,False,False,True,True,26-35,,Entry Level,New Employee,0.07,Travel Rarely,Research & Development,Technical Degree,Male,Laboratory Technician,Single,Medium Risk
44,0,1.699459994744749,1,5,68,2,0.448214457737196,3,2,1,-0.22287550679496057,-1.448148332052485,5,21,4,3,1,9,2,2,4,3,1,3,False,True,False,True,False,True,False,False,False,False,False,False,False,False,False,False,True,False,False,False,True,36-45,,Mid Level,Junior Employee,0.0,Travel Rarely,Sales,Marketing,Female,Sales Executive,Divorced,High Risk
35,0,0.7301310226244685,11,2,70,3,0.645040522822686,2,3,1,0.7184049203838929,-0.8448060957274455,2,13,3,3,1,10,3,3,4,0,2,3,False,False,True,False,False,False,True,False,False,True,False,False,False,False,False,False,False,False,True,False,True,26-35,Low Salary,Mid Level,Junior Employee,0.0,Non-Travel,Research & Development,Medical,Male,Healthcare Representative,Married,High Risk
26,0,1.5879003943728498,23,3,72,3,-0.9295679978612341,2,2,4,-0.4984603180931486,1.0010585518134516,7,19,3,3,1,5,2,2,2,2,0,0,False,True,False,True,False,True,False,False,False,False,False,False,False,False,False,False,True,False,True,False,True,26-35,,Entry Level,New Employee,0.0,Travel Rarely,Sales,Marketing,Female,Sales Executive,Married,Medium Risk
33,0,-0.7127064755187623,1,2,73,1,1.5799643319787637,3,3,4,1.477803621678977,0.11705606719092672,1,12,3,3,0,15,1,3,15,14,8,12,True,False,True,False,True,False,False,False,False,False,False,False,False,False,True,False,False,False,False,True,True,26-35,Low Salary,Senior Level,Loyal Employee,0.0,Travel Frequently,Research & Development,Life Sciences,Female,Research Director,Single,Medium Risk
35,0,0.12523007838572572,18,5,74,2,0.251388392651706,3,3,1,0.5452348192211919,-0.4612698826058444,1,22,4,4,1,9,3,2,9,8,1,8,True,False,False,True,True,False,False,False,False,True,False,False,False,False,False,False,True,False,True,False,False,26-35,Low Salary,Mid Level,Experienced Employee,0.0,Travel Frequently,Sales,Life Sciences,Male,Sales Executive,Married,Medium Risk
35,0,0.8416906229963679,23,4,75,3,-1.7660787744745667,3,1,1,-0.5288447652910213,0.23735910802349927,3,15,3,3,1,4,3,3,2,2,2,2,False,True,True,False,False,False,True,False,False,False,False,True,False,False,False,False,False,False,True,False,True,26-35,,Entry Level,New Employee,0.0,Travel Rarely,Research & Development,Medical,Female,Laboratory Technician,Married,High Risk
31,0,-0.36563216325063114,7,4,76,4,-0.8803614815898617,3,2,4,-0.12492284834587446,-0.6725029087406067,3,22,4,4,1,10,3,2,7,7,1,7,False,True,True,False,True,False,False,False,False,True,False,True,False,False,False,False,False,False,False,False,False,26-35,,Mid Level,Experienced Employee,0.0,Travel Rarely,Research & Development,Life Sciences,Male,Laboratory Technician,Divorced,Medium Risk
37,0,0.7747548627732282,1,4,77,1,-0.7327419327757442,2,2,3,-0.10834951351067117,-1.6336623669812185,1,18,3,3,1,7,2,4,7,5,0,7,False,True,True,False,True,False,False,False,False,True,False,False,False,True,False,False,False,False,False,False,False,36-45,,Mid Level,Experienced Employee,0.0,Travel Rarely,Research & Development,Life Sciences,Male,Manufacturing Director,Divorced,Low Risk
32,0,-0.9308674718015876,1,3,78,1,-1.6184592256604493,3,2,4,-0.0724406213677307,-0.48291318668086325,1,22,4,2,1,9,3,3,9,8,7,8,False,True,True,False,False,False,True,False,False,True,False,False,False,True,False,False,False,False,True,False,True,26-35,,Mid Level,Experienced Employee,0.0,Travel Rarely,Research & Development,Medical,Male,Manufacturing Director,Married,Medium Risk
38,0,-0.3705903677116045,29,5,79,4,-0.7819484490471167,3,2,4,-0.8705104372782891,-1.2447855983086387,1,11,3,4,0,10,2,3,10,3,9,9,True,False,True,False,True,False,False,False,False,False,False,True,False,False,False,False,False,False,False,True,False,36-45,,Mid Level,Experienced Employee,0.0,Travel Frequently,Research & Development,Life Sciences,Female,Laboratory Technician,Single,Low Risk
50,0,0.46238798173191026,7,2,80,2,-1.1263940629467242,2,5,3,2.6001158601346663,0.33559722197439673,5,12,3,4,1,29,2,2,27,3,13,8,False,True,True,False,False,False,True,False,False,False,False,False,False,False,True,False,False,False,False,False,True,46-55,Low Salary,Executive Level,Veteran Employee,0.0,Travel Rarely,Research & Development,Medical,Female,Research Director,Divorced,Medium Risk
59,0,1.5680675765289565,25,3,81,1,1.6291708482501361,3,3,1,0.24096538993899816,-1.6807435803911621,7,11,3,4,0,28,3,2,21,16,7,9,False,True,False,True,True,False,False,False,False,False,False,False,False,False,False,False,True,False,False,True,False,55+,Low Salary,Executive Level,Veteran Employee,0.0,Travel Rarely,Sales,Life Sciences,Female,Sales Executive,Single,Medium Risk
36,0,1.0424979036657867,8,3,83,3,-0.3390898026047641,3,3,3,0.7634503945513685,-0.8588601892826525,1,13,3,2,3,17,2,3,17,14,12,8,False,True,True,False,False,False,False,False,True,False,False,False,False,False,False,False,False,False,False,False,False,36-45,Low Salary,Senior Level,Loyal Employee,0.0,Travel Rarely,Research & Development,Technical Degree,Female,Healthcare Representative,Divorced,Low Risk
55,0,0.08308534046745267,8,3,84,4,-1.6184592256604493,3,4,3,1.7536009116288984,0.761295715761619,2,14,3,3,3,21,2,3,5,0,0,2,False,True,True,False,False,False,True,False,False,False,False,False,True,False,False,False,False,False,False,False,True,46-55,Low Salary,Executive Level,Junior Employee,0.0,Travel Rarely,Research & Development,Medical,Female,Manager,Divorced,Medium Risk
36,0,0.9730830412121604,11,3,85,2,1.432344783164646,2,2,2,-0.0008353157335831605,1.1725184931869779,1,13,3,3,0,6,3,3,6,5,0,3,True,False,True,False,True,False,False,False,False,True,False,False,False,True,False,False,False,False,False,True,False,36-45,,Mid Level,Experienced Employee,0.0,Travel Frequently,Research & Development,Life Sciences,Male,Manufacturing Director,Single,Low Risk
45,0,1.330073762402238,7,3,86,2,-0.3390898026047641,3,3,1,0.6844083361065528,0.6287656135360162,2,17,3,3,1,25,2,3,1,0,0,0,False,True,True,False,True,False,False,False,False,True,False,False,False,False,False,True,False,False,False,False,False,36-45,Low Salary,Executive Level,New Employee,0.0,Travel Rarely,Research & Development,Life Sciences,Male,Research Scientist,Divorced,Low Risk
35,0,-0.3433202431762513,1,3,88,2,0.645040522822686,3,1,1,-0.9155559114457648,-1.1868827328611855,4,13,3,4,1,5,2,2,3,2,1,2,True,False,True,False,False,False,True,False,False,True,False,False,False,False,False,True,False,False,True,False,False,26-35,,Entry Level,Junior Employee,0.0,Travel Frequently,Research & Development,Medical,Male,Research Scientist,Married,Medium Risk
36,1,-1.2010896149246324,9,3,90,4,0.645040522822686,2,1,3,-0.6618564012761143,1.0489830108367078,0,17,3,1,1,2,0,2,1,0,0,0,False,True,True,False,False,False,True,False,False,True,False,False,False,False,False,True,False,False,True,False,True,36-45,,Entry Level,New Employee,0.07,Travel Rarely,Research & Development,Medical,Male,Research Scientist,Married,Medium Risk
59,0,1.04745610812676,1,1,91,1,-0.4375028351475091,2,2,3,-0.21883841241202642,1.4552868555177443,7,11,3,4,0,20,2,2,4,3,1,3,True,False,False,True,True,False,False,False,False,False,False,False,False,False,False,False,True,False,False,True,False,55+,,Senior Level,Junior Employee,0.0,Travel Frequently,Sales,Life Sciences,Female,Sales Executive,Single,Medium Risk
29,0,1.3028036378668848,2,3,94,3,0.4974209740085685,3,1,2,-0.8074042777134766,-1.3150560660846742,0,23,4,4,1,6,3,3,5,4,0,4,False,True,True,False,True,False,False,False,False,True,False,False,False,False,False,True,False,False,True,False,False,26-35,,Mid Level,Junior Employee,0.0,Travel Rarely,Research & Development,Life Sciences,Male,Research Scientist,Married,Low Risk
31,0,0.6929444891671688,1,4,95,3,1.038692652993666,3,1,2,-0.8503249653636185,0.6270791223093914,1,17,3,2,0,1,4,3,1,1,1,0,False,True,True,False,False,False,True,False,False,True,False,False,False,False,False,True,False,False,False,True,False,26-35,,Entry Level,New Employee,0.0,Travel Rarely,Research & Development,Medical,Male,Research Scientist,Single,Low Risk
32,0,-0.6308961019127028,1,3,96,2,0.005355811294843447,3,2,2,-0.06011685956719493,-0.9791632301152251,1,17,3,2,2,10,3,3,10,4,0,9,False,True,True,False,True,False,False,False,False,True,False,False,False,False,False,True,False,False,True,False,False,26-35,,Mid Level,Experienced Employee,0.0,Travel Rarely,Research & Development,Life Sciences,Male,Research Scientist,Married,Low Risk
36,0,-1.6622026297951495,6,3,97,2,-0.5359158676902541,4,1,4,-0.7362239293827958,1.0806047213359238,3,12,3,2,0,5,3,3,1,0,0,0,False,True,True,False,True,False,False,False,False,False,False,True,False,False,False,False,False,False,True,False,False,36-45,,Entry Level,New Employee,0.0,Travel Rarely,Research & Development,Life Sciences,Female,Laboratory Technician,Married,Low Risk
31,0,-0.14003386027634593,8,4,98,3,-0.2406767700620191,3,2,4,-0.44172851808033736,0.8950906864071904,1,23,4,4,0,11,2,3,11,7,1,8,False,True,True,False,True,False,False,False,False,False,False,False,False,True,False,False,False,False,False,True,False,26-35,,Senior Level,Loyal Employee,0.0,Travel Rarely,Research & Development,Life Sciences,Female,Manufacturing Director,Single,Low Risk
35,0,-0.06566079336174639,1,4,100,3,-1.6676657419318217,2,2,1,-0.4655261270744754,1.2231132299857235,0,14,3,2,0,16,2,3,15,13,2,8,False,True,False,True,False,True,False,False,False,True,False,False,False,False,False,False,True,False,False,True,False,26-35,,Senior Level,Loyal Employee,0.0,Travel Rarely,Sales,Marketing,Male,Sales Executive,Single,Low Risk
45,0,-1.5109773937354638,6,4,101,4,-0.6835354165043717,3,3,1,1.432545668859768,0.10595333328231313,4,14,3,2,0,17,3,4,0,0,0,0,False,True,True,False,False,False,False,True,False,True,False,False,False,False,True,False,False,False,True,False,True,36-45,Low Salary,Senior Level,,0.0,Travel Rarely,Research & Development,Other,Male,Research Director,Married,High Risk
37,0,-1.0052405387161871,7,4,102,1,-1.7660787744745667,3,3,3,1.5215742239360524,1.538206007493466,4,13,3,1,0,16,3,4,5,2,0,2,False,True,True,False,False,False,True,False,False,True,False,False,False,False,True,False,False,False,False,True,False,36-45,Low Salary,Senior Level,Junior Employee,0.0,Travel Rarely,Research & Development,Medical,Male,Research Director,Single,Low Risk
46,0,0.35330748359049763,5,2,103,2,0.6942470390940585,3,2,2,-0.31487876299551215,-0.5464376895503993,8,22,4,4,1,16,2,3,4,2,0,2,False,True,False,False,False,False,True,False,False,True,True,False,False,False,False,False,False,False,False,False,True,46-55,,Senior Level,Junior Employee,0.0,Travel Rarely,Human Resources,Medical,Male,Human Resources,Divorced,High Risk
30,0,0.12275097615523907,1,1,104,4,-0.5359158676902541,2,2,4,-0.29256850456350775,0.23679694428129097,1,12,3,3,2,10,1,2,10,8,3,0,False,True,True,False,True,False,False,False,False,True,False,True,False,False,False,False,False,False,True,False,True,26-35,,Mid Level,Experienced Employee,0.0,Travel Rarely,Research & Development,Life Sciences,Male,Laboratory Technician,Married,Medium Risk
35,0,1.0201859835914067,1,3,105,2,-1.7660787744745667,2,1,3,-0.77425760804307,1.6815577617565782,1,18,3,1,0,6,3,3,6,4,0,4,False,True,True,False,False,False,True,False,False,True,False,False,False,False,False,True,False,False,False,True,False,26-35,,Mid Level,Experienced Employee,0.0,Travel Rarely,Research & Development,Medical,Male,Research Scientist,Single,Low Risk
55,0,-1.7142637766353692,1,2,106,1,0.20218187638033347,3,3,4,0.7938348417492412,0.5310896633273271,3,14,3,4,1,24,4,3,1,0,1,0,False,True,False,True,True,False,False,False,False,True,False,False,False,False,False,False,True,False,True,False,False,46-55,Low Salary,Executive Level,New Employee,0.0,Travel Rarely,Sales,Life Sciences,Male,Sales Executive,Married,Low Risk
38,0,-0.5689185461505365,6,3,107,2,0.645040522822686,1,2,4,-0.2494353382616325,0.19730494139115912,7,12,3,4,3,17,3,3,13,11,1,9,False,False,True,False,False,False,True,False,False,False,False,False,False,False,False,True,False,False,False,False,True,36-45,,Senior Level,Loyal Employee,0.0,Non-Travel,Research & Development,Medical,Female,Research Scientist,Divorced,Medium Risk
34,0,0.868960747531721,1,2,110,1,1.3831382668932737,3,2,2,-0.4627639046019415,0.4810570902707899,1,15,3,3,0,5,2,3,5,2,1,3,False,True,True,False,False,False,True,False,False,True,False,False,False,True,False,False,False,False,True,False,False,26-35,,Entry Level,Junior Employee,0.0,Travel Rarely,Research & Development,Medical,Male,Manufacturing Director,Married,Low Risk
56,0,1.4812989984619238,7,3,112,4,-0.8311549653184892,1,3,4,0.16086093823551562,1.0378802769280941,4,11,3,1,0,37,3,2,6,4,0,2,False,True,True,False,True,False,False,False,False,True,False,False,False,True,False,False,False,False,False,True,False,55+,Low Salary,Executive Level,Experienced Employee,0.0,Travel Rarely,Research & Development,Life Sciences,Male,Manufacturing Director,Single,Medium Risk
23,0,-0.6482498175261093,2,1,113,3,-0.19147025379064658,3,1,1,-0.8883586440238926,-0.6739083180961274,3,13,3,3,1,3,3,3,0,0,0,0,False,True,False,True,False,False,False,False,True,True,False,False,False,False,False,False,False,True,False,False,False,18-25,,Entry Level,,0.0,Travel Rarely,Sales,Technical Degree,Male,Sales Representative,Divorced,Low Risk
51,0,-0.9184719606491543,9,4,116,4,1.4815512994360187,3,1,4,-0.9408408710020364,0.6200520755317879,3,23,4,2,2,10,4,3,4,2,0,3,False,True,True,False,True,False,False,False,False,True,False,True,False,False,False,False,False,False,True,False,False,46-55,,Mid Level,Junior Employee,0.0,Travel Rarely,Research & Development,Life Sciences,Male,Laboratory Technician,Married,Low Risk
30,0,-1.275462681839232,2,3,117,3,1.6291708482501361,2,2,4,-0.4995227113518155,0.2131860671085431,1,19,3,1,3,11,3,3,11,10,10,8,False,True,True,False,True,False,False,False,False,True,False,False,False,False,False,False,False,False,True,False,False,26-35,,Senior Level,Loyal Employee,0.0,Travel Rarely,Research & Development,Life Sciences,Male,Healthcare Representative,Married,Low Risk
46,1,-0.33092473202381806,9,2,118,3,-0.09305722124790157,2,3,4,0.6620980776745484,-0.10078238291478293,1,16,3,4,0,9,3,3,9,8,4,7,False,True,False,True,False,False,True,False,False,True,False,False,False,False,False,False,True,False,False,True,False,46-55,Low Salary,Mid Level,Experienced Employee,0.07,Travel Rarely,Sales,Medical,Male,Sales Executive,Single,Low Risk
40,0,-0.6755199420614625,1,4,119,3,0.5958340065513135,2,4,2,1.487365161006979,-0.027841637363258218,1,22,4,4,1,22,3,2,22,3,11,11,True,False,True,False,True,False,False,False,False,True,False,False,False,False,False,False,False,False,True,False,False,36-45,Low Salary,Executive Level,Veteran Employee,0.0,Travel Frequently,Research & Development,Life Sciences,Male,Healthcare Representative,Married,Medium Risk
51,0,-0.4226515145518241,21,4,120,3,0.251388392651706,3,2,4,-0.22563772926749445,-0.8278006425256449,0,22,4,4,0,11,2,1,10,7,1,0,False,True,False,True,False,True,False,False,False,True,False,False,False,False,False,False,True,False,False,True,True,46-55,,Senior Level,Experienced Employee,0.0,Travel Rarely,Sales,Marketing,Male,Sales Executive,Single,Medium Risk
30,0,1.3176782512498049,4,2,121,3,-0.14226373751927407,2,2,2,-0.2749327764696376,0.7655119438281811,1,12,3,2,3,11,4,2,11,8,2,7,False,True,False,True,False,False,True,False,False,False,False,False,False,False,False,False,True,False,False,False,True,26-35,,Senior Level,Loyal Employee,0.0,Travel Rarely,Sales,Medical,Female,Sales Executive,Divorced,High Risk
46,0,-0.4077769011689042,1,3,124,3,-1.2740136117608418,2,3,1,0.8860505766015262,-1.5699973231761304,2,13,3,3,1,21,5,2,10,9,9,5,True,False,True,False,False,False,True,False,False,True,False,False,False,False,False,False,False,False,True,False,True,46-55,Low Salary,Executive Level,Experienced Employee,0.0,Travel Frequently,Research & Development,Medical,Male,Healthcare Representative,Married,High Risk
32,0,0.7202146137025219,6,4,125,2,1.038692652993666,3,2,3,-0.3172160281645793,1.4037083321701342,1,16,3,1,0,12,0,3,11,8,5,7,False,True,False,True,False,False,True,False,False,True,False,False,False,False,False,False,True,False,False,True,False,26-35,,Senior Level,Loyal Employee,0.0,Travel Rarely,Sales,Medical,Male,Sales Executive,Single,Low Risk
54,0,1.0276232902828666,2,4,126,1,-0.2898832863333916,3,3,3,1.4971391789867141,1.361546051504513,9,12,3,1,1,16,5,1,4,3,0,3,False,True,True,False,False,False,False,False,True,False,False,False,False,False,True,False,False,False,True,False,False,46-55,Low Salary,Senior Level,Junior Employee,0.0,Travel Rarely,Research & Development,Technical Degree,Female,Research Director,Married,Medium Risk
24,0,1.3647811936290513,3,2,128,1,-1.6184592256604493,3,2,3,-0.3195532933336464,0.4505597072559906,0,21,4,1,1,4,2,2,3,2,0,2,False,True,False,True,False,False,False,True,False,False,False,False,False,False,False,False,True,False,True,False,False,18-25,,Entry Level,Junior Employee,0.0,Travel Rarely,Sales,Other,Female,Sales Executive,Married,Medium Risk
28,0,-1.6919518565609895,4,3,129,2,-1.1263940629467242,3,2,3,-0.48486168438221255,-0.7659626308827338,1,15,3,2,0,5,3,4,5,4,0,4,False,False,False,True,False,False,True,False,False,True,False,False,False,False,False,False,True,False,True,False,False,26-35,,Entry Level,Junior Employee,0.0,Non-Travel,Sales,Medical,Male,Sales Executive,Married,Low Risk
58,0,-0.29869640302749156,10,4,131,4,-1.4216331605749593,3,4,3,1.5657697834965945,1.418886753209758,0,13,3,3,0,38,1,2,37,10,1,8,False,True,False,True,False,False,True,False,False,True,False,False,False,False,False,False,True,False,False,True,False,55+,Low Salary,Executive Level,Veteran Employee,0.0,Travel Rarely,Sales,Medical,Male,Sales Executive,Single,Medium Risk
44,0,-0.7771631335114152,23,3,132,2,0.05456232756621595,3,2,2,-0.9478526665092378,1.507989706349771,4,12,3,3,1,17,3,4,3,2,1,2,False,False,True,False,False,False,True,False,False,True,False,True,False,False,False,False,False,False,True,False,False,36-45,,Senior Level,Junior Employee,0.0,Non-Travel,Research & Development,Medical,Male,Laboratory Technician,Married,Low Risk
37,1,0.011191375783339787,6,4,133,3,-0.14226373751927407,3,1,1,-0.9412658283055032,1.311935101254632,4,22,4,4,0,7,3,3,3,2,0,2,False,True,False,False,False,False,False,False,False,True,True,False,False,False,False,False,False,False,False,False,True,36-45,,Mid Level,Junior Employee,0.07,Travel Rarely,Human Resources,Human Resources,Male,Human Resources,Divorced,High Risk
32,0,0.060773420393072805,1,1,134,4,0.251388392651706,3,1,1,-0.7536471788249326,0.12155337712859297,1,13,3,4,0,1,2,3,1,0,0,0,False,True,True,False,True,False,False,False,False,True,False,False,False,False,False,True,False,False,False,True,False,26-35,,Entry Level,New Employee,0.0,Travel Rarely,Research & Development,Life Sciences,Male,Research Scientist,Single,Low Risk
20,1,0.16985391853448545,6,3,137,4,0.005355811294843447,2,1,4,-0.7600215383769339,0.7687443853458787,1,18,3,2,0,1,5,3,1,0,1,0,True,False,True,False,True,False,False,False,False,False,False,True,False,False,False,False,False,False,False,True,True,18-25,,Entry Level,New Employee,0.07,Travel Frequently,Research & Development,Life Sciences,Female,Laboratory Technician,Single,Medium Risk
34,0,-0.3408411409457646,6,4,138,1,-1.2248070954894692,3,2,3,-0.35992423716298777,-0.25734498511978976,1,14,3,3,0,16,3,3,16,13,2,10,False,True,True,False,False,False,False,True,False,False,False,False,False,False,False,True,False,False,False,True,False,26-35,,Senior Level,Loyal Employee,0.0,Travel Rarely,Research & Development,Other,Female,Research Scientist,Single,Low Risk
37,0,0.5888221954867294,2,2,139,3,1.6783773645215088,2,2,4,-0.28470679444937286,0.2159968858195845,5,14,3,4,1,17,2,4,1,0,0,0,False,False,True,False,True,False,False,False,False,True,False,False,False,False,False,False,False,False,False,False,False,36-45,,Senior Level,New Employee,0.0,Non-Travel,Research & Development,Life Sciences,Male,Healthcare Representative,Divorced,Low Risk
59,0,1.5308810430716568,2,4,140,3,-1.6676657419318217,2,5,4,2.6222136399149374,1.069361446491758,9,21,4,4,1,30,3,3,3,2,2,2,False,False,False,False,False,False,False,False,False,False,False,False,True,False,False,False,False,False,True,False,False,55+,Low Salary,Executive Level,Junior Employee,0.0,Non-Travel,Human Resources,Human Resources,Female,Manager,Married,Low Risk
50,0,0.7747548627732282,1,3,141,1,0.349801425194451,3,5,2,2.4794279859501094,-0.6406001163702867,3,19,3,1,0,28,1,2,8,3,0,7,True,False,True,False,True,False,False,False,False,False,False,False,False,False,True,False,False,False,True,False,True,46-55,Low Salary,Executive Level,Experienced Employee,0.0,Travel Frequently,Research & Development,Life Sciences,Female,Research Director,Married,High Risk
25,1,-1.3944595889025913,5,3,142,3,-0.9787745141326066,2,2,3,-0.16125669779228166,1.7772661388675384,1,11,3,4,0,6,1,3,6,4,0,3,False,True,False,True,False,True,False,False,False,True,False,False,False,False,False,False,True,False,False,True,True,18-25,,Mid Level,Experienced Employee,0.07,Travel Rarely,Sales,Marketing,Male,Sales Executive,Single,Medium Risk
25,0,1.1838067308035256,7,1,143,4,-0.09305722124790157,2,1,4,-0.7678832484910688,1.76855260086331,1,11,3,3,2,2,2,3,2,2,2,1,False,True,True,False,False,False,True,False,False,True,False,False,False,False,False,True,False,False,True,False,False,18-25,,Entry Level,New Employee,0.0,Travel Rarely,Research & Development,Medical,Male,Research Scientist,Married,Low Risk
22,0,-0.6656035331395159,15,3,144,2,-0.3390898026047641,3,1,4,-0.7717078642222696,1.3311892094252658,1,15,3,3,0,1,5,3,0,0,0,0,False,True,True,False,False,False,True,False,False,False,False,True,False,False,False,False,False,False,False,True,False,18-25,,Entry Level,,0.0,Travel Rarely,Research & Development,Medical,Female,Laboratory Technician,Single,Low Risk
51,0,1.6201287233691761,1,4,145,1,-1.7660787744745667,2,3,1,0.2084561562237917,1.61381703082048,3,20,4,3,0,23,1,2,13,12,12,8,True,False,True,False,False,False,True,False,False,False,False,False,False,False,False,False,False,False,False,True,False,46-55,Low Salary,Executive Level,Loyal Employee,0.0,Travel Frequently,Research & Development,Medical,Female,Healthcare Representative,Single,Medium Risk
34,1,-0.3581948565591712,7,3,147,1,0.005355811294843447,1,2,3,-0.09113874272026776,1.2049834492995064,1,24,4,4,0,9,3,3,9,7,0,6,True,False,True,False,True,False,False,False,False,True,False,True,False,False,False,False,False,False,False,True,True,26-35,,Mid Level,Experienced Employee,0.07,Travel Frequently,Research & Development,Life Sciences,Male,Laboratory Technician,Single,Medium Risk
54,0,-1.6374116074902831,26,3,148,4,-1.7660787744745667,4,4,4,2.3000960038871403,-0.06213362563796348,2,12,3,3,0,23,3,3,5,3,4,4,False,False,False,False,False,False,False,False,False,False,False,False,True,False,False,False,False,False,False,True,True,46-55,Low Salary,Executive Level,Junior Employee,0.0,Non-Travel,Human Resources,Human Resources,Female,Manager,Single,Medium Risk
24,0,0.804504089539068,18,1,150,2,-0.6835354165043717,3,1,3,-0.7923182934404069,-0.14842576006693492,0,12,3,3,1,6,2,3,5,3,1,2,False,True,True,False,True,False,False,False,False,True,False,True,False,False,False,False,False,False,True,False,False,18-25,,Mid Level,Junior Employee,0.0,Travel Rarely,Research & Development,Life Sciences,Male,Laboratory Technician,Married,Low Risk
34,0,0.5665102754123496,6,4,151,3,-1.0279810304039791,2,2,2,-0.4245177472899339,0.09653709060032438,6,15,3,3,1,12,3,3,1,0,0,0,False,True,True,False,True,False,False,False,False,False,False,False,False,False,False,True,False,False,False,False,False,26-35,,Senior Level,New Employee,0.0,Travel Rarely,Research & Development,Life Sciences,Female,Research Scientist,Divorced,Low Risk
37,0,0.9582084278292404,3,3,152,3,1.038692652993666,3,3,4,0.1965573517267227,0.02710986843760144,2,12,3,1,0,12,3,3,5,3,1,3,False,True,False,True,True,False,False,False,False,True,False,False,False,False,False,False,True,False,False,True,False,36-45,Low Salary,Senior Level,Junior Employee,0.0,Travel Rarely,Sales,Life Sciences,Male,Sales Executive,Single,Low Risk
34,0,1.367260295859538,5,3,153,3,-1.0279810304039791,2,3,1,1.0896051249621,-1.2224395895558595,2,12,3,4,0,14,6,3,11,10,5,8,False,True,True,False,False,False,True,False,False,False,False,False,True,False,False,False,False,False,False,True,False,26-35,Low Salary,Senior Level,Loyal Employee,0.0,Travel Rarely,Research & Development,Medical,Female,Manager,Single,Low Risk
36,0,1.6473988479045294,11,2,154,2,1.2847252343505287,3,3,4,0.6873830372308202,1.214118610110391,0,14,3,3,1,10,6,3,9,7,2,8,True,False,False,True,False,False,False,False,True,False,False,False,False,False,False,False,True,False,True,False,False,36-45,Low Salary,Mid Level,Experienced Employee,0.0,Travel Frequently,Sales,Technical Degree,Female,Sales Executive,Married,Low Risk
36,0,0.2962881322893046,3,2,155,1,-1.3232201280322142,3,1,4,-0.779357095684671,-1.6516516067318836,5,22,4,1,1,7,2,3,1,0,0,0,False,True,True,False,True,False,False,False,False,False,False,True,False,False,False,False,False,False,False,False,False,36-45,,Mid Level,New Employee,0.0,Travel Rarely,Research & Development,Life Sciences,Female,Laboratory Technician,Divorced,Low Risk
43,0,-1.012677845407647,26,2,158,3,1.2847252343505287,3,4,4,2.2216913813975245,0.7281280549713303,1,12,3,4,2,25,3,4,25,12,4,12,True,False,False,True,True,False,False,False,False,True,False,False,True,False,False,False,False,False,True,False,True,36-45,Low Salary,Executive Level,Veteran Employee,0.0,Travel Frequently,Sales,Life Sciences,Male,Manager,Married,Medium Risk
30,0,1.2631380021790986,23,3,159,1,1.4815512994360187,1,1,3,-0.8265273563694804,1.1238913294859614,1,25,4,3,3,10,2,2,10,7,0,9,True,False,True,False,True,False,False,False,False,True,False,False,False,False,False,True,False,False,False,False,False,26-35,,Mid Level,Experienced Employee,0.0,Travel Frequently,Research & Development,Life Sciences,Male,Research Scientist,Divorced,Medium Risk
33,0,-0.1301174513543993,22,2,160,3,1.432344783164646,3,2,2,-0.07584027979546472,0.16399673966531833,0,13,3,1,1,8,2,4,7,7,0,7,False,False,False,True,False,True,False,False,False,True,False,False,False,False,False,False,True,False,True,False,False,26-35,,Mid Level,Experienced Employee,0.0,Non-Travel,Sales,Marketing,Male,Sales Executive,Married,Low Risk
56,1,-0.8961600405747744,14,4,161,2,0.3005949089230785,3,1,2,-0.32720252479604794,-1.3777373233408976,9,18,3,1,3,7,2,3,5,4,4,3,False,True,True,False,True,False,False,False,False,False,False,False,False,False,False,True,False,False,True,False,True,55+,,Mid Level,Junior Employee,0.07,Travel Rarely,Research & Development,Life Sciences,Female,Research Scientist,Married,High Risk
51,0,-0.2937381985665183,6,3,162,1,-0.7327419327757442,3,5,3,2.769461345566167,-1.1034014171432556,7,13,3,3,0,23,5,3,20,18,15,15,False,True,True,False,True,False,False,False,False,True,False,False,False,False,True,False,False,False,False,True,False,46-55,Low Salary,Executive Level,Loyal Employee,0.0,Travel Rarely,Research & Development,Life Sciences,Male,Research Director,Single,Low Risk
31,1,-1.3721476688282115,6,4,163,2,0.4974209740085685,1,2,3,-0.07031583485039695,0.9031015197336584,4,18,3,2,0,12,3,2,7,7,7,7,False,True,False,True,True,False,False,False,False,True,False,False,False,False,False,False,True,False,True,False,True,26-35,,Senior Level,Experienced Employee,0.07,Travel Rarely,Sales,Life Sciences,Male,Sales Executive,Married,Medium Risk
26,0,0.09548085161988591,6,3,164,3,-0.9787745141326066,2,1,2,-0.8785846260441574,1.2630268556825115,1,19,3,3,0,5,3,2,5,4,4,3,False,True,True,False,False,False,False,True,False,False,False,False,False,False,False,True,False,False,True,False,False,26-35,,Entry Level,Junior Employee,0.0,Travel Rarely,Research & Development,Other,Female,Research Scientist,Married,Medium Risk
58,1,-1.6250160963378497,23,4,165,4,1.3831382668932737,3,3,4,0.8093457833257777,-1.5246026009928115,1,12,3,4,1,40,3,2,40,10,15,6,False,True,True,False,False,False,True,False,False,False,False,False,False,False,False,False,False,False,True,False,False,55+,Low Salary,Executive Level,Veteran Employee,0.07,Travel Rarely,Research & Development,Medical,Female,Healthcare Representative,Married,Medium Risk
19,1,-0.6804781465224358,22,1,167,4,-0.7819484490471167,3,1,3,-1.0258323316953866,1.7577309488258006,1,19,3,4,0,0,2,2,0,0,0,0,False,True,False,True,False,True,False,False,False,True,False,False,False,False,False,False,False,True,False,True,True,18-25,,,,0.07,Travel Rarely,Sales,Marketing,Male,Sales Representative,Single,Medium Risk
22,0,-0.5168573993103168,2,1,169,3,1.6783773645215088,3,1,4,-0.8456504350254842,0.7007225725386765,0,14,3,3,1,3,2,3,2,1,2,1,False,True,True,False,False,False,False,False,True,True,False,True,False,False,False,False,False,False,True,False,False,18-25,,Entry Level,New Employee,0.0,Travel Rarely,Research & Development,Technical Degree,Male,Laboratory Technician,Married,Low Risk
49,0,-0.8242660758906616,20,4,170,3,1.4815512994360187,3,2,1,0.013613232584286374,-1.2317152913022962,1,14,3,3,0,16,2,2,15,11,5,11,False,True,True,False,False,False,True,False,False,False,False,False,False,True,False,False,False,False,True,False,False,46-55,Low Salary,Senior Level,Loyal Employee,0.0,Travel Rarely,Research & Development,Medical,Female,Manufacturing Director,Married,Medium Risk
43,0,0.3830567103563374,28,3,171,2,0.3005949089230785,4,1,3,-0.37479774278432404,0.2497267103520815,4,12,3,4,0,18,2,3,3,2,1,2,True,False,True,False,False,False,True,False,False,False,False,False,False,False,False,True,False,False,False,True,False,36-45,,Senior Level,Junior Employee,0.0,Travel Frequently,Research & Development,Medical,Female,Research Scientist,Single,Low Risk
50,0,0.016149580244313087,12,3,174,3,0.5466274902799411,3,3,4,0.5747693518121311,-1.0776824259372266,4,11,3,4,0,16,3,3,2,2,2,1,True,False,False,True,False,True,False,False,False,False,False,False,False,False,False,False,True,False,False,True,False,46-55,Low Salary,Senior Level,New Employee,0.0,Travel Frequently,Sales,Marketing,Female,Sales Executive,Single,Low Risk
31,1,-0.6457707152956227,20,3,175,2,0.251388392651706,1,2,3,-0.41304390009633163,1.4721517677839928,3,11,3,3,1,4,2,3,2,2,2,2,False,True,False,True,True,False,False,False,False,False,False,False,False,False,False,False,True,False,True,False,True,26-35,,Entry Level,New Employee,0.07,Travel Rarely,Sales,Life Sciences,Female,Sales Executive,Married,Medium Risk
41,0,-0.0012041353690934679,9,1,176,3,1.4815512994360187,3,3,3,0.35825360569582143,0.9673287272809546,3,13,3,3,1,12,2,3,9,7,0,7,False,True,False,True,True,False,False,False,False,True,False,False,False,False,False,False,True,False,False,False,True,36-45,Low Salary,Senior Level,Experienced Employee,0.0,Travel Rarely,Sales,Life Sciences,Male,Sales Executive,Divorced,Medium Risk
26,0,1.3697393980900245,25,1,177,3,-0.2406767700620191,3,1,3,-0.7566218799491998,-0.758513961298474,1,23,4,4,1,8,3,3,8,7,5,7,False,True,False,False,True,False,False,False,False,False,True,False,False,False,False,False,False,False,True,False,False,26-35,,Mid Level,Experienced Employee,0.0,Travel Rarely,Human Resources,Life Sciences,Female,Human Resources,Married,Low Risk
36,0,-1.4539580424342708,6,2,178,2,0.8910731041795485,3,2,2,-0.3318770551341822,-1.6153920453594492,6,20,4,4,2,7,0,3,3,2,0,1,False,True,True,False,False,False,True,False,False,True,False,False,False,True,False,False,False,False,False,False,False,36-45,,Mid Level,Junior Employee,0.0,Travel Rarely,Research & Development,Medical,Male,Manufacturing Director,Divorced,Low Risk
51,1,0.861523440840261,8,4,179,1,-0.6343289002329991,1,3,4,0.8811635676116586,1.5230275864538423,2,15,3,4,0,18,2,3,4,2,0,3,True,False,True,False,True,False,False,False,False,True,False,False,False,True,False,False,False,False,False,True,False,46-55,Low Salary,Senior Level,Junior Employee,0.07,Travel Frequently,Research & Development,Life Sciences,Male,Manufacturing Director,Single,Low Risk
39,0,1.3052827400973714,4,4,182,4,-0.9295679978612341,2,2,3,-0.12768507081840835,0.03891530702397538,4,14,3,3,1,17,1,4,15,11,5,9,False,True,False,True,True,False,False,False,False,False,False,False,False,False,False,False,True,False,True,False,False,36-45,,Senior Level,Loyal Employee,0.0,Travel Rarely,Sales,Life Sciences,Female,Sales Executive,Married,Low Risk
25,0,0.3880149148173107,28,3,183,1,-1.2248070954894692,2,2,3,0.45386899897584043,1.47875719175494,2,18,3,4,0,6,3,3,2,2,2,2,False,True,False,True,True,False,False,False,False,True,False,False,False,False,False,False,True,False,True,False,False,18-25,Low Salary,Mid Level,New Employee,0.0,Travel Rarely,Sales,Life Sciences,Male,Sales Executive,Married,Low Risk
30,0,1.0846426415840595,9,3,184,3,-0.8803614815898617,3,2,4,-0.03313207079705624,-0.046533581791683626,0,19,3,4,0,12,2,1,11,9,4,7,False,True,False,False,False,False,False,False,False,True,True,False,False,False,False,False,False,False,True,False,True,26-35,,Senior Level,Loyal Employee,0.0,Travel Rarely,Human Resources,Human Resources,Male,Human Resources,Married,Medium Risk
32,1,0.5714684798733228,9,3,190,1,-1.2248070954894692,3,1,1,-0.48932373606861346,-0.5746864175963655,7,22,4,1,0,10,2,4,5,4,0,4,False,True,True,False,False,False,True,False,False,False,False,True,False,False,False,False,False,False,False,True,False,26-35,,Mid Level,Junior Employee,0.07,Travel Rarely,Research & Development,Medical,Female,Laboratory Technician,Single,Low Risk
45,0,1.2730544111010451,29,3,192,3,0.841866587908176,3,1,4,-0.6482577675651784,-0.6410217391769428,5,13,3,2,0,9,2,2,6,5,0,3,False,True,True,False,False,False,True,False,False,True,False,False,False,False,False,True,False,False,False,True,False,36-45,,Mid Level,Experienced Employee,0.0,Travel Rarely,Research & Development,Medical,Male,Research Scientist,Single,Medium Risk
38,0,-1.0870509123222465,3,5,193,4,-1.6676657419318217,3,2,3,-0.4644637338158085,-1.68805170903987,3,20,4,2,0,19,2,3,3,2,2,2,False,True,True,False,False,False,False,False,True,False,False,False,False,False,False,True,False,False,False,True,True,36-45,,Senior Level,Junior Employee,0.0,Travel Rarely,Research & Development,Technical Degree,Female,Research Scientist,Single,Medium Risk
30,0,-0.9035973472662344,18,3,194,1,0.448214457737196,3,1,3,-0.8224902619865463,1.3487568263692746,1,14,3,3,0,5,4,2,5,4,0,4,False,True,True,False,True,False,False,False,False,False,False,False,False,False,False,True,False,False,False,True,False,26-35,,Entry Level,Junior Employee,0.0,Travel Rarely,Research & Development,Life Sciences,Female,Research Scientist,Single,Medium Risk
32,0,-0.281342687414085,9,2,195,4,-1.5200461931177043,1,2,4,-0.3898837270573937,1.194442879133101,0,17,3,4,3,9,2,4,8,7,0,7,True,False,False,True,False,False,True,False,False,True,False,False,False,False,False,False,True,False,False,False,False,26-35,,Mid Level,Experienced Employee,0.0,Travel Frequently,Sales,Medical,Male,Sales Executive,Divorced,Low Risk
30,0,-1.4911445758915707,5,3,197,4,0.8910731041795485,3,1,1,-0.7009524731950555,-0.54784309890592,5,14,3,4,1,8,3,3,3,2,2,2,False,True,True,False,False,False,False,False,True,False,False,False,False,False,False,True,False,False,False,False,False,26-35,,Mid Level,Junior Employee,0.0,Travel Rarely,Research & Development,Technical Degree,Female,Research Scientist,Divorced,Low Risk
30,0,1.5482347586850633,2,1,198,2,-1.5200461931177043,2,1,4,-0.8037921406340092,-0.4428590200485231,0,13,3,4,0,6,3,3,5,3,1,2,False,True,True,False,False,False,True,False,False,True,False,True,False,False,False,False,False,False,False,True,False,26-35,,Mid Level,Junior Employee,0.0,Travel Rarely,Research & Development,Medical,Male,Laboratory Technician,Single,Low Risk
41,0,0.13514648730767234,10,3,199,4,1.235518718079156,2,4,1,2.268861642082334,-0.20028536528564903,4,13,3,2,1,21,2,2,7,6,7,7,True,False,True,False,True,False,False,False,False,True,False,False,True,False,False,False,False,False,False,False,False,36-45,Low Salary,Executive Level,Experienced Employee,0.0,Travel Frequently,Research & Development,Life Sciences,Male,Manager,Divorced,Medium Risk
41,0,0.3235582568246578,9,4,200,3,1.3831382668932737,3,1,1,-0.9062068507694963,-1.0332714903027722,2,21,4,4,1,7,2,3,5,0,1,4,False,True,True,False,True,False,False,False,False,True,False,True,False,False,False,False,False,False,True,False,False,36-45,,Mid Level,Junior Employee,0.0,Travel Rarely,Research & Development,Life Sciences,Male,Laboratory Technician,Married,Low Risk
19,0,0.9383756099853472,3,1,201,2,0.645040522822686,3,1,2,-1.0666282328281946,0.25141320157870634,1,14,3,4,0,1,3,3,1,0,0,0,False,True,True,False,False,False,True,False,False,False,False,True,False,False,False,False,False,False,False,True,False,18-25,,Entry Level,New Employee,0.0,Travel Rarely,Research & Development,Medical,Female,Laboratory Technician,Single,Low Risk
40,0,1.4689034873094906,26,3,202,2,-0.5851223839616266,3,2,2,-0.19079123038322088,-0.8164168267459271,1,11,3,1,1,20,2,3,20,7,2,13,True,False,True,False,False,False,True,False,False,False,False,False,False,False,False,True,False,False,False,False,False,36-45,,Senior Level,Loyal Employee,0.0,Travel Frequently,Research & Development,Medical,Female,Research Scientist,Divorced,Low Risk
35,0,-0.3482784476372246,1,5,204,3,1.3831382668932737,3,3,2,0.16829769104618375,-0.40392918090059954,1,13,3,1,2,10,3,3,10,8,0,6,False,True,False,True,False,True,False,False,False,True,False,False,False,False,False,False,True,False,True,False,False,26-35,Low Salary,Mid Level,Experienced Employee,0.0,Travel Rarely,Sales,Marketing,Male,Sales Executive,Married,Low Risk
53,0,1.570546678759443,6,2,205,2,-1.5692527093890767,3,2,3,-0.8917583024516267,0.24368345012334244,2,20,4,4,1,13,3,1,7,7,4,5,False,True,False,True,False,True,False,False,False,True,False,False,False,False,False,False,False,True,True,False,True,46-55,,Senior Level,Experienced Employee,0.0,Travel Rarely,Sales,Marketing,Male,Sales Representative,Married,Medium Risk
45,0,-1.5084982915049772,9,3,206,2,-0.2898832863333916,3,2,2,-0.8828341990788249,-0.47954020422761356,8,18,3,3,1,20,2,1,17,9,0,15,False,True,True,False,True,False,False,False,False,True,False,True,False,False,False,False,False,False,False,False,False,36-45,,Senior Level,Loyal Employee,0.0,Travel Rarely,Research & Development,Life Sciences,Male,Laboratory Technician,Divorced,Medium Risk
32,0,0.40784773266120394,8,3,207,2,-1.1263940629467242,3,3,4,0.5301488349481223,0.17931570164049404,1,14,3,4,0,9,2,3,9,8,3,7,True,False,False,True,False,True,False,False,False,False,False,False,False,False,False,False,True,False,False,True,False,26-35,Low Salary,Mid Level,Experienced Employee,0.0,Travel Frequently,Sales,Marketing,Female,Sales Executive,Single,Low Risk
29,0,1.7192928125886422,1,1,208,4,-1.2248070954894692,3,2,3,-0.46403877651234177,1.6822604664343386,1,13,3,1,1,10,1,3,10,7,0,9,False,False,True,False,False,False,False,False,True,True,False,False,False,True,False,False,False,False,True,False,False,26-35,,Mid Level,Experienced Employee,0.0,Non-Travel,Research & Development,Technical Degree,Male,Manufacturing Director,Married,Low Risk
51,0,0.9086263832195074,7,4,211,2,-1.5692527093890767,2,2,3,-0.07881498091973198,-0.04639304085613156,2,17,3,3,0,10,2,3,1,0,0,0,False,True,True,False,False,False,True,False,False,True,False,False,False,True,False,False,False,False,True,False,False,46-55,,Mid Level,New Employee,0.0,Travel Rarely,Research & Development,Medical,Male,Manufacturing Director,Married,Low Risk
58,0,0.8491279296878278,9,3,214,2,0.448214457737196,2,1,2,-0.6707805046489161,-0.3429344148710008,4,20,4,2,1,9,3,2,1,0,0,0,False,True,True,False,False,False,True,False,False,False,False,False,False,False,False,True,False,False,True,False,True,55+,,Mid Level,New Employee,0.0,Travel Rarely,Research & Development,Medical,Female,Research Scientist,Married,High Risk
40,0,-0.42760971901279743,4,4,215,3,0.05456232756621595,2,3,4,0.9247216912170005,-0.8096708618394277,7,11,3,1,1,15,2,2,12,11,2,11,False,True,False,True,False,True,False,False,False,True,False,False,False,False,False,False,True,False,True,False,False,36-45,Low Salary,Senior Level,Loyal Employee,0.0,Travel Rarely,Sales,Marketing,Male,Sales Executive,Married,Medium Risk
34,0,-1.2382761483819322,2,4,216,3,0.448214457737196,3,1,3,-0.9076942013316298,-0.42149679784460836,6,18,3,4,1,6,3,3,4,3,1,2,True,False,False,True,False,True,False,False,False,False,False,False,False,False,False,False,False,True,True,False,False,26-35,,Mid Level,Junior Employee,0.0,Travel Frequently,Sales,Marketing,Female,Sales Representative,Married,Low Risk
22,0,1.124308277271846,19,1,217,3,0.6942470390940585,3,1,4,-0.8881461653721593,-0.3262100435403044,1,24,4,1,2,2,6,3,2,2,2,2,False,True,True,False,False,False,True,False,False,True,False,False,False,False,False,True,False,False,True,False,False,18-25,,Entry Level,New Employee,0.0,Travel Rarely,Research & Development,Medical,Male,Research Scientist,Married,Low Risk
27,0,-0.2763844829531117,9,3,218,4,-0.4375028351475091,3,1,2,-0.9516772822404386,-1.1725475574348745,6,18,3,4,1,6,1,1,2,2,2,2,False,False,True,False,False,False,True,False,False,True,False,False,False,False,False,True,False,False,False,False,False,26-35,,Mid Level,New Employee,0.0,Non-Travel,Research & Development,Medical,Male,Research Scientist,Divorced,Medium Risk
28,0,-0.8986391428052611,21,3,221,3,-1.1756005792180968,3,1,4,-0.8052794911961428,-1.0738878206773208,1,11,3,3,1,5,2,1,5,2,0,2,False,True,True,False,False,False,True,False,False,True,False,False,False,False,False,True,False,False,True,False,False,26-35,,Entry Level,Junior Employee,0.0,Travel Rarely,Research & Development,Medical,Male,Research Scientist,Married,Medium Risk
57,0,-1.1614239792368461,24,2,223,3,0.841866587908176,4,3,4,0.6238519203625409,1.2773620311088227,3,16,3,2,1,12,2,1,5,3,1,4,False,True,True,False,True,False,False,False,False,True,False,False,False,False,False,False,False,False,False,False,True,55+,Low Salary,Senior Level,Junior Employee,0.0,Travel Rarely,Research & Development,Life Sciences,Male,Healthcare Representative,Divorced,Medium Risk
27,0,1.6052541099862563,3,3,224,3,0.645040522822686,2,1,3,-0.836513853000949,1.5477627911110068,1,15,3,4,1,1,2,2,1,1,0,1,False,False,True,False,False,False,True,False,False,True,False,False,False,False,False,True,False,False,False,False,True,26-35,,Entry Level,New Employee,0.0,Non-Travel,Research & Development,Medical,Male,Research Scientist,Divorced,Medium Risk
50,0,1.6102123144472296,11,3,226,3,-0.6343289002329991,3,5,2,2.8521155410904497,0.3850676312887256,3,15,3,2,0,21,5,3,5,4,4,4,False,True,True,False,True,False,False,False,False,False,False,False,True,False,False,False,False,False,False,True,False,46-55,Low Salary,Executive Level,Junior Employee,0.0,Travel Rarely,Research & Development,Life Sciences,Female,Manager,Single,Low Risk
41,0,-0.8366615870430948,14,3,227,1,-0.4867093514188816,3,1,3,-0.8609488979502873,-1.3638237707212426,4,12,3,1,1,13,2,3,9,8,1,8,False,True,True,False,True,False,False,False,False,True,False,False,False,False,False,True,False,False,False,False,False,36-45,,Senior Level,Experienced Employee,0.0,Travel Rarely,Research & Development,Life Sciences,Male,Research Scientist,Divorced,Low Risk
30,0,1.330073762402238,5,3,228,2,-1.2248070954894692,3,3,4,0.6196023473278733,-0.8798007886799111,2,12,3,3,1,12,2,3,10,9,7,4,False,True,False,True,True,False,False,False,False,False,False,False,False,False,False,False,True,False,True,False,False,26-35,Low Salary,Senior Level,Experienced Employee,0.0,Travel Rarely,Sales,Life Sciences,Female,Sales Executive,Married,Low Risk
38,0,-0.24911435841775856,1,4,230,1,-0.3390898026047641,2,2,4,0.4638554956073091,-0.19438264599246205,4,22,4,3,0,12,2,4,8,3,0,7,False,True,False,True,True,False,False,False,False,False,False,False,False,False,False,False,True,False,False,True,False,36-45,Low Salary,Senior Level,Experienced Employee,0.0,Travel Rarely,Sales,Life Sciences,Female,Sales Executive,Single,Low Risk
32,0,-1.6919518565609895,6,5,231,3,-1.1263940629467242,3,1,3,-0.7362239293827958,-0.2646531137684974,3,20,4,1,0,8,2,3,5,4,1,4,False,True,True,False,True,False,False,False,False,True,False,False,False,False,False,True,False,False,False,True,False,26-35,,Mid Level,Junior Employee,0.0,Travel Rarely,Research & Development,Life Sciences,Male,Research Scientist,Single,Low Risk
27,0,0.8788771564536676,17,3,233,3,-0.7327419327757442,3,1,2,-0.7319743563481284,-0.13338787996286333,0,16,3,4,1,6,3,2,5,2,1,1,False,True,True,False,False,False,False,False,True,True,False,False,False,False,False,True,False,False,True,False,True,26-35,,Mid Level,Junior Employee,0.0,Travel Rarely,Research & Development,Technical Degree,Male,Research Scientist,Married,High Risk
19,1,-0.49702458146642364,1,1,235,3,1.6783773645215088,1,1,1,-0.8877212080686926,0.938236753621676,0,21,4,1,0,1,5,4,0,0,0,0,True,False,False,True,False,False,False,False,True,False,False,False,False,False,False,False,False,True,False,True,False,18-25,,Entry Level,,0.07,Travel Frequently,Sales,Technical Degree,Female,Sales Representative,Single,Low Risk
36,0,1.6796271769008557,3,2,238,4,-1.7660787744745667,3,1,2,-0.9380786485295025,0.10525062860455277,4,12,3,3,0,13,3,2,8,7,7,2,True,False,True,False,False,False,True,False,False,True,False,True,False,False,False,False,False,False,False,True,False,36-45,,Senior Level,Experienced Employee,0.0,Travel Frequently,Research & Development,Medical,Male,Laboratory Technician,Single,Medium Risk
30,0,-1.7142637766353692,9,3,239,3,0.005355811294843447,3,2,1,-0.728999655223861,-0.46394016038133373,1,11,3,3,2,12,4,3,12,9,6,10,False,False,True,False,False,False,True,False,False,True,False,True,False,False,False,False,False,False,False,False,False,26-35,,Senior Level,Loyal Employee,0.0,Non-Travel,Research & Development,Medical,Male,Laboratory Technician,Divorced,Low Risk
45,0,1.154057504037686,4,2,240,3,-1.7660787744745667,3,2,1,-0.3180659427715128,-1.1234987709272017,4,11,3,1,1,9,3,4,5,4,0,3,False,True,False,True,True,False,False,False,False,False,False,False,False,False,False,False,True,False,False,False,True,36-45,,Mid Level,Junior Employee,0.0,Travel Rarely,Sales,Life Sciences,Female,Sales Executive,Divorced,High Risk
56,0,-0.2218442338824054,8,3,241,3,0.05456232756621595,3,1,1,-0.47721245291981107,-0.05257684202042267,4,18,3,3,1,19,3,3,2,2,2,2,False,True,True,False,True,False,False,False,False,False,False,False,False,False,False,True,False,False,False,False,True,55+,,Senior Level,New Employee,0.0,Travel Rarely,Research & Development,Life Sciences,Female,Research Scientist,Divorced,High Risk
33,0,-1.6572444253341763,2,3,242,3,1.1863122018077836,3,1,4,-0.8505374440153518,-0.5337890053507128,0,14,3,1,0,4,2,4,3,1,0,2,False,True,True,False,True,False,False,False,False,True,False,False,False,False,False,True,False,False,False,True,False,26-35,,Entry Level,Junior Employee,0.0,Travel Rarely,Research & Development,Life Sciences,Male,Research Scientist,Single,Low Risk
19,1,-1.2382761483819322,2,3,243,2,-0.9295679978612341,2,1,4,-1.1475825991386108,-0.712838157244051,1,22,4,3,0,1,3,2,1,0,1,0,False,True,True,False,True,False,False,False,False,True,False,True,False,False,False,False,False,False,False,True,False,18-25,,Entry Level,New Employee,0.07,Travel Rarely,Research & Development,Life Sciences,Male,Laboratory Technician,Single,Medium Risk
46,0,-0.6854363509834092,1,2,244,2,1.2847252343505287,3,3,1,0.8393052732201837,-1.7112409634059615,1,25,4,3,3,24,2,3,24,13,15,7,False,True,False,True,False,True,False,False,False,False,False,False,False,False,False,False,True,False,False,False,False,46-55,Low Salary,Executive Level,Veteran Employee,0.0,Travel Rarely,Sales,Marketing,Female,Sales Executive,Divorced,Low Risk
38,0,1.4317169538521908,9,2,245,3,0.448214457737196,3,1,4,-0.8955829181828274,-1.1234987709272017,1,12,3,3,0,2,3,3,2,2,2,1,False,True,True,False,True,False,False,False,False,False,False,True,False,False,False,False,False,False,False,True,False,36-45,,Entry Level,New Employee,0.0,Travel Rarely,Research & Development,Life Sciences,Female,Laboratory Technician,Single,Low Risk
31,0,-1.6423698119512564,12,1,246,3,1.432344783164646,3,1,4,-0.5469054506883583,-1.0300390487850746,8,23,4,3,1,7,0,3,4,2,0,2,False,True,True,False,False,False,True,False,False,False,False,False,False,False,False,True,False,False,True,False,True,26-35,,Mid Level,Junior Employee,0.0,Travel Rarely,Research & Development,Medical,Female,Research Scientist,Married,Medium Risk
34,0,-0.43008882124328407,27,2,247,4,1.432344783164646,3,1,2,-0.8906959091929598,-1.2089476597428608,2,15,3,4,0,9,3,3,3,2,1,2,False,True,True,False,False,False,True,False,False,False,False,False,False,False,False,True,False,False,False,True,False,26-35,,Mid Level,Junior Employee,0.0,Travel Rarely,Research & Development,Medical,Female,Research Scientist,Single,Low Risk
41,1,1.3722185003205112,20,2,248,2,0.20218187638033347,3,1,2,-0.7145511069059916,1.0420965049946562,1,22,4,4,0,4,5,2,4,3,0,2,False,True,False,True,False,True,False,False,False,False,False,False,False,False,False,False,False,True,False,True,True,36-45,,Entry Level,Junior Employee,0.07,Travel Rarely,Sales,Marketing,Female,Sales Representative,Single,High Risk
50,0,-1.176298592619766,1,3,249,3,0.9894861367222936,2,1,3,-0.597687848452635,-1.5302242384148945,2,15,3,4,1,5,2,2,3,2,0,2,False,True,True,False,False,False,True,False,False,True,False,True,False,False,False,False,False,False,True,False,False,46-55,,Entry Level,Junior Employee,0.0,Travel Rarely,Research & Development,Medical,Male,Laboratory Technician,Married,Medium Risk
53,0,0.6979026936281421,13,2,250,4,-0.4375028351475091,4,2,1,-0.4362040731352696,1.6776226155611202,1,11,3,3,2,5,3,3,4,2,1,3,False,True,True,False,False,False,True,False,False,False,False,False,False,True,False,False,False,False,False,False,False,46-55,,Entry Level,Junior Employee,0.0,Travel Rarely,Research & Development,Medical,Female,Manufacturing Director,Divorced,Low Risk
33,0,0.3186000523636845,14,3,252,4,0.3005949089230785,3,1,2,-0.7961429091716077,-1.35482915084591,1,13,3,4,1,8,5,3,8,7,1,6,False,True,True,False,False,False,True,False,False,False,False,False,False,False,False,True,False,False,True,False,False,26-35,,Mid Level,Experienced Employee,0.0,Travel Rarely,Research & Development,Medical,Female,Research Scientist,Married,Low Risk
40,0,0.46238798173191026,4,1,253,4,-0.9787745141326066,3,5,3,2.6623721050925453,-1.098201402527829,1,14,3,2,1,21,2,3,20,8,9,9,False,True,True,False,False,False,True,False,False,False,False,False,True,False,False,False,False,False,True,False,False,36-45,Low Salary,Executive Level,Loyal Employee,0.0,Travel Rarely,Research & Development,Medical,Female,Manager,Married,Low Risk
55,0,-0.27390538072262505,14,4,254,3,-0.2406767700620191,4,5,2,2.596291244403466,-0.13690140335166512,8,11,3,4,0,36,3,3,24,15,2,15,False,True,True,False,False,False,True,False,False,True,False,False,False,False,True,False,False,False,False,True,False,46-55,Low Salary,Executive Level,Veteran Employee,0.0,Travel Rarely,Research & Development,Medical,Male,Research Director,Single,Low Risk
34,0,0.6607161601708423,2,1,256,4,-1.0279810304039791,2,2,3,0.6467996147497455,-0.03360381572089312,1,17,3,3,0,10,2,2,10,9,1,9,True,False,True,False,True,False,False,False,False,True,False,False,False,True,False,False,False,False,True,False,False,26-35,Low Salary,Mid Level,Experienced Employee,0.0,Travel Frequently,Research & Development,Life Sciences,Male,Manufacturing Director,Married,Medium Risk
51,0,-1.2134851260770658,3,3,258,4,1.5799643319787637,3,4,2,1.5364477295573886,-1.000806534190244,3,18,3,3,0,21,6,3,7,7,1,0,False,True,True,False,False,False,True,False,False,False,False,False,False,False,False,False,False,False,False,True,False,46-55,Low Salary,Executive Level,Experienced Employee,0.0,Travel Rarely,Research & Development,Medical,Female,Healthcare Representative,Single,Low Risk
52,0,-0.2565516651092185,1,4,259,3,-0.043850704976529056,2,5,3,2.8676264826669864,-1.213585510616079,0,14,3,1,1,34,5,3,33,18,11,9,False,True,True,False,True,False,False,False,False,True,False,False,True,False,False,False,False,False,True,False,False,46-55,Low Salary,Executive Level,Veteran Employee,0.0,Travel Rarely,Research & Development,Life Sciences,Male,Manager,Married,Low Risk
27,0,0.2268732698356784,9,3,260,4,1.6291708482501361,3,1,2,-0.8974952260484278,-0.35586418094179134,1,16,3,4,0,7,2,2,7,7,0,3,False,True,True,False,False,False,True,False,False,False,False,False,False,False,False,True,False,False,False,True,False,26-35,,Mid Level,Experienced Employee,0.0,Travel Rarely,Research & Development,Medical,Female,Research Scientist,Single,Medium Risk
35,1,-0.6110632840688096,23,2,261,2,-0.7819484490471167,2,2,3,-0.12471036969414108,0.16638593556970355,3,13,3,1,0,8,1,3,1,0,0,1,False,True,True,False,True,False,False,False,False,True,False,False,False,True,False,False,False,False,True,False,True,26-35,,Mid Level,New Employee,0.07,Travel Rarely,Research & Development,Life Sciences,Male,Manufacturing Director,Married,Medium Risk
43,0,1.3424692735546713,7,3,262,4,-1.4216331605749593,4,1,4,-0.9378661698777692,-1.276828931614511,4,14,3,4,3,7,3,4,5,4,2,2,False,False,True,False,False,False,True,False,False,True,False,False,False,False,False,True,False,False,False,False,False,36-45,,Mid Level,Junior Employee,0.0,Non-Travel,Research & Development,Medical,Male,Research Scientist,Divorced,Low Risk
45,0,0.9730830412121604,2,2,264,1,-0.043850704976529056,2,4,4,2.186207446558051,0.8641716805857348,9,23,4,4,1,22,1,3,20,8,11,8,False,False,True,False,False,False,True,False,False,True,False,False,True,False,False,False,False,False,True,False,False,36-45,Low Salary,Executive Level,Loyal Employee,0.0,Non-Travel,Research & Development,Medical,Male,Manager,Married,Low Risk
37,0,-1.2705044773782588,21,3,267,2,-0.043850704976529056,4,1,1,-0.6244601585710403,1.2176321334991926,1,12,3,1,1,8,3,2,8,7,1,7,False,True,True,False,True,False,False,False,False,True,False,False,False,False,False,True,False,False,True,False,True,36-45,,Mid Level,Experienced Employee,0.0,Travel Rarely,Research & Development,Life Sciences,Male,Research Scientist,Married,High Risk
35,0,-1.6473280164122297,2,3,269,2,-1.4216331605749593,3,2,2,-0.44151603942860396,0.23511045305466613,5,11,3,4,0,10,5,3,6,2,1,2,True,False,True,False,False,False,True,False,False,False,False,True,False,False,False,False,False,False,False,True,False,26-35,,Mid Level,Experienced Employee,0.0,Travel Frequently,Research & Development,Medical,Female,Laboratory Technician,Single,Low Risk
42,0,0.30620454121125124,21,2,270,3,-1.4708396768463317,3,2,3,-0.26303397197256856,0.2987754968597542,2,16,3,2,1,11,5,3,5,3,0,2,False,False,True,False,False,False,True,False,False,False,False,False,False,True,False,False,False,False,False,False,False,36-45,,Senior Level,Junior Employee,0.0,Non-Travel,Research & Development,Medical,Female,Manufacturing Director,Divorced,Low Risk
38,0,1.1367037884242792,2,4,271,4,1.0878991692650386,3,2,3,0.010638531460019118,-0.9913902915082552,9,14,3,2,0,14,3,3,1,0,0,0,False,True,True,False,True,False,False,False,False,True,False,False,False,True,False,False,False,False,True,False,False,36-45,Low Salary,Senior Level,New Employee,0.0,Travel Rarely,Research & Development,Life Sciences,Male,Manufacturing Director,Married,Low Risk
38,0,0.6979026936281421,29,3,273,4,-0.5851223839616266,3,2,4,-0.05140523484612653,-1.4234131273953206,3,18,3,1,1,9,3,1,7,7,1,7,False,True,True,False,False,False,False,False,True,True,False,False,False,True,False,False,False,False,True,False,False,36-45,,Mid Level,Experienced Employee,0.0,Travel Rarely,Research & Development,Technical Degree,Male,Manufacturing Director,Married,Medium Risk
27,0,-0.8193078714296883,1,1,274,3,-0.2898832863333916,2,2,1,-0.46850082819874267,-0.651281227472244,5,19,3,3,1,6,1,3,2,2,2,0,True,False,True,False,False,False,False,False,True,True,False,False,False,True,False,False,False,False,True,False,False,26-35,,Mid Level,New Employee,0.0,Travel Frequently,Research & Development,Technical Degree,Male,Manufacturing Director,Married,Low Risk
49,0,0.4946163107282367,18,4,275,4,1.2847252343505287,3,2,4,0.06397067304509638,1.3323135369096823,1,15,3,1,2,7,0,3,7,7,1,7,False,False,True,False,True,False,False,False,False,True,False,False,False,True,False,False,False,False,False,False,True,46-55,Low Salary,Mid Level,Experienced Employee,0.0,Non-Travel,Research & Development,Life Sciences,Male,Manufacturing Director,Divorced,Medium Risk
34,0,0.187207634147892,10,4,277,4,-1.1263940629467242,3,1,3,-0.571128016985963,-1.1722664755637702,1,17,3,4,1,5,4,4,5,3,2,0,True,False,True,False,False,False,True,False,False,True,False,False,False,False,False,True,False,False,False,False,True,26-35,,Entry Level,Junior Employee,0.0,Travel Frequently,Research & Development,Medical,Male,Research Scientist,Divorced,Medium Risk
40,0,0.25414339437103156,19,2,281,3,1.6291708482501361,3,2,4,-0.7993300889476084,0.31058093544612814,8,15,3,3,1,15,2,4,7,2,3,7,False,True,True,False,False,False,True,False,False,True,False,True,False,False,False,False,False,False,True,False,True,36-45,,Senior Level,Experienced Employee,0.0,Travel Rarely,Research & Development,Medical,Male,Laboratory Technician,Married,Medium Risk
38,1,0.9358965077548606,29,1,282,2,0.20218187638033347,3,2,1,0.03613596966802418,-0.41587516042252554,7,19,3,2,0,17,2,3,1,0,0,0,False,True,True,False,False,False,True,False,False,True,False,False,False,False,False,False,False,False,True,False,True,36-45,Low Salary,Senior Level,New Employee,0.07,Travel Rarely,Research & Development,Medical,Male,Healthcare Representative,Married,High Risk
29,1,-1.6894727543305028,27,3,283,2,-1.5200461931177043,3,3,4,0.24139034724246491,1.4351895017337981,1,22,4,4,3,10,3,2,10,4,1,9,False,True,False,True,False,True,False,False,False,False,False,False,False,False,False,False,True,False,True,False,False,26-35,Low Salary,Mid Level,Experienced Employee,0.07,Travel Rarely,Sales,Marketing,Female,Sales Executive,Married,Medium Risk
22,0,0.8268160096134479,5,3,284,4,-0.2898832863333916,4,1,2,-0.8870837721134924,-0.2699936693194761,1,16,3,1,1,4,2,2,4,2,2,2,False,True,True,False,True,False,False,False,False,True,False,False,False,False,False,True,False,False,False,False,True,18-25,,Entry Level,Junior Employee,0.0,Travel Rarely,Research & Development,Life Sciences,Male,Research Scientist,Divorced,High Risk
36,0,-0.41521420786036417,18,1,286,2,0.349801425194451,3,1,4,-0.9242675361668331,-0.9289901161231358,1,13,3,1,0,8,2,3,8,1,1,7,True,False,True,False,False,False,True,False,False,False,False,True,False,False,False,False,False,False,False,True,False,36-45,,Mid Level,Experienced Employee,0.0,Travel Frequently,Research & Development,Medical,Female,Laboratory Technician,Single,Low Risk
40,0,0.8640025430707476,9,5,287,4,-0.14226373751927407,2,2,4,-0.3456881674968516,-0.009992938548145236,9,14,3,4,1,5,5,1,3,2,0,2,False,False,True,False,True,False,False,False,False,True,False,False,False,False,False,False,False,False,True,False,False,36-45,,Entry Level,Junior Employee,0.0,Non-Travel,Research & Development,Life Sciences,Male,Healthcare Representative,Married,Medium Risk
46,0,-0.3929022877859843,1,4,288,4,1.5307578157073911,3,3,1,0.6147153383380057,-0.2733666517727258,7,16,3,3,1,17,3,3,4,2,0,3,False,True,True,False,False,False,True,False,False,True,False,False,False,False,False,False,False,False,False,False,False,46-55,Low Salary,Senior Level,Junior Employee,0.0,Travel Rarely,Research & Development,Medical,Male,Healthcare Representative,Divorced,Low Risk
32,1,0.6012177066391627,4,4,291,4,-1.6676657419318217,1,3,4,0.8280439046783147,1.6160656857893132,1,11,3,3,0,14,2,2,14,8,9,8,False,True,False,True,False,False,True,False,False,True,False,False,False,False,False,False,True,False,True,False,False,26-35,Low Salary,Senior Level,Loyal Employee,0.07,Travel Rarely,Sales,Medical,Male,Sales Executive,Married,Medium Risk
30,0,0.0657316248540461,1,1,292,3,1.0878991692650386,2,3,3,0.4188100214398335,0.9292421337463435,1,22,4,3,0,12,2,3,11,8,5,8,False,False,True,False,True,False,False,False,False,True,False,False,False,True,False,False,False,False,False,True,False,26-35,Low Salary,Senior Level,Loyal Employee,0.0,Non-Travel,Research & Development,Life Sciences,Male,Manufacturing Director,Single,Low Risk
27,0,1.0896008460450328,20,3,293,4,1.1863122018077836,3,2,3,0.7390153496020304,-0.19635021909019104,1,14,3,4,0,7,2,3,7,7,0,7,True,False,False,True,True,False,False,False,False,False,False,False,False,False,False,False,True,False,False,True,False,26-35,Low Salary,Mid Level,Experienced Employee,0.0,Travel Frequently,Sales,Life Sciences,Female,Sales Executive,Single,Low Risk
51,0,1.6523570523655027,8,4,296,2,0.743453555365431,2,3,2,1.2721242868010696,0.19997521916664845,5,16,3,4,2,16,5,1,10,9,4,7,False,True,True,False,True,False,False,False,False,True,False,False,False,False,True,False,False,False,True,False,False,46-55,Low Salary,Senior Level,Experienced Employee,0.0,Travel Rarely,Research & Development,Life Sciences,Male,Research Director,Married,Medium Risk
30,1,0.5020536174196967,3,3,297,4,1.0878991692650386,3,1,1,-0.8171782956932119,-0.8091086980972194,5,11,3,3,0,8,5,3,5,2,0,4,False,True,True,False,False,False,False,False,True,False,False,False,False,False,False,True,False,False,False,True,True,26-35,,Mid Level,Junior Employee,0.07,Travel Rarely,Research & Development,Technical Degree,Female,Research Scientist,Single,High Risk
41,0,0.2318314742966517,6,3,298,4,0.448214457737196,3,3,4,1.506063282359516,0.050720745610349324,3,18,3,3,0,16,3,3,1,0,0,0,False,True,False,True,True,False,False,False,False,False,False,False,True,False,False,False,False,False,False,True,True,36-45,Low Salary,Senior Level,New Employee,0.0,Travel Rarely,Sales,Life Sciences,Female,Manager,Single,Medium Risk
30,1,-1.1614239792368461,26,4,299,3,-0.6835354165043717,2,2,1,0.04102297865789181,1.216226724143672,5,15,3,3,0,9,5,2,6,3,0,1,True,False,False,True,False,True,False,False,False,False,False,False,False,False,False,False,True,False,False,True,False,26-35,Low Salary,Mid Level,Experienced Employee,0.07,Travel Frequently,Sales,Marketing,Female,Sales Executive,Single,Medium Risk
29,1,0.4698252884233702,1,3,300,3,0.9402796204509211,3,1,3,-0.9444530080815038,0.7650903210215249,0,14,3,4,0,7,1,2,6,2,1,5,False,True,True,False,False,False,False,False,True,True,False,False,False,False,False,True,False,False,False,True,False,26-35,,Mid Level,Experienced Employee,0.07,Travel Rarely,Research & Development,Technical Degree,Male,Research Scientist,Single,Medium Risk
45,0,0.6185714222525692,6,3,302,4,-0.4375028351475091,2,3,4,0.5018891742675833,0.35513241201613455,6,12,3,4,0,23,2,3,19,7,12,8,False,False,False,True,False,False,True,False,False,False,False,False,False,False,False,False,True,False,False,True,False,36-45,Low Salary,Executive Level,Loyal Employee,0.0,Non-Travel,Sales,Medical,Female,Sales Executive,Single,Low Risk
54,0,0.8540861341488011,3,3,303,4,-0.6835354165043717,3,2,1,-0.11961088205254007,0.37916491199553864,2,14,3,4,1,16,4,3,6,2,0,5,False,True,False,True,False,True,False,False,False,False,False,False,False,False,False,False,True,False,True,False,False,46-55,,Senior Level,Experienced Employee,0.0,Travel Rarely,Sales,Marketing,Female,Sales Executive,Married,Low Risk
36,0,1.4713825895399772,5,2,304,4,-0.19147025379064658,3,2,2,-0.12513532699760785,-0.6138973386153932,8,16,3,4,0,16,3,4,13,11,3,7,False,True,True,False,True,False,False,False,False,True,False,True,False,False,False,False,False,False,False,True,False,36-45,,Senior Level,Loyal Employee,0.0,Travel Rarely,Research & Development,Life Sciences,Male,Laboratory Technician,Single,Low Risk
33,0,-1.6250160963378497,4,4,305,3,-0.9295679978612341,2,1,2,-0.82461504850388,-0.14969062848690354,6,21,4,4,0,7,3,3,3,2,1,1,False,True,True,False,False,False,True,False,False,False,False,False,False,False,False,True,False,False,True,False,False,26-35,,Mid Level,Junior Employee,0.0,Travel Rarely,Research & Development,Medical,Female,Research Scientist,Married,Low Risk
37,0,-0.34579934540673796,11,3,306,2,-0.9295679978612341,3,3,4,1.20731829802239,-0.5982972947691133,1,14,3,3,3,10,1,3,10,8,0,7,True,False,True,False,False,False,False,True,False,True,False,False,False,False,True,False,False,False,False,False,True,36-45,Low Salary,Mid Level,Experienced Employee,0.0,Travel Frequently,Research & Development,Other,Male,Research Director,Divorced,Medium Risk
38,0,-1.694430958791476,3,3,307,1,0.4974209740085685,3,3,3,0.8724519428905902,-0.6557785374099103,0,12,3,3,2,17,6,2,16,10,5,13,False,True,False,True,True,False,False,False,False,True,False,False,False,False,False,False,True,False,False,False,False,36-45,Low Salary,Senior Level,Loyal Employee,0.0,Travel Rarely,Sales,Life Sciences,Male,Sales Executive,Divorced,Medium Risk
31,0,0.43759695942704374,1,4,308,3,1.1863122018077836,1,2,3,-0.458514331567274,-1.395867104027115,0,12,3,4,1,6,2,3,5,4,1,4,False,False,True,False,False,False,True,False,False,True,False,False,False,True,False,False,False,False,True,False,False,26-35,,Mid Level,Junior Employee,0.0,Non-Travel,Research & Development,Medical,Male,Manufacturing Director,Married,Low Risk
59,0,-1.6374116074902831,3,3,309,3,0.20218187638033347,2,1,4,-0.9191680485252322,-0.8231627916524266,3,17,3,1,1,7,6,3,1,0,0,0,False,True,True,False,True,False,False,False,False,True,False,False,False,False,False,True,False,False,True,False,False,55+,,Mid Level,New Employee,0.0,Travel Rarely,Research & Development,Life Sciences,Male,Research Scientist,Married,Low Risk
37,0,-1.1986105126941458,4,4,311,1,-1.2248070954894692,3,1,4,-0.7882811990574728,-1.654743507314029,4,17,3,3,1,13,2,3,9,8,5,8,True,False,False,True,False,True,False,False,False,True,False,False,False,False,False,False,False,True,False,False,False,36-45,,Senior Level,Experienced Employee,0.0,Travel Frequently,Sales,Marketing,Male,Sales Representative,Divorced,Low Risk
29,0,1.5135273274582501,1,1,312,2,-1.1756005792180968,3,3,4,0.30067189107607667,-1.084147308972622,1,14,3,4,1,11,5,3,11,10,4,1,True,False,False,True,False,False,True,False,False,False,False,False,False,False,False,False,True,False,True,False,False,26-35,Low Salary,Senior Level,Loyal Employee,0.0,Travel Frequently,Sales,Medical,Female,Sales Executive,Married,Low Risk
35,0,0.35082838136001093,1,3,314,3,1.2847252343505287,3,3,3,0.48574079673584675,-0.7332165928991012,1,14,3,1,0,10,3,4,10,7,0,8,True,False,False,True,False,True,False,False,False,False,False,False,False,False,False,False,True,False,False,True,False,26-35,Low Salary,Mid Level,Experienced Employee,0.0,Travel Frequently,Sales,Marketing,Female,Sales Executive,Single,Low Risk
29,1,0.2318314742966517,18,1,315,3,0.9894861367222936,2,1,4,-0.8741225743577565,0.09105599411379363,1,13,3,3,0,4,3,2,4,3,0,1,False,True,True,False,False,False,True,False,False,True,False,False,False,False,False,True,False,False,False,True,True,26-35,,Entry Level,Junior Employee,0.07,Travel Rarely,Research & Development,Medical,Male,Research Scientist,Single,Medium Risk
52,0,1.2904081267144516,2,3,316,3,1.137105685536411,2,1,4,-0.6992526439811885,-1.5477918553589032,7,15,3,2,0,6,3,2,2,2,2,2,False,True,True,False,True,False,False,False,False,False,False,True,False,False,False,False,False,False,False,True,False,46-55,,Mid Level,New Employee,0.0,Travel Rarely,Research & Development,Life Sciences,Female,Laboratory Technician,Single,Medium Risk
42,0,-0.6705617376004892,4,2,319,3,-0.3882963188761366,3,5,4,2.7046553567874874,-1.3182885076023718,1,11,3,4,0,22,3,3,22,17,11,15,False,True,True,False,False,False,False,False,True,True,False,False,True,False,False,False,False,False,True,False,False,36-45,Low Salary,Executive Level,Veteran Employee,0.0,Travel Rarely,Research & Development,Technical Degree,Male,Manager,Married,Low Risk
59,0,0.03846150031869295,6,2,321,2,-0.6835354165043717,3,1,3,-0.9000449698692283,1.5942818407787422,8,17,3,4,0,7,2,2,2,2,2,2,False,True,False,False,False,False,True,False,False,True,True,False,False,False,False,False,False,False,True,False,False,55+,,Mid Level,New Employee,0.0,Travel Rarely,Human Resources,Medical,Male,Human Resources,Married,Medium Risk
50,0,0.12770918061621236,1,4,323,4,0.10376884383758846,3,5,4,2.765211772531499,1.3779893409641053,3,11,3,3,1,32,3,2,7,0,0,6,False,True,False,True,False,False,True,False,False,False,False,False,True,False,False,False,False,False,False,False,False,46-55,Low Salary,Executive Level,Experienced Employee,0.0,Travel Rarely,Sales,Medical,Female,Manager,Divorced,Medium Risk
33,1,0.02606598916625969,14,3,325,3,-0.3882963188761366,3,1,4,-0.8641360777262879,1.1012642388620781,5,13,3,3,1,8,2,1,5,4,0,4,False,True,True,False,False,False,True,False,False,True,False,True,False,False,False,False,False,False,True,False,True,26-35,,Mid Level,Junior Employee,0.07,Travel Rarely,Research & Development,Medical,Male,Laboratory Technician,Married,Medium Risk
43,0,0.5739475821038096,16,3,327,4,0.6942470390940585,3,4,4,2.0315229880961536,-0.9232279377655009,5,22,4,3,1,22,3,3,17,13,1,9,False,True,False,True,False,True,False,False,False,False,False,False,True,False,False,False,False,False,True,False,True,36-45,Low Salary,Executive Level,Loyal Employee,0.0,Travel Rarely,Sales,Marketing,Female,Manager,Married,Medium Risk
33,1,-0.8366615870430948,2,2,328,1,-1.3232201280322142,3,1,1,-0.806554363106543,1.011318040108753,7,20,4,1,0,13,3,4,9,7,1,7,False,True,True,False,True,False,False,False,False,False,False,True,False,False,False,False,False,False,True,False,False,26-35,,Senior Level,Experienced Employee,0.07,Travel Rarely,Research & Development,Life Sciences,Female,Laboratory Technician,Married,Low Risk
52,0,-0.07805630451417965,2,4,329,1,0.645040522822686,2,5,3,2.6698088579032135,0.943998931979311,1,18,3,4,0,33,2,4,33,7,15,12,False,False,False,True,True,False,False,False,False,True,False,False,True,False,False,False,False,False,False,True,True,46-55,Low Salary,Executive Level,Veteran Employee,0.0,Non-Travel,Sales,Life Sciences,Male,Manager,Single,Medium Risk
32,0,1.4837781006924105,4,2,330,3,-0.4867093514188816,3,1,2,-0.5464804933848915,0.9383772945572281,2,11,3,1,1,6,5,3,4,3,1,2,False,True,False,True,True,False,False,False,False,False,False,False,False,False,False,False,False,True,True,False,False,26-35,,Mid Level,Junior Employee,0.0,Travel Rarely,Sales,Life Sciences,Female,Sales Representative,Married,Low Risk
32,1,-0.7127064755187623,1,3,331,4,-0.19147025379064658,2,1,3,-0.5891887023832999,-0.6664596485118677,0,14,3,4,0,4,2,1,3,2,1,2,False,True,True,False,True,False,False,False,False,True,False,True,False,False,False,False,False,False,False,True,True,26-35,,Entry Level,Junior Employee,0.07,Travel Rarely,Research & Development,Life Sciences,Male,Laboratory Technician,Single,Medium Risk
39,0,1.55815116760701,1,4,332,3,1.4815512994360187,3,1,3,-0.9074817226798965,0.1551426607255379,7,14,3,3,3,7,1,3,3,2,1,2,False,True,True,False,False,False,True,False,False,False,False,True,False,False,False,False,False,False,False,False,False,36-45,,Mid Level,Junior Employee,0.0,Travel Rarely,Research & Development,Medical,Female,Laboratory Technician,Divorced,Low Risk
32,0,0.43015965273558376,26,4,333,3,1.6783773645215088,3,2,4,-0.43301689335926896,-0.31538839150279496,0,18,3,1,0,4,2,3,3,2,2,2,False,False,False,True,False,True,False,False,False,True,False,False,False,False,False,False,True,False,True,False,False,26-35,,Entry Level,Junior Employee,0.0,Non-Travel,Sales,Marketing,Male,Sales Executive,Married,Low Risk
41,0,1.5085691229972769,19,2,334,3,-1.4708396768463317,3,2,1,-0.728999655223861,0.7819552332877734,2,16,3,1,2,17,2,2,1,0,0,0,False,True,True,False,True,False,False,False,False,True,False,False,False,False,False,True,False,False,False,False,False,36-45,,Senior Level,New Employee,0.0,Travel Rarely,Research & Development,Life Sciences,Male,Research Scientist,Divorced,Medium Risk
40,0,1.2333887754132586,24,2,335,1,-0.19147025379064658,3,2,4,-0.6765174282457173,1.4242273087607367,1,17,3,1,2,9,3,3,9,8,4,7,False,True,True,False,False,False,False,False,True,True,False,False,False,False,False,True,False,False,False,False,False,36-45,,Mid Level,Experienced Employee,0.0,Travel Rarely,Research & Development,Technical Degree,Male,Research Scientist,Divorced,Low Risk
45,0,-1.3647103621367513,1,3,336,3,0.20218187638033347,4,5,4,2.6982809972354858,0.232861798085833,0,11,3,3,1,25,2,3,24,0,1,7,False,True,True,False,False,False,False,True,False,True,False,False,True,False,False,False,False,False,True,False,False,36-45,Low Salary,Executive Level,Veteran Employee,0.0,Travel Rarely,Research & Development,Other,Male,Manager,Married,Low Risk
31,0,1.3003245356363982,3,4,337,2,0.349801425194451,3,3,3,1.5239114891051195,-0.11104187121008409,9,12,3,1,1,9,3,3,2,2,2,2,True,False,True,False,False,False,True,False,False,True,False,False,False,False,True,False,False,False,False,False,False,26-35,Low Salary,Mid Level,New Employee,0.0,Travel Frequently,Research & Development,Medical,Male,Research Director,Divorced,Low Risk
33,0,0.07316893154550606,5,4,338,3,-0.14226373751927407,2,1,4,-0.7632087181529345,0.06505592103666054,1,13,3,3,1,2,2,2,2,2,0,2,False,True,True,False,True,False,False,False,False,False,False,False,False,False,False,True,False,False,True,False,False,26-35,,Entry Level,New Employee,0.0,Travel Rarely,Research & Development,Life Sciences,Female,Research Scientist,Married,Medium Risk
34,0,-0.8242660758906616,2,4,339,4,0.8910731041795485,2,2,1,-0.11599874497307269,1.317416197741163,6,13,3,2,1,13,3,3,11,9,5,9,False,True,True,False,True,False,False,False,False,True,False,False,False,True,False,False,False,False,True,False,False,26-35,,Senior Level,Loyal Employee,0.0,Travel Rarely,Research & Development,Life Sciences,Male,Manufacturing Director,Married,Low Risk
37,0,0.5318028441855365,1,2,340,3,0.841866587908176,2,1,1,-0.5488177585539586,0.6161169293363299,2,14,3,1,1,17,2,2,3,1,0,2,False,True,True,False,False,False,True,False,False,False,False,False,False,False,False,True,False,False,True,False,False,36-45,,Senior Level,Junior Employee,0.0,Travel Rarely,Research & Development,Medical,Female,Research Scientist,Married,Medium Risk
45,0,0.982999450134107,7,4,341,1,0.5466274902799411,4,2,3,-0.014646428096252568,-1.2922884345252386,4,17,3,4,1,9,1,3,3,2,0,2,True,False,True,False,True,False,False,False,False,True,False,False,False,True,False,False,False,False,True,False,False,36-45,,Mid Level,Junior Employee,0.0,Travel Frequently,Research & Development,Life Sciences,Male,Manufacturing Director,Married,Low Risk
37,1,-0.7399766000541155,10,3,342,1,-0.2406767700620191,3,3,3,0.7532514192681665,1.160853595536156,6,11,3,2,2,17,5,3,1,0,0,0,True,False,True,False,False,False,True,False,False,True,False,False,False,True,False,False,False,False,False,False,False,36-45,Low Salary,Senior Level,New Employee,0.07,Travel Frequently,Research & Development,Medical,Male,Manufacturing Director,Divorced,Low Risk
39,0,-0.7374974978236288,2,4,343,3,-0.09305722124790157,3,3,3,0.9423574193108707,-1.1093041364364427,0,25,4,4,0,20,1,3,19,6,11,8,True,False,True,False,False,False,False,False,True,False,False,False,False,False,False,False,False,False,False,True,False,36-45,Low Salary,Senior Level,Loyal Employee,0.0,Travel Frequently,Research & Development,Technical Degree,Female,Healthcare Representative,Single,Low Risk
29,0,-0.3408411409457646,15,3,346,3,-0.2898832863333916,3,1,4,-0.8845340282926919,1.1749076890913632,1,19,3,1,0,6,1,3,6,5,1,5,False,True,True,False,True,False,False,False,False,True,False,False,False,False,False,True,False,False,False,True,False,26-35,,Mid Level,Experienced Employee,0.0,Travel Rarely,Research & Development,Life Sciences,Male,Research Scientist,Single,Low Risk
42,0,0.2814135189063847,17,2,347,4,0.7926600716368035,4,2,1,0.008938702246152112,1.2231132299857235,3,13,3,3,0,10,1,3,3,2,0,2,False,True,True,False,True,False,False,False,False,False,False,False,False,False,False,True,False,False,False,True,True,36-45,Low Salary,Mid Level,Junior Employee,0.0,Travel Rarely,Research & Development,Life Sciences,Female,Research Scientist,Single,High Risk
29,0,1.1019963571974662,20,2,349,4,-1.0279810304039791,3,2,4,0.09095546181523506,-0.5032916223359135,2,14,3,4,1,10,2,3,3,2,0,2,False,True,False,True,False,True,False,False,False,True,False,False,False,False,False,False,True,False,False,False,False,26-35,Low Salary,Mid Level,Junior Employee,0.0,Travel Rarely,Sales,Marketing,Male,Sales Executive,Divorced,Low Risk
25,0,-0.29125909633603164,1,3,350,1,-0.19147025379064658,3,2,3,-0.34101363715871735,-0.9568172213624458,0,12,3,4,2,5,3,3,4,2,1,2,False,True,True,False,True,False,False,False,False,False,False,False,False,True,False,False,False,False,True,False,False,18-25,,Entry Level,Junior Employee,0.0,Travel Rarely,Research & Development,Life Sciences,Female,Manufacturing Director,Married,Low Risk
42,0,-1.3225656242184785,2,3,351,4,-0.4867093514188816,2,1,1,-0.8307769294041479,-0.8862656717153062,0,11,3,3,1,10,4,3,9,6,7,8,False,True,True,False,False,False,True,False,False,False,False,True,False,False,False,False,False,False,False,False,True,36-45,,Mid Level,Experienced Employee,0.0,Travel Rarely,Research & Development,Medical,Female,Laboratory Technician,Divorced,High Risk
40,0,1.5209646341497103,2,2,352,1,-0.8311549653184892,3,5,3,2.7480010017410956,-1.1754989170814678,0,19,3,4,1,22,5,3,21,7,3,9,False,True,True,False,False,False,True,False,False,True,False,False,False,False,True,False,False,False,False,False,False,36-45,Low Salary,Executive Level,Veteran Employee,0.0,Travel Rarely,Research & Development,Medical,Male,Research Director,Divorced,Low Risk
51,0,0.0756480337759927,1,3,353,3,1.4815512994360187,3,1,4,-0.8031547046788091,1.2533295311294186,1,11,3,2,0,1,0,2,1,0,0,0,False,True,True,False,True,False,False,False,False,True,False,False,False,False,False,True,False,False,True,False,False,46-55,,Entry Level,New Employee,0.0,Travel Rarely,Research & Development,Life Sciences,Male,Research Scientist,Married,Medium Risk
31,1,-1.2283597394599857,29,2,355,3,0.251388392651706,2,1,2,-0.6425208439683772,-0.37399396162800846,0,11,3,2,0,6,2,4,5,4,1,4,True,False,True,False,False,False,True,False,False,True,False,True,False,False,False,False,False,False,False,True,False,26-35,,Mid Level,Junior Employee,0.07,Travel Frequently,Research & Development,Medical,Male,Laboratory Technician,Single,Low Risk
32,0,1.260658899948612,7,3,359,2,1.6783773645215088,4,1,2,-0.7880687204057394,1.651200919677331,1,20,4,3,0,5,3,1,5,1,0,3,True,False,True,False,True,False,False,False,False,True,False,True,False,False,False,False,False,False,True,False,False,26-35,,Entry Level,Junior Employee,0.0,Travel Frequently,Research & Development,Life Sciences,Male,Laboratory Technician,Married,Medium Risk
38,0,1.3003245356363982,2,2,361,4,-1.3232201280322142,2,2,4,-0.26643363040030255,0.7545497508551195,3,18,3,4,1,13,0,3,8,7,7,5,False,False,False,True,True,False,False,False,False,True,False,False,False,False,False,False,True,False,True,False,False,36-45,,Senior Level,Experienced Employee,0.0,Non-Travel,Sales,Life Sciences,Male,Sales Executive,Married,Low Risk
32,0,-1.672119038717096,2,1,362,4,0.8910731041795485,2,2,1,-0.9193805271769655,0.7622795023104835,4,13,3,4,0,9,5,3,6,2,0,4,False,True,True,False,False,False,False,False,True,True,False,True,False,False,False,False,False,False,False,True,False,26-35,,Mid Level,Experienced Employee,0.0,Travel Rarely,Research & Development,Technical Degree,Male,Laboratory Technician,Single,Low Risk
46,0,-0.7796422357419018,2,3,363,3,0.448214457737196,1,4,2,2.203205738696721,0.09330464908262676,3,12,3,2,1,28,2,2,7,7,7,7,False,True,False,True,False,False,False,False,True,False,False,False,True,False,False,False,False,False,True,False,True,46-55,Low Salary,Executive Level,Experienced Employee,0.0,Travel Rarely,Sales,Technical Degree,Female,Manager,Married,High Risk
28,1,-0.6779990442919491,2,4,364,1,0.645040522822686,3,1,3,-0.641245972057977,0.08740192978943978,2,11,3,3,0,5,5,1,0,0,0,0,False,True,True,False,True,False,False,False,False,True,False,True,False,False,False,False,False,False,False,True,False,26-35,,Entry Level,,0.07,Travel Rarely,Research & Development,Life Sciences,Male,Laboratory Technician,Single,Medium Risk
29,0,1.01026957466946,2,3,366,1,0.5958340065513135,2,2,2,0.02997408876775629,-1.493402513300252,2,19,3,2,2,10,2,3,0,0,0,0,False,True,False,True,False,False,True,False,False,True,False,False,False,False,False,False,True,False,True,False,False,26-35,Low Salary,Mid Level,,0.0,Travel Rarely,Sales,Medical,Male,Sales Executive,Married,Low Risk
31,0,1.6374824389825828,23,3,367,2,-0.09305722124790157,2,2,4,-0.1956782393730885,0.013336856753498508,0,21,4,2,1,10,2,3,9,0,7,8,False,True,True,False,False,False,True,False,False,True,False,False,False,False,False,False,False,False,True,False,False,26-35,,Mid Level,Experienced Employee,0.0,Travel Rarely,Research & Development,Medical,Male,Healthcare Representative,Married,Low Risk
25,0,-0.3160501186408981,5,2,369,2,0.9402796204509211,4,2,1,-0.5318194664152885,0.5721276165085317,1,12,3,4,2,6,2,3,6,3,1,5,False,False,True,False,True,False,False,False,False,True,False,False,False,False,False,False,False,False,False,False,False,18-25,,Mid Level,Experienced Employee,0.0,Non-Travel,Research & Development,Life Sciences,Male,Healthcare Representative,Divorced,Low Risk
45,0,1.444112465004624,20,2,372,3,0.645040522822686,3,4,4,1.4858778104448453,-0.957379385104654,0,14,3,2,0,21,2,3,20,7,4,10,False,True,True,False,False,False,True,False,False,True,False,False,False,False,False,False,False,False,True,False,True,36-45,Low Salary,Executive Level,Loyal Employee,0.0,Travel Rarely,Research & Development,Medical,Male,Healthcare Representative,Married,Medium Risk
36,0,1.4887363051533837,6,3,373,4,-0.9295679978612341,3,1,4,-0.6996776012846552,0.8345175431842479,0,11,3,3,1,16,4,3,15,13,10,11,False,True,True,False,True,False,False,False,False,True,False,True,False,False,False,False,False,False,True,False,False,36-45,,Senior Level,Loyal Employee,0.0,Travel Rarely,Research & Development,Life Sciences,Male,Laboratory Technician,Married,Low Risk
55,0,-0.8688899160394212,1,3,374,4,0.743453555365431,3,5,1,2.664921848913346,0.649987294804379,0,14,3,3,0,37,2,3,36,10,4,13,False,True,True,False,False,False,True,False,False,True,False,False,True,False,False,False,False,False,False,True,True,46-55,Low Salary,Executive Level,Veteran Employee,0.0,Travel Rarely,Research & Development,Medical,Male,Manager,Single,High Risk
47,1,-0.338362038715278,29,4,376,1,1.0878991692650386,3,3,2,1.1359254710399758,-0.5685026164320743,1,12,3,4,1,10,2,2,10,7,9,9,False,False,True,False,True,False,False,False,False,True,False,False,True,False,False,False,False,False,True,False,True,46-55,Low Salary,Mid Level,Experienced Employee,0.07,Non-Travel,Research & Development,Life Sciences,Male,Manager,Married,High Risk
28,0,0.8813562586841542,9,3,377,4,1.3831382668932737,3,1,4,-0.9419032642607033,-1.6443434780831758,1,23,4,4,1,5,3,2,5,2,0,4,False,True,True,False,False,False,True,False,False,True,False,False,False,False,False,True,False,False,True,False,False,26-35,,Entry Level,Junior Employee,0.0,Travel Rarely,Research & Development,Medical,Male,Research Scientist,Married,Medium Risk
37,0,-1.4242088156684312,6,4,378,3,1.5799643319787637,3,2,4,-0.00019787977838303393,1.196269911295278,4,14,3,2,1,7,5,4,5,4,0,1,False,True,False,True,False,False,True,False,False,True,False,False,False,False,False,False,True,False,True,False,False,36-45,,Mid Level,Junior Employee,0.0,Travel Rarely,Sales,Medical,Male,Sales Executive,Married,Low Risk
21,0,0.4797416973453168,3,2,379,4,1.6783773645215088,2,1,3,-0.6954280282499877,-0.5315403503818797,1,17,3,1,0,3,4,4,3,2,1,0,False,True,True,False,False,False,True,False,False,True,False,False,False,False,False,True,False,False,False,True,False,18-25,,Entry Level,Junior Employee,0.0,Travel Rarely,Research & Development,Medical,Male,Research Scientist,Single,Low Risk
37,0,-0.18465770042510563,1,4,380,1,0.6942470390940585,3,3,4,1.5086130261803166,-0.3704804382392067,2,18,3,1,2,15,2,3,5,2,0,2,False,False,True,False,False,False,True,False,False,False,False,False,False,False,True,False,False,False,False,False,True,36-45,Low Salary,Senior Level,Junior Employee,0.0,Non-Travel,Research & Development,Medical,Female,Research Director,Divorced,Medium Risk
35,0,1.2705753088705585,22,3,381,2,0.251388392651706,4,3,2,1.167159832844782,0.6727549263638144,7,18,3,2,1,10,6,2,7,7,6,2,False,True,True,False,True,False,False,False,False,False,False,False,True,False,False,False,False,False,False,False,False,26-35,Low Salary,Mid Level,Experienced Employee,0.0,Travel Rarely,Research & Development,Life Sciences,Female,Manager,Divorced,Medium Risk
38,0,-1.1911732060026858,7,2,382,1,-1.0771875466753518,4,2,1,-0.19079123038322088,0.6855441514990529,1,24,4,3,1,8,3,3,8,0,7,7,False,True,False,True,False,False,True,False,False,False,False,False,False,False,False,False,True,False,False,False,True,36-45,,Mid Level,Experienced Employee,0.0,Travel Rarely,Sales,Medical,Female,Sales Executive,Divorced,High Risk
26,0,1.677148074670369,1,3,384,3,0.8910731041795485,3,2,2,-0.02250813821038746,1.7502822792415407,1,20,4,1,1,6,6,1,6,5,1,4,True,False,True,False,True,False,False,False,False,False,False,False,False,True,False,False,False,False,False,False,False,26-35,,Mid Level,Experienced Employee,0.0,Travel Frequently,Research & Development,Life Sciences,Female,Manufacturing Director,Divorced,Medium Risk
50,0,-0.013599646521526723,4,1,385,1,1.4815512994360187,3,5,2,2.6859572354349504,0.21107795307526203,3,14,3,1,2,28,4,2,10,4,1,6,False,True,True,False,True,False,False,False,False,True,False,False,False,False,True,False,False,False,False,False,False,46-55,Low Salary,Executive Level,Experienced Employee,0.0,Travel Rarely,Research & Development,Life Sciences,Male,Research Director,Divorced,Medium Risk
53,0,0.663195262401329,3,4,386,3,-1.0279810304039791,3,4,3,2.3544905387308845,0.942031358881582,3,16,3,4,3,21,5,2,5,3,1,3,False,True,True,False,False,False,True,False,False,True,False,False,False,False,True,False,False,False,True,False,True,46-55,Low Salary,Executive Level,Junior Employee,0.0,Travel Rarely,Research & Development,Medical,Male,Research Director,Married,Medium Risk
42,0,-0.41521420786036417,1,1,387,2,1.6291708482501361,3,2,3,-0.339101329293117,1.4361732882826628,1,25,4,3,0,20,3,3,20,16,11,6,False,True,False,True,True,False,False,False,False,True,False,False,False,False,False,False,True,False,True,False,False,36-45,,Senior Level,Loyal Employee,0.0,Travel Rarely,Sales,Life Sciences,Male,Sales Executive,Married,Low Risk
29,0,-0.8936809383442877,2,2,388,2,-1.0771875466753518,3,2,4,-0.41410629335499854,0.8357824116042165,1,18,3,1,0,10,3,2,10,7,0,9,True,False,False,True,True,False,False,False,False,True,False,False,False,False,False,False,True,False,False,True,False,26-35,,Mid Level,Experienced Employee,0.0,Travel Frequently,Sales,Life Sciences,Male,Sales Executive,Single,Medium Risk
55,0,-1.6250160963378497,20,2,389,2,-1.4216331605749593,3,2,4,-0.23116217421256222,0.23314287995693714,3,19,3,4,1,12,4,3,10,7,0,8,False,True,True,False,False,False,False,False,True,True,False,True,False,False,False,False,False,False,True,False,True,46-55,,Senior Level,Experienced Employee,0.0,Travel Rarely,Research & Development,Technical Degree,Male,Laboratory Technician,Married,Medium Risk
26,0,-0.7598094178980086,11,2,390,1,-0.2898832863333916,3,2,1,-0.3743727854808573,1.1817941949334145,1,13,3,3,1,5,3,3,5,3,3,3,True,False,True,False,False,False,True,False,False,True,False,False,False,False,False,False,False,False,True,False,True,26-35,,Entry Level,Junior Employee,0.0,Travel Frequently,Research & Development,Medical,Male,Healthcare Representative,Married,High Risk
37,0,1.4118841360082974,1,3,391,4,-1.1756005792180968,3,1,4,-0.9323417249327014,0.22035365482169872,1,12,3,2,0,17,3,3,17,12,5,7,False,True,True,False,True,False,False,False,False,False,False,False,False,False,False,True,False,False,False,True,False,36-45,,Senior Level,Loyal Employee,0.0,Travel Rarely,Research & Development,Life Sciences,Female,Research Scientist,Single,Low Risk
44,1,0.29132992782833134,24,3,392,4,-1.1263940629467242,3,1,3,-0.7100890552195906,0.7879984935165124,3,22,4,4,1,19,0,1,1,0,0,0,True,False,True,False,True,False,False,False,False,True,False,True,False,False,False,False,False,False,False,False,True,36-45,,Senior Level,New Employee,0.07,Travel Frequently,Research & Development,Life Sciences,Male,Laboratory Technician,Divorced,Medium Risk
38,0,-0.28382178964457166,23,4,393,4,0.7926600716368035,3,2,4,-0.16104421914054828,0.6445061983178482,9,14,3,2,1,10,2,3,2,2,1,2,False,True,True,False,True,False,False,False,False,True,False,False,False,False,False,False,False,False,False,False,False,36-45,,Mid Level,New Employee,0.0,Travel Rarely,Research & Development,Life Sciences,Male,Healthcare Representative,Divorced,Low Risk
26,1,1.6027750077557696,16,4,394,1,-1.0279810304039791,3,1,2,-0.8775222327854906,-0.018706476552373622,2,13,3,4,1,5,2,3,3,2,0,2,False,True,True,False,False,False,True,False,False,True,False,True,False,False,False,False,False,False,False,False,True,26-35,,Entry Level,Junior Employee,0.07,Travel Rarely,Research & Development,Medical,Male,Laboratory Technician,Divorced,High Risk
28,0,0.7797130672342015,8,2,395,4,0.005355811294843447,3,1,4,-0.6784297361113176,-1.3808292239230433,1,21,4,4,0,5,3,3,5,3,0,2,False,True,True,False,True,False,False,False,False,False,False,False,False,False,False,True,False,False,False,True,False,26-35,,Entry Level,Junior Employee,0.0,Travel Rarely,Research & Development,Life Sciences,Female,Research Scientist,Single,Low Risk
49,0,-0.41273510562987753,10,4,396,3,-1.5200461931177043,3,5,1,2.584179961254663,1.5854277618389618,9,11,3,4,0,22,4,3,3,2,1,2,True,False,True,False,True,False,False,False,False,False,False,False,False,False,True,False,False,False,False,True,True,46-55,Low Salary,Executive Level,Junior Employee,0.0,Travel Frequently,Research & Development,Life Sciences,Female,Research Director,Single,High Risk
36,0,-0.7350183955931421,3,3,397,3,-1.7660787744745667,3,2,2,-0.42876732032460146,1.6825415483054427,4,12,3,4,0,10,2,3,8,0,7,7,False,True,True,False,False,False,False,False,True,True,False,False,False,False,False,True,False,False,False,True,False,36-45,,Mid Level,Experienced Employee,0.0,Travel Rarely,Research & Development,Technical Degree,Male,Research Scientist,Single,Low Risk
31,0,-0.8887227338833145,5,3,399,4,0.8910731041795485,3,1,2,-0.7891311136644064,-1.4622024256076922,1,11,3,3,1,2,5,2,2,2,2,2,True,False,False,True,False,True,False,False,False,False,False,False,False,False,False,False,False,True,False,False,False,26-35,,Entry Level,New Employee,0.0,Travel Frequently,Sales,Marketing,Female,Sales Representative,Divorced,Medium Risk
26,1,0.3657029947429309,4,4,401,4,-0.8803614815898617,2,2,4,-0.14340849104667813,-0.824006037265739,1,12,3,2,0,8,0,3,8,7,7,4,False,True,False,True,False,True,False,False,False,True,False,False,False,False,False,False,True,False,False,True,True,26-35,,Mid Level,Experienced Employee,0.07,Travel Rarely,Sales,Marketing,Male,Sales Executive,Single,Medium Risk
37,0,0.21447775868324515,9,3,403,2,-0.6343289002329991,3,1,4,-0.8875087294169591,-0.4078643270960575,1,12,3,3,3,4,3,2,4,2,1,2,True,False,True,False,False,False,True,False,False,True,False,False,False,False,False,True,False,False,True,False,True,36-45,,Entry Level,Junior Employee,0.0,Travel Frequently,Research & Development,Medical,Male,Research Scientist,Married,Medium Risk
42,0,-0.6135423862992962,26,3,404,3,0.5466274902799411,3,4,2,1.4920396913451133,0.07742352336524276,5,14,3,4,1,23,2,4,20,4,4,8,True,False,False,True,False,True,False,False,False,False,False,False,False,False,False,False,True,False,True,False,False,36-45,Low Salary,Executive Level,Loyal Employee,0.0,Travel Frequently,Sales,Marketing,Female,Sales Executive,Married,Low Risk
18,1,-1.4192506112074579,3,3,405,3,-0.5851223839616266,3,1,3,-1.0800143878873973,1.5346924841046643,1,13,3,3,0,0,2,3,0,0,0,0,False,True,True,False,True,False,False,False,False,True,False,True,False,False,False,False,False,False,False,True,False,,,,,0.07,Travel Rarely,Research & Development,Life Sciences,Male,Laboratory Technician,Single,Low Risk
35,0,1.0648098237401664,16,3,406,3,1.4815512994360187,3,3,2,0.32234471355288097,-1.2948181713651759,0,15,3,3,2,12,3,2,11,9,6,9,False,True,False,True,False,True,False,False,False,True,False,False,False,False,False,False,True,False,True,False,False,26-35,Low Salary,Senior Level,Loyal Employee,0.0,Travel Rarely,Sales,Marketing,Male,Sales Executive,Married,Medium Risk
36,0,-0.5862722617639431,18,4,407,3,0.743453555365431,4,1,4,-0.5981128057561017,-1.010644399678889,4,18,3,4,2,4,2,3,1,0,0,0,True,False,True,False,True,False,False,False,False,True,False,True,False,False,False,False,False,False,True,False,False,36-45,,Entry Level,New Employee,0.0,Travel Frequently,Research & Development,Life Sciences,Male,Laboratory Technician,Married,Low Risk
51,0,1.238346979874232,2,3,408,4,0.8910731041795485,1,2,2,-0.21692610454642605,0.28219166646460986,5,18,3,4,1,13,3,3,4,1,1,2,False,True,True,False,False,False,True,False,False,True,False,False,False,True,False,False,False,False,False,False,False,46-55,,Senior Level,Junior Employee,0.0,Travel Rarely,Research & Development,Medical,Male,Manufacturing Director,Divorced,Low Risk
41,0,-1.1614239792368461,2,4,410,4,1.0878991692650386,3,4,2,2.0211115341612182,0.22246176885497976,1,19,3,2,0,22,2,3,22,10,0,4,False,True,False,True,True,False,False,False,False,True,False,False,True,False,False,False,False,False,False,True,False,36-45,Low Salary,Executive Level,Veteran Employee,0.0,Travel Rarely,Sales,Life Sciences,Male,Manager,Single,Low Risk
18,0,0.02358688693577304,10,3,411,4,0.15297536010896096,2,1,3,-1.12675969126874,-0.6449568853724008,1,12,3,1,0,0,2,3,0,0,0,0,False,True,False,True,False,False,True,False,False,False,False,False,False,False,False,False,False,True,False,True,False,,,,,0.0,Travel Rarely,Sales,Medical,Female,Sales Representative,Single,Low Risk
28,0,1.6697107679789092,16,2,412,2,0.10376884383758846,4,2,1,-0.17889242588615184,-1.3336074695775475,0,19,3,3,0,9,2,3,8,3,0,7,False,True,True,False,False,False,True,False,False,True,False,False,False,False,False,False,False,False,False,True,False,26-35,,Mid Level,Experienced Employee,0.0,Travel Rarely,Research & Development,Medical,Male,Healthcare Representative,Single,Low Risk
31,0,-1.4489998379732976,7,3,416,2,1.6783773645215088,4,2,4,0.0905305045117683,-0.29121535058783876,4,11,3,2,1,10,3,2,8,7,7,7,False,True,False,True,False,False,False,False,True,True,False,False,False,False,False,False,True,False,True,False,False,26-35,Low Salary,Mid Level,Experienced Employee,0.0,Travel Rarely,Sales,Technical Degree,Male,Sales Executive,Married,Medium Risk
39,0,0.8168996006915014,1,3,417,3,-0.8803614815898617,4,3,4,0.6608232057641482,-0.4737780258699787,0,17,3,1,3,19,5,2,18,10,3,7,False,True,True,False,False,False,True,False,False,True,False,False,False,False,False,False,False,False,False,False,False,36-45,Low Salary,Senior Level,Loyal Employee,0.0,Travel Rarely,Research & Development,Medical,Male,Healthcare Representative,Divorced,Medium Risk
36,0,0.7499638404683617,24,4,419,2,-0.9295679978612341,3,2,2,-0.17613020341361796,-1.0380498821115427,7,15,3,3,1,11,3,3,9,8,0,8,False,False,True,False,True,False,False,False,False,False,False,True,False,False,False,False,False,False,True,False,False,36-45,,Senior Level,Experienced Employee,0.0,Non-Travel,Research & Development,Life Sciences,Female,Laboratory Technician,Married,Low Risk
32,0,0.2566224966015182,7,3,420,4,1.235518718079156,2,2,3,-0.2165011472429593,0.3755108476711848,1,14,3,3,1,13,3,2,13,8,4,8,False,True,False,True,True,False,False,False,False,True,False,False,False,False,False,False,True,False,True,False,False,26-35,,Senior Level,Loyal Employee,0.0,Travel Rarely,Sales,Life Sciences,Male,Sales Executive,Married,Medium Risk
38,0,0.11531366946377912,25,2,421,1,0.743453555365431,2,3,2,1.1809709452074515,1.7418498231084165,3,17,3,3,1,19,2,3,10,8,0,1,False,True,True,False,True,False,False,False,False,False,False,False,False,False,True,False,False,False,True,False,False,36-45,Low Salary,Senior Level,Experienced Employee,0.0,Travel Rarely,Research & Development,Life Sciences,Female,Research Director,Married,Low Risk
58,0,-1.0225942543295936,1,4,422,4,-1.6676657419318217,1,2,3,-0.17910490453788522,0.3854892540953818,2,13,3,4,1,12,2,3,5,3,1,2,False,False,True,False,True,False,False,False,False,True,False,False,False,False,False,False,False,False,False,False,True,55+,,Senior Level,Junior Employee,0.0,Non-Travel,Research & Development,Life Sciences,Male,Healthcare Representative,Divorced,Medium Risk
31,0,-0.2763844829531117,5,4,423,3,0.9894861367222936,3,1,4,-0.3573744933421873,-0.5953459351225199,0,12,3,3,1,6,4,3,5,2,0,3,False,True,True,False,False,False,False,False,True,True,False,False,False,False,False,True,False,False,True,False,True,26-35,,Mid Level,Junior Employee,0.0,Travel Rarely,Research & Development,Technical Degree,Male,Research Scientist,Married,Medium Risk
31,0,-1.7266592877878024,2,3,424,1,-0.19147025379064658,2,2,1,-0.01974591573785358,0.493143610728268,3,12,3,4,0,9,1,3,2,2,1,0,False,True,False,False,False,False,False,False,False,True,True,False,False,False,False,False,False,False,True,False,False,26-35,,Mid Level,New Employee,0.0,Travel Rarely,Human Resources,Human Resources,Male,Human Resources,Married,Low Risk
45,0,1.1069545616584395,7,3,425,1,1.5307578157073911,3,3,1,-0.2747202978179042,0.8425283765107159,1,18,3,1,1,24,2,3,24,9,9,11,True,False,True,False,True,False,False,False,False,True,False,True,False,False,False,False,False,False,False,False,False,36-45,,Executive Level,Veteran Employee,0.0,Travel Frequently,Research & Development,Life Sciences,Male,Laboratory Technician,Divorced,Low Risk
31,0,-1.5134564959659504,2,4,426,3,-1.6676657419318217,3,1,4,-0.8091041069273436,-0.9228063149588447,0,18,3,2,1,3,2,1,2,2,2,2,False,True,True,False,True,False,False,False,False,True,False,False,False,False,False,True,False,False,False,False,True,26-35,,Entry Level,New Employee,0.0,Travel Rarely,Research & Development,Life Sciences,Male,Research Scientist,Divorced,Medium Risk
33,0,-0.6185005907602695,5,4,428,4,0.3990079414658235,3,3,2,1.1420873519402437,1.272021475557844,6,11,3,2,2,12,2,3,10,6,8,8,True,False,True,False,True,False,False,False,False,False,False,False,True,False,False,False,False,False,True,False,False,26-35,Low Salary,Senior Level,Experienced Employee,0.0,Travel Frequently,Research & Development,Life Sciences,Female,Manager,Married,Low Risk
39,0,-1.6993891632524494,10,1,429,3,1.6291708482501361,3,4,1,2.2448515544364627,-1.258980232799398,1,14,3,4,0,21,3,3,21,9,11,10,False,True,True,False,False,False,True,False,False,True,False,False,True,False,False,False,False,False,True,False,True,36-45,Low Salary,Executive Level,Veteran Employee,0.0,Travel Rarely,Research & Development,Medical,Male,Manager,Married,High Risk
43,0,-1.5308102115793571,10,4,430,3,-1.6184592256604493,3,1,4,-0.8600989833433538,-0.5113024556623815,0,19,3,1,0,9,5,3,8,7,1,7,True,False,True,False,True,False,False,False,False,False,False,True,False,False,False,False,False,False,False,True,False,36-45,,Mid Level,Experienced Employee,0.0,Travel Frequently,Research & Development,Life Sciences,Female,Laboratory Technician,Single,Low Risk
49,0,0.7152564092415487,1,2,431,3,1.1863122018077836,2,4,3,1.585317819456065,0.49145711950164317,7,12,3,4,0,25,2,3,7,1,0,7,False,True,True,False,False,False,False,False,True,False,False,False,False,False,False,False,False,False,False,True,True,46-55,Low Salary,Executive Level,Experienced Employee,0.0,Travel Rarely,Research & Development,Technical Degree,Female,Healthcare Representative,Single,Medium Risk
52,1,-0.19705321157753888,8,4,433,3,0.9402796204509211,2,2,2,-0.3318770551341822,0.4826030405618627,2,15,3,1,0,11,3,2,8,2,7,7,False,True,True,False,False,False,True,False,False,True,False,False,False,False,False,True,False,False,True,False,False,46-55,,Senior Level,Experienced Employee,0.07,Travel Rarely,Research & Development,Medical,Male,Research Scientist,Married,Medium Risk
27,0,1.0350605969743265,5,3,434,3,0.9402796204509211,3,1,2,-0.8552119743534861,0.9310691659085204,1,12,3,2,0,4,2,2,4,3,1,2,False,True,True,False,True,False,False,False,False,False,False,False,False,False,False,True,False,False,False,True,True,26-35,,Entry Level,Junior Employee,0.0,Travel Rarely,Research & Development,Life Sciences,Female,Research Scientist,Single,High Risk
32,0,-0.5317320126932368,8,2,436,3,-0.043850704976529056,2,2,2,-0.27089568208670345,1.449103054353453,1,11,3,4,0,13,2,3,13,12,11,9,False,True,False,True,False,False,False,False,True,False,False,False,False,False,False,False,True,False,True,False,True,26-35,,Senior Level,Loyal Employee,0.0,Travel Rarely,Sales,Technical Degree,Female,Sales Executive,Married,High Risk
27,0,1.4242796471607309,2,3,437,4,0.3990079414658235,3,2,3,-0.4302546708867351,-1.2748613585167818,1,11,3,1,0,5,3,3,5,4,0,4,False,True,False,True,True,False,False,False,False,True,False,False,False,False,False,False,True,False,False,True,True,26-35,,Entry Level,Junior Employee,0.0,Travel Rarely,Sales,Life Sciences,Male,Sales Executive,Single,Medium Risk
31,0,-0.2763844829531117,7,3,438,4,0.349801425194451,3,2,4,0.22184231128299436,-1.0076930400322954,4,12,3,4,3,13,3,3,7,7,1,7,False,True,False,True,False,True,False,False,False,True,False,False,False,False,False,False,True,False,False,False,False,26-35,Low Salary,Senior Level,Experienced Employee,0.0,Travel Rarely,Sales,Marketing,Male,Sales Executive,Divorced,Low Risk
32,0,0.5342819464160231,2,4,439,1,0.3990079414658235,4,2,4,-0.3076544888365774,-0.5278862860575259,7,16,3,3,0,10,0,2,7,7,0,7,False,True,True,False,False,False,True,False,False,False,False,False,False,False,False,True,False,False,False,True,False,26-35,,Mid Level,Experienced Employee,0.0,Travel Rarely,Research & Development,Medical,Female,Research Scientist,Single,Medium Risk
28,1,0.8788771564536676,2,4,440,1,0.8910731041795485,1,1,4,-0.6457080237443779,1.4649841800708372,5,13,3,4,0,5,4,2,3,2,2,2,False,True,True,False,False,False,True,False,False,True,False,False,False,False,False,True,False,False,True,False,True,26-35,,Entry Level,Junior Employee,0.07,Travel Rarely,Research & Development,Medical,Male,Research Scientist,Married,Medium Risk
30,0,1.1714112196510924,28,2,441,4,-0.09305722124790157,3,2,4,-0.15466985958854704,-0.3343614178023245,1,13,3,4,2,11,2,3,10,8,1,9,False,True,True,False,False,False,True,False,False,False,False,False,False,False,False,True,False,False,True,False,False,26-35,,Senior Level,Experienced Employee,0.0,Travel Rarely,Research & Development,Medical,Female,Research Scientist,Married,Low Risk
31,0,-0.011120544291040072,7,2,442,3,-0.8803614815898617,2,3,3,0.5184625091027866,-0.03922545314297595,1,24,4,1,1,10,2,3,10,9,8,9,True,False,True,False,True,False,False,False,False,False,False,False,False,True,False,False,False,False,True,False,False,26-35,Low Salary,Mid Level,Experienced Employee,0.0,Travel Frequently,Research & Development,Life Sciences,Female,Manufacturing Director,Married,Low Risk
39,0,-0.3234874253323581,7,2,444,3,-0.5851223839616266,2,5,4,2.7131545028568222,0.9595989758255908,1,15,3,1,1,21,2,3,21,9,13,3,True,False,True,False,False,False,True,False,False,True,False,False,True,False,False,False,False,False,True,False,False,36-45,Low Salary,Executive Level,Veteran Employee,0.0,Travel Frequently,Research & Development,Medical,Male,Manager,Married,Low Risk
39,1,0.8912726676061008,3,2,445,4,-1.2248070954894692,3,2,3,-0.26877089556936967,0.4869598095639769,4,18,3,1,0,12,3,2,1,0,0,0,False,True,False,True,False,False,True,False,False,False,False,False,False,False,False,False,True,False,True,False,True,36-45,,Senior Level,New Employee,0.07,Travel Rarely,Sales,Medical,Female,Sales Executive,Married,Medium Risk
33,0,-0.7300601911321688,10,3,446,2,-0.9787745141326066,2,2,4,-0.3869090259331265,-1.4048617239024472,3,14,3,3,0,9,6,2,7,7,0,1,True,False,False,True,False,True,False,False,False,True,False,False,False,False,False,False,True,False,False,True,False,26-35,,Mid Level,Experienced Employee,0.0,Travel Frequently,Sales,Marketing,Male,Sales Executive,Single,Medium Risk
47,0,1.6845853813618292,5,5,447,4,-1.1756005792180968,3,5,3,2.5066252533719813,0.2897808769844217,4,11,3,2,1,21,2,3,3,2,1,1,False,True,True,False,True,False,False,False,False,True,False,False,False,False,True,False,False,False,True,False,False,46-55,Low Salary,Executive Level,Junior Employee,0.0,Travel Rarely,Research & Development,Life Sciences,Male,Research Director,Married,Low Risk
43,0,-0.6036259773773496,10,4,448,3,0.7926600716368035,2,2,3,-0.2647338011864355,-1.1364285369979923,1,11,3,2,1,9,3,4,9,7,0,0,True,False,True,False,True,False,False,False,False,False,False,True,False,False,False,False,False,False,False,False,False,36-45,,Mid Level,Experienced Employee,0.0,Travel Frequently,Research & Development,Life Sciences,Female,Laboratory Technician,Divorced,Low Risk
27,0,-1.4688326558171907,1,1,449,3,0.349801425194451,3,2,2,-0.032707113493589485,1.095361519568891,0,13,3,4,1,6,0,3,5,4,1,4,False,False,False,True,False,True,False,False,False,True,False,False,False,False,False,False,True,False,True,False,True,26-35,,Mid Level,Junior Employee,0.0,Non-Travel,Sales,Marketing,Male,Sales Executive,Married,High Risk
54,0,0.3111627456722245,20,4,450,4,-1.7168722582031943,3,2,3,-0.3471755180589852,0.3614567541159777,3,12,3,4,0,20,4,2,4,3,0,3,True,False,True,False,True,False,False,False,False,False,False,False,False,False,False,True,False,False,False,True,False,46-55,,Senior Level,Junior Employee,0.0,Travel Frequently,Research & Development,Life Sciences,Female,Research Scientist,Single,Medium Risk
43,0,0.49213720849775006,7,3,451,3,-1.1263940629467242,3,3,1,0.7398652642089639,-0.7098867975974575,8,16,3,1,1,10,1,2,1,0,0,0,False,True,True,False,True,False,False,False,False,False,False,False,False,False,False,False,False,False,True,False,False,36-45,Low Salary,Mid Level,New Employee,0.0,Travel Rarely,Research & Development,Life Sciences,Female,Healthcare Representative,Married,Medium Risk
45,0,-0.6284169996822161,8,4,452,4,0.448214457737196,3,2,4,-0.5962004978905013,-0.7076381426286243,9,14,3,1,2,12,3,3,10,9,9,8,False,True,True,False,False,False,False,True,False,True,False,False,False,False,False,True,False,False,True,False,False,36-45,,Senior Level,Experienced Employee,0.0,Travel Rarely,Research & Development,Other,Male,Research Scientist,Married,Low Risk
40,0,0.7970667828476081,1,2,453,2,-0.4375028351475091,1,2,4,0.20271923262699057,-0.14617710509810178,2,22,4,3,3,6,2,2,4,3,0,2,False,True,False,True,False,False,True,False,False,True,False,False,False,False,False,False,True,False,True,False,True,36-45,Low Salary,Mid Level,Junior Employee,0.0,Travel Rarely,Sales,Medical,Male,Sales Executive,Married,Medium Risk
29,1,-1.2010896149246324,8,4,454,2,0.5466274902799411,1,1,1,-0.9314918103257679,-1.342742630388432,1,11,3,4,0,7,4,2,7,7,0,7,False,True,True,False,False,False,False,True,False,True,False,True,False,False,False,False,False,False,True,False,True,26-35,,Mid Level,Experienced Employee,0.07,Travel Rarely,Research & Development,Other,Male,Laboratory Technician,Married,High Risk
29,0,-0.15986667812023914,9,5,455,2,-1.7660787744745667,2,1,4,-0.5354316034947559,-0.9405144728384056,0,17,3,3,0,4,2,3,3,2,2,2,False,True,True,False,False,False,False,True,False,True,False,True,False,False,False,False,False,False,False,True,False,26-35,,Entry Level,Junior Employee,0.0,Travel Rarely,Research & Development,Other,Male,Laboratory Technician,Single,Low Risk
30,0,-0.5763558528419964,5,3,456,4,-1.7660787744745667,2,2,3,-0.08178968204399924,-1.2482991216974406,1,13,3,3,3,10,2,3,10,9,1,2,False,True,False,True,False,True,False,False,False,False,False,False,False,False,False,False,True,False,False,False,False,26-35,,Mid Level,Experienced Employee,0.0,Travel Rarely,Sales,Marketing,Female,Sales Executive,Divorced,Low Risk
27,0,0.811941396230528,8,4,458,2,-0.4867093514188816,3,2,2,-0.061391731477595184,-1.5316296477704152,1,18,3,1,1,8,3,3,8,7,0,7,False,True,False,True,False,True,False,False,False,False,False,False,False,False,False,False,True,False,True,False,False,26-35,,Mid Level,Experienced Employee,0.0,Travel Rarely,Sales,Marketing,Female,Sales Executive,Married,Low Risk
37,0,0.9656457345207003,5,2,460,4,-0.2406767700620191,3,2,4,-0.03313207079705624,1.2457403206096067,7,16,3,3,2,8,2,2,6,2,0,4,False,True,True,False,False,False,True,False,False,True,False,False,False,True,False,False,False,False,False,False,False,36-45,,Mid Level,Experienced Employee,0.0,Travel Rarely,Research & Development,Medical,Male,Manufacturing Director,Divorced,Medium Risk
38,0,-1.1391120591624662,15,2,461,3,1.2847252343505287,2,3,4,1.0638952081023616,0.19238600864683664,0,14,3,2,1,12,3,3,11,10,2,9,False,True,True,False,True,False,False,False,False,True,False,False,False,False,True,False,False,False,False,False,True,36-45,Low Salary,Senior Level,Loyal Employee,0.0,Travel Rarely,Research & Development,Life Sciences,Male,Research Director,Divorced,Medium Risk
31,0,1.0648098237401664,7,4,462,3,-1.3232201280322142,3,3,4,0.13600093598271068,1.6021521331696582,1,14,3,3,0,11,2,2,11,9,4,10,False,True,True,False,False,False,True,False,False,False,False,False,False,True,False,False,False,False,False,True,True,26-35,Low Salary,Senior Level,Loyal Employee,0.0,Travel Rarely,Research & Development,Medical,Female,Manufacturing Director,Single,Medium Risk
29,0,-1.6324534030293096,10,1,463,4,-1.3232201280322142,2,2,2,0.3750394191827581,-0.3439182014198653,1,14,3,1,2,7,2,3,7,7,1,7,False,True,False,True,False,True,False,False,False,False,False,False,False,False,False,False,True,False,False,False,True,26-35,Low Salary,Mid Level,Experienced Employee,0.0,Travel Rarely,Sales,Marketing,Female,Sales Executive,Divorced,High Risk
35,0,1.223472366491312,5,4,464,3,-0.19147025379064658,3,3,2,0.33828061243288415,0.5552627042422833,0,13,3,4,0,17,5,3,16,6,0,13,False,True,True,False,False,False,False,False,True,True,False,False,False,True,False,False,False,False,False,True,False,26-35,Low Salary,Senior Level,Loyal Employee,0.0,Travel Rarely,Research & Development,Technical Degree,Male,Manufacturing Director,Single,Low Risk
23,0,1.2557006954876386,26,1,465,3,0.841866587908176,3,1,4,-0.7646960687150681,0.25000779222318564,1,12,3,3,2,4,2,2,4,2,0,2,False,True,True,False,True,False,False,False,False,True,False,False,False,False,False,True,False,False,False,False,False,18-25,,Entry Level,Junior Employee,0.0,Travel Rarely,Research & Development,Life Sciences,Male,Research Scientist,Divorced,Medium Risk
41,0,-0.7920377468943351,6,3,466,4,1.432344783164646,2,2,2,-0.10006284609306952,-0.5907080842493015,6,15,3,4,0,8,3,3,5,4,1,2,False,True,True,False,False,False,True,False,False,True,False,False,False,True,False,False,False,False,False,True,True,36-45,,Mid Level,Junior Employee,0.0,Travel Rarely,Research & Development,Medical,Male,Manufacturing Director,Single,High Risk
47,0,1.2557006954876386,4,1,467,2,1.6291708482501361,3,2,3,-0.749397605790265,1.6074926887206369,3,19,3,1,0,5,3,3,0,0,0,0,True,False,False,True,False,False,True,False,False,True,False,False,False,False,False,False,False,True,False,True,False,46-55,,Entry Level,,0.0,Travel Frequently,Sales,Medical,Male,Sales Representative,Single,Low Risk
42,0,0.01862868247479974,23,5,468,1,-1.0771875466753518,3,4,4,2.0162245251713506,0.22316447353274013,2,14,3,2,0,16,2,3,1,0,0,0,False,True,True,False,True,False,False,False,False,False,False,False,False,False,True,False,False,False,False,True,False,36-45,Low Salary,Senior Level,New Employee,0.0,Travel Rarely,Research & Development,Life Sciences,Female,Research Director,Single,Low Risk
29,0,-0.14003386027634593,2,3,469,4,-0.2406767700620191,3,2,3,-0.39392082144032786,0.3675000143447168,1,14,3,1,1,4,3,2,4,3,0,2,False,False,False,True,True,False,False,False,False,True,False,False,False,False,False,False,True,False,True,False,False,26-35,,Entry Level,Junior Employee,0.0,Non-Travel,Sales,Life Sciences,Male,Sales Executive,Married,Medium Risk
42,0,-0.6408125108346494,2,1,470,3,-0.6835354165043717,3,1,3,-0.8088916282756102,1.3637947064733462,0,11,3,3,1,4,5,3,3,2,1,0,False,True,False,False,False,False,False,False,True,True,True,False,False,False,False,False,False,False,False,False,True,36-45,,Entry Level,Junior Employee,0.0,Travel Rarely,Human Resources,Technical Degree,Male,Human Resources,Divorced,Medium Risk
32,0,0.6433624445574357,2,3,471,3,0.448214457737196,3,1,2,-0.8781596687406906,-1.4555970016367448,1,13,3,3,1,8,4,3,8,0,0,7,False,True,True,False,False,False,True,False,False,False,False,True,False,False,False,False,False,False,True,False,False,26-35,,Mid Level,Experienced Employee,0.0,Travel Rarely,Research & Development,Medical,Female,Laboratory Technician,Married,Low Risk
48,0,-0.6755199420614625,29,1,473,1,1.235518718079156,3,3,3,1.2750989879253367,1.3583136099868154,3,21,4,2,1,15,3,1,0,0,0,0,False,True,False,True,False,False,True,False,False,False,False,False,True,False,False,False,False,False,True,False,False,46-55,Low Salary,Senior Level,,0.0,Travel Rarely,Sales,Medical,Female,Manager,Married,Medium Risk
37,0,1.280491717792505,6,3,474,3,-0.7327419327757442,4,2,1,-0.1123866078936053,0.37775950264001795,4,13,3,1,2,13,2,3,7,7,6,7,False,True,True,False,False,False,True,False,False,True,False,False,False,False,False,True,False,False,False,False,True,36-45,,Senior Level,Experienced Employee,0.0,Travel Rarely,Research & Development,Medical,Male,Research Scientist,Divorced,High Risk
30,0,-0.40033959447744427,25,2,475,4,0.9402796204509211,3,2,3,-0.3754351787395242,-1.1586340048152193,7,12,3,2,1,4,2,4,2,2,2,2,False,False,False,True,False,False,False,False,True,False,False,False,False,False,False,False,True,False,True,False,True,26-35,,Entry Level,New Employee,0.0,Non-Travel,Sales,Technical Degree,Female,Sales Executive,Married,Medium Risk
26,0,0.3235582568246578,1,3,476,3,-0.4375028351475091,3,2,3,-0.2564471337688339,0.8211661543068011,1,17,3,2,1,8,3,3,8,7,7,7,False,True,False,True,True,False,False,False,False,True,False,False,False,False,False,False,True,False,True,False,False,26-35,,Mid Level,Experienced Employee,0.0,Travel Rarely,Sales,Life Sciences,Male,Sales Executive,Married,Low Risk
42,0,1.3127200467888316,2,4,477,1,1.5799643319787637,2,2,4,0.05908366405522873,0.3885811546775274,3,23,4,2,0,14,6,3,1,0,0,0,False,True,True,False,False,False,False,True,False,True,False,False,False,False,False,False,False,False,False,True,False,36-45,Low Salary,Senior Level,New Employee,0.0,Travel Rarely,Research & Development,Other,Male,Healthcare Representative,Single,Low Risk
21,1,-0.11524283797147941,1,1,478,1,1.6291708482501361,2,1,2,-0.9198054844804322,-0.7256273823792895,1,11,3,3,0,3,3,3,3,2,1,2,True,False,False,True,False,False,False,False,True,False,False,False,False,False,False,False,False,True,False,True,True,18-25,,Entry Level,Junior Employee,0.07,Travel Frequently,Sales,Technical Degree,Female,Sales Representative,Single,High Risk
36,0,0.10539726054183252,1,5,479,4,-1.0279810304039791,3,2,4,0.03188639663335667,0.1353263888126959,4,15,3,2,0,7,6,3,1,0,0,0,False,False,False,True,False,False,True,False,False,False,False,False,False,False,False,False,True,False,False,True,False,36-45,Low Salary,Mid Level,New Employee,0.0,Non-Travel,Sales,Medical,Female,Sales Executive,Single,Low Risk
36,0,-0.6482498175261093,3,4,481,1,-0.8803614815898617,2,3,4,0.6790963698132185,-0.9932173236704321,4,11,3,1,1,16,2,3,13,9,1,12,True,False,False,True,False,False,True,False,False,True,False,False,False,False,False,False,True,False,True,False,False,36-45,Low Salary,Senior Level,Loyal Employee,0.0,Travel Frequently,Sales,Medical,Male,Sales Executive,Married,Low Risk
57,0,-0.5193365015408035,1,4,482,4,1.0878991692650386,3,2,3,0.05355921911016097,-1.5945919868977427,2,11,3,3,0,15,2,3,3,2,1,2,False,True,True,False,False,False,True,False,False,True,False,False,False,False,False,False,False,False,True,False,False,55+,Low Salary,Senior Level,Junior Employee,0.0,Travel Rarely,Research & Development,Medical,Male,Healthcare Representative,Married,Low Risk
40,0,0.9135845876804807,10,4,483,4,-0.9787745141326066,4,1,3,-0.9115188170628306,1.1498914025630946,3,13,3,3,1,10,3,3,7,7,1,7,False,True,True,False,True,False,False,False,False,False,False,True,False,False,False,False,False,False,True,False,True,36-45,,Mid Level,Experienced Employee,0.0,Travel Rarely,Research & Development,Life Sciences,Female,Laboratory Technician,Married,Medium Risk
21,0,0.22935237206616507,9,2,484,1,-1.3232201280322142,3,1,4,-0.8271647923246805,-1.610894735421783,1,24,4,3,0,3,3,2,3,2,2,2,False,False,False,True,False,False,True,False,False,True,False,False,False,False,False,False,False,True,False,True,False,18-25,,Entry Level,Junior Employee,0.0,Non-Travel,Sales,Medical,Male,Sales Representative,Single,Medium Risk
33,1,-1.1217583435490597,5,3,485,4,-1.5692527093890767,3,1,3,-0.775957437256937,-0.7256273823792895,1,13,3,2,0,1,2,3,1,0,0,0,False,True,False,True,False,True,False,False,False,False,False,False,False,False,False,False,False,True,False,True,True,26-35,,Entry Level,New Employee,0.07,Travel Rarely,Sales,Marketing,Female,Sales Representative,Single,Medium Risk
37,0,0.293809030058818,10,3,486,3,1.5799643319787637,3,1,1,-0.6482577675651784,0.47079760197548876,6,20,4,2,1,17,3,3,5,4,0,3,False,True,True,False,False,False,True,False,False,False,False,True,False,False,False,False,False,False,True,False,False,36-45,,Senior Level,Junior Employee,0.0,Travel Rarely,Research & Development,Medical,Female,Laboratory Technician,Married,Low Risk
46,0,0.8466488274573412,7,4,487,3,-1.7660787744745667,3,2,3,-0.2645213225347022,0.24326182731668625,2,14,3,3,0,7,2,4,1,0,0,0,False,False,True,False,False,False,True,False,False,False,False,False,False,True,False,False,False,False,True,False,False,46-55,,Mid Level,New Employee,0.0,Non-Travel,Research & Development,Medical,Female,Manufacturing Director,Married,Low Risk
41,1,-1.6349325052597965,4,3,488,1,-0.4867093514188816,3,2,2,0.6060037136169373,-0.6682866806740446,1,18,3,3,0,8,5,3,8,7,7,7,True,False,False,True,False,True,False,False,False,True,False,False,False,False,False,False,True,False,False,True,False,36-45,Low Salary,Mid Level,Experienced Employee,0.07,Travel Frequently,Sales,Marketing,Male,Sales Executive,Single,Low Risk
50,0,0.6036968088696494,10,3,491,4,1.6783773645215088,2,3,4,0.8484418552447187,-1.6243866652347818,6,15,3,4,0,20,2,3,4,3,1,3,False,True,True,False,False,False,False,False,True,True,False,False,False,False,False,False,False,False,False,True,False,46-55,Low Salary,Senior Level,Junior Employee,0.0,Travel Rarely,Research & Development,Technical Degree,Male,Healthcare Representative,Single,Low Risk
40,1,-0.5639603416895632,22,2,492,3,0.10376884383758846,2,2,3,-0.026120275289854847,-1.1528718264575846,2,12,3,1,2,8,6,3,6,4,1,0,False,True,False,True,False,True,False,False,False,True,False,False,False,False,False,False,True,False,True,False,True,36-45,,Mid Level,Experienced Employee,0.07,Travel Rarely,Sales,Marketing,Male,Sales Executive,Married,Medium Risk
31,0,-0.977970414180834,9,4,493,3,-1.1756005792180968,2,1,2,-0.8171782956932119,-0.9503523383270506,0,16,3,4,0,3,5,3,2,2,2,2,False,True,True,False,True,False,False,False,False,True,False,False,False,False,False,True,False,False,False,True,True,26-35,,Entry Level,New Employee,0.0,Travel Rarely,Research & Development,Life Sciences,Male,Research Scientist,Single,High Risk
21,1,-1.60270417626347,12,3,494,3,1.1863122018077836,4,1,2,-0.8046420552409427,1.5612547209240055,1,15,3,4,0,1,0,3,1,0,0,0,False,True,False,True,True,False,False,False,False,False,False,False,False,False,False,False,False,True,False,True,False,18-25,,Entry Level,New Employee,0.07,Travel Rarely,Sales,Life Sciences,Female,Sales Representative,Single,Low Risk
29,0,1.1912440374949855,23,3,495,4,-0.5851223839616266,3,1,4,-0.9140685608836311,0.5417707744292845,9,16,3,4,0,6,4,3,3,2,1,2,False,True,True,False,True,False,False,False,False,True,False,False,False,False,False,True,False,False,False,True,False,26-35,,Mid Level,Junior Employee,0.0,Travel Rarely,Research & Development,Life Sciences,Male,Research Scientist,Single,Low Risk
35,0,-0.11772194020196607,9,4,496,3,1.5307578157073911,2,2,2,0.007876308987485236,0.7140739614161232,9,19,3,3,0,10,5,3,1,1,0,0,False,True,True,False,True,False,False,False,False,True,False,False,False,False,False,False,False,False,False,True,False,26-35,Low Salary,Mid Level,New Employee,0.0,Travel Rarely,Research & Development,Life Sciences,Male,Healthcare Representative,Single,Low Risk
27,0,1.6523570523655027,1,2,497,4,0.7926600716368035,3,1,2,-0.5709155383342297,0.5014355259258402,1,11,3,2,1,5,2,3,5,2,0,4,False,True,True,False,False,False,True,False,False,True,False,True,False,False,False,False,False,False,False,False,False,26-35,,Entry Level,Junior Employee,0.0,Travel Rarely,Research & Development,Medical,Male,Laboratory Technician,Divorced,Low Risk
28,0,-1.2357970461514456,9,4,498,2,1.2847252343505287,3,2,4,-0.26558371579336904,0.9046474700247311,1,16,3,4,0,7,1,3,7,5,0,7,False,True,False,True,True,False,False,False,False,True,False,False,False,False,False,False,True,False,False,True,False,26-35,,Mid Level,Experienced Employee,0.0,Travel Rarely,Sales,Life Sciences,Male,Sales Executive,Single,Low Risk
49,0,1.1367037884242792,7,3,499,2,-1.7168722582031943,2,3,3,0.9480943429076719,-0.31581001430945116,8,24,4,3,0,26,2,3,5,2,0,0,False,True,True,False,False,False,False,True,False,True,False,False,False,False,False,False,False,False,False,True,False,46-55,Low Salary,Executive Level,Junior Employee,0.0,Travel Rarely,Research & Development,Other,Male,Healthcare Representative,Single,Low Risk
51,0,0.9309383032938873,14,2,500,3,1.038692652993666,3,2,4,-0.3329394483928491,0.07714244149413862,4,11,3,3,1,18,2,2,7,7,0,7,False,True,False,True,True,False,False,False,False,False,False,False,False,False,False,False,True,False,True,False,False,46-55,,Senior Level,Experienced Employee,0.0,Travel Rarely,Sales,Life Sciences,Female,Sales Executive,Married,Medium Risk
36,0,-1.1738194903892794,2,3,501,4,1.4815512994360187,3,1,3,-0.8414008619908167,-0.3436371195487612,4,13,3,2,1,6,3,3,2,2,2,2,False,True,True,False,True,False,False,False,False,False,False,False,False,False,False,True,False,False,True,False,False,36-45,,Mid Level,New Employee,0.0,Travel Rarely,Research & Development,Life Sciences,Female,Research Scientist,Married,Low Risk
34,1,1.387093113703431,19,3,502,1,0.05456232756621595,4,2,4,-0.2547473045549669,-1.3577805104925036,8,13,3,2,0,9,3,2,5,2,0,4,False,False,False,True,False,True,False,False,False,True,False,False,False,False,False,False,True,False,False,True,True,26-35,,Mid Level,Junior Employee,0.07,Non-Travel,Sales,Marketing,Male,Sales Executive,Single,Medium Risk
55,0,1.260658899948612,2,3,505,3,1.5307578157073911,3,4,4,2.157947785877512,1.2571241363893246,2,13,3,3,0,30,2,3,5,4,1,2,False,True,True,False,True,False,False,False,False,False,False,False,True,False,False,False,False,False,False,True,True,46-55,Low Salary,Executive Level,Junior Employee,0.0,Travel Rarely,Research & Development,Life Sciences,Female,Manager,Single,Medium Risk
24,0,1.4094050337778108,10,4,507,4,0.5466274902799411,3,2,3,-0.4765750169646109,-1.1802773088902383,1,12,3,4,1,5,2,4,5,2,0,3,False,True,False,True,False,True,False,False,False,False,False,False,False,False,False,False,True,False,False,False,True,18-25,,Entry Level,Junior Employee,0.0,Travel Rarely,Sales,Marketing,Female,Sales Executive,Divorced,Medium Risk
30,0,-1.488665473661084,2,1,508,3,0.3005949089230785,3,1,2,-0.8556369316569529,0.43861372773406454,1,18,3,1,1,1,3,3,1,0,0,0,False,True,False,True,False,False,False,False,True,True,False,False,False,False,False,False,False,True,True,False,False,26-35,,Entry Level,New Employee,0.0,Travel Rarely,Sales,Technical Degree,Male,Sales Representative,Married,Low Risk
26,1,-0.5639603416895632,3,1,510,3,0.349801425194451,3,1,1,-0.7226252956718597,-1.086536504877007,0,22,4,3,0,7,2,3,6,4,0,4,True,False,True,False,False,False,False,False,True,True,False,False,False,False,False,True,False,False,False,True,False,26-35,,Mid Level,Experienced Employee,0.07,Travel Frequently,Research & Development,Technical Degree,Male,Research Scientist,Single,Low Risk
22,0,-1.3622312599062647,11,3,511,1,-1.1263940629467242,3,1,2,-0.9049319788590959,1.4232435222118722,1,13,3,4,1,2,1,3,2,1,1,2,False,True,True,False,False,False,True,False,False,False,False,False,False,False,False,True,False,False,True,False,False,18-25,,Entry Level,New Employee,0.0,Travel Rarely,Research & Development,Medical,Female,Research Scientist,Married,Low Risk
36,0,-1.5828713584195768,2,2,513,2,-0.2406767700620191,2,3,3,0.2322537652179298,-1.4762565191628993,1,13,3,2,2,10,2,3,10,9,9,0,False,True,False,True,False,False,True,False,False,True,False,False,False,False,False,False,True,False,True,False,False,36-45,Low Salary,Mid Level,Experienced Employee,0.0,Travel Rarely,Sales,Medical,Male,Sales Executive,Married,Low Risk
30,1,-0.8391406892735814,4,3,514,3,-1.2740136117608418,3,1,4,-0.8962203541380276,-1.5299431565437902,9,23,4,3,0,3,4,3,1,0,0,0,True,False,True,False,False,False,False,False,True,True,False,False,False,False,False,True,False,False,False,True,True,26-35,,Entry Level,New Employee,0.07,Travel Frequently,Research & Development,Technical Degree,Male,Research Scientist,Single,Medium Risk
37,0,0.754922044929335,14,3,515,4,1.432344783164646,3,1,1,-0.7370738439897293,1.7709417967676953,1,12,3,3,1,18,2,2,18,7,12,17,False,True,True,False,True,False,False,False,False,False,False,True,False,False,False,False,False,False,False,False,False,36-45,,Senior Level,Loyal Employee,0.0,Travel Rarely,Research & Development,Life Sciences,Female,Laboratory Technician,Divorced,Medium Risk
40,0,-0.10780553128001946,2,2,516,4,-0.9787745141326066,3,2,2,-0.16741857869254956,1.1580427768251147,7,12,3,3,2,8,5,3,5,4,1,3,False,True,False,True,False,True,False,False,False,False,False,False,False,False,False,False,True,False,False,False,False,36-45,,Mid Level,Junior Employee,0.0,Travel Rarely,Sales,Marketing,Female,Sales Executive,Divorced,Low Risk
42,0,-1.4911445758915707,1,4,517,2,1.432344783164646,3,1,1,-0.8343890664836153,0.8681068267811928,3,16,3,2,1,8,5,3,5,2,1,2,False,True,True,False,True,False,False,False,False,False,False,True,False,False,False,False,False,False,False,False,False,36-45,,Mid Level,Junior Employee,0.0,Travel Rarely,Research & Development,Life Sciences,Female,Laboratory Technician,Divorced,Low Risk
37,0,1.2457842865656918,10,4,518,3,-0.8311549653184892,3,2,2,-0.48996117202381356,0.9570692389856535,2,12,3,4,0,18,2,2,1,0,0,1,False,True,True,False,True,False,False,False,False,True,False,False,False,True,False,False,False,False,False,True,True,36-45,,Senior Level,New Employee,0.0,Travel Rarely,Research & Development,Life Sciences,Male,Manufacturing Director,Single,High Risk
43,0,0.44503426611850366,12,3,520,1,-0.3390898026047641,2,4,2,1.6643598779008808,-1.4009265777069893,1,11,3,3,1,25,3,3,25,10,3,9,False,True,True,False,True,False,False,False,False,True,False,False,False,False,True,False,False,False,False,False,False,36-45,Low Salary,Executive Level,Veteran Employee,0.0,Travel Rarely,Research & Development,Life Sciences,Male,Research Director,Divorced,Low Risk
40,0,-0.6135423862992962,2,3,521,2,0.5958340065513135,2,2,3,-0.6491076821721119,-0.12326893260311425,6,22,4,2,1,20,3,3,1,0,0,0,False,True,True,False,False,False,True,False,False,False,False,True,False,False,False,False,False,False,True,False,False,36-45,,Senior Level,New Employee,0.0,Travel Rarely,Research & Development,Medical,Female,Laboratory Technician,Married,Low Risk
54,0,0.0458988070101529,5,2,522,1,0.9894861367222936,3,5,1,2.7416266421890945,-0.8157141220681667,4,11,3,3,1,24,4,2,4,2,1,2,False,True,True,False,False,False,True,False,False,True,False,False,False,False,True,False,False,False,True,False,False,46-55,Low Salary,Executive Level,Junior Employee,0.0,Travel Rarely,Research & Development,Medical,Male,Research Director,Married,Medium Risk
34,0,1.4341960560826774,4,4,523,3,0.3005949089230785,3,2,3,0.007451351684018484,-0.2210854237473555,9,15,3,1,1,6,3,3,3,2,1,2,False,False,False,True,False,True,False,False,False,False,False,False,False,False,False,False,True,False,True,False,False,26-35,Low Salary,Mid Level,Junior Employee,0.0,Non-Travel,Sales,Marketing,Female,Sales Executive,Married,Low Risk
31,0,-0.7994750535857951,7,2,524,2,-1.7168722582031943,3,2,1,-0.46680099898487565,-1.4274888145263307,1,12,3,2,1,13,5,1,13,10,3,12,False,True,True,False,False,False,True,False,False,False,False,False,False,True,False,False,False,False,True,False,False,26-35,,Senior Level,Loyal Employee,0.0,Travel Rarely,Research & Development,Medical,Female,Manufacturing Director,Married,Medium Risk
43,0,-1.2134851260770658,21,3,525,4,-0.2406767700620191,3,1,4,-0.9019572777348287,0.12998583326171723,7,20,4,1,1,8,1,3,3,2,1,2,True,False,True,False,False,False,True,False,False,True,False,True,False,False,False,False,False,False,True,False,False,36-45,,Mid Level,Junior Employee,0.0,Travel Frequently,Research & Development,Medical,Male,Laboratory Technician,Married,Low Risk
43,0,1.6622734612874492,8,4,526,3,0.3990079414658235,3,2,3,-0.4209056102104666,-1.698592279206275,4,14,3,4,0,8,3,3,5,2,0,2,False,True,True,False,False,False,False,True,False,False,False,False,False,False,False,False,False,False,False,False,True,36-45,,Mid Level,Junior Employee,0.0,Travel Rarely,Research & Development,Other,Female,Healthcare Representative,Divorced,Medium Risk
25,0,0.21943596314421845,4,2,527,2,1.6291708482501361,2,2,4,-0.4283423630211347,-0.3124370318562015,1,11,3,2,0,5,3,3,5,4,1,3,False,True,False,True,True,False,False,False,False,False,False,False,False,False,False,False,True,False,False,True,True,18-25,,Entry Level,Junior Employee,0.0,Travel Rarely,Sales,Life Sciences,Female,Sales Executive,Single,Medium Risk
37,0,0.6458415467879224,25,5,529,2,0.3005949089230785,3,2,3,-0.43641655178700295,1.3425730252049835,3,15,3,1,2,15,2,3,13,11,10,7,False,False,True,False,False,False,True,False,False,False,False,False,False,False,False,True,False,False,True,False,True,36-45,,Senior Level,Loyal Employee,0.0,Non-Travel,Research & Development,Medical,Female,Research Scientist,Married,Medium Risk
31,0,-1.1738194903892794,1,2,530,4,1.5799643319787637,2,1,1,-0.9104564238041637,0.2642024267139448,1,12,3,3,1,4,3,3,4,2,3,2,False,True,True,False,True,False,False,False,False,True,False,True,False,False,False,False,False,False,True,False,False,26-35,,Entry Level,Junior Employee,0.0,Travel Rarely,Research & Development,Life Sciences,Male,Laboratory Technician,Married,Low Risk
39,0,1.0301023925133532,1,1,531,2,-0.6835354165043717,3,5,3,2.697218603976819,-0.8573142389915798,1,14,3,3,1,21,3,3,21,8,1,6,True,False,True,False,True,False,False,False,False,True,False,False,True,False,False,False,False,False,False,False,True,36-45,Low Salary,Executive Level,Veteran Employee,0.0,Travel Frequently,Research & Development,Life Sciences,Male,Manager,Divorced,Medium Risk
56,0,0.2566224966015182,6,3,532,3,0.9894861367222936,4,4,1,1.4255338733525666,0.5541383767578667,9,11,3,4,3,36,0,2,7,7,7,7,True,False,False,True,True,False,False,False,False,False,False,False,False,False,False,False,True,False,True,False,False,55+,Low Salary,Executive Level,Experienced Employee,0.0,Travel Frequently,Sales,Life Sciences,Female,Sales Executive,Married,Medium Risk
30,0,0.6929444891671688,12,3,533,2,0.841866587908176,3,2,3,0.015738019101620128,0.7371226748466628,0,11,3,2,0,6,6,3,5,4,4,4,False,True,False,True,False,False,False,False,True,False,False,False,False,False,False,False,True,False,False,True,False,26-35,Low Salary,Mid Level,Junior Employee,0.0,Travel Rarely,Sales,Technical Degree,Female,Sales Executive,Single,Low Risk
41,0,-0.39042318555549765,1,3,534,2,-0.8311549653184892,4,3,1,0.4013867719976967,0.7382470023310794,1,16,3,3,1,10,2,3,10,7,0,7,False,True,False,True,False,True,False,False,False,True,False,False,False,False,False,False,True,False,True,False,False,36-45,Low Salary,Mid Level,Experienced Employee,0.0,Travel Rarely,Sales,Marketing,Male,Sales Executive,Married,Low Risk
28,0,1.2333887754132586,17,2,536,3,0.645040522822686,3,2,1,-0.41325637874806503,-0.10935537998345925,1,12,3,4,1,10,2,3,10,0,1,8,False,True,True,False,False,False,True,False,False,True,False,True,False,False,False,False,False,False,False,False,False,26-35,,Mid Level,Experienced Employee,0.0,Travel Rarely,Research & Development,Medical,Male,Laboratory Technician,Divorced,Low Risk
25,1,-0.28382178964457166,3,3,538,1,1.235518718079156,3,1,1,-0.5252326282115539,-0.69105431223348,5,13,3,3,1,6,5,3,2,2,0,2,False,True,True,False,False,False,True,False,False,True,False,True,False,False,False,False,False,False,True,False,False,18-25,,Mid Level,New Employee,0.07,Travel Rarely,Research & Development,Medical,Male,Laboratory Technician,Married,Low Risk
52,0,-1.1986105126941458,3,3,543,4,-1.3232201280322142,2,3,3,0.31150830231447885,0.7442902625598184,2,14,3,3,0,28,4,3,5,4,0,4,False,True,True,False,False,False,True,False,False,True,False,False,False,True,False,False,False,False,True,False,True,46-55,Low Salary,Executive Level,Junior Employee,0.0,Travel Rarely,Research & Development,Medical,Male,Manufacturing Director,Married,Medium Risk
45,0,-1.5134564959659504,10,2,544,1,0.15297536010896096,3,1,4,-0.817815731648412,-0.6546542099254937,3,21,4,4,2,8,3,2,2,2,0,2,False,True,True,False,True,False,False,False,False,True,False,False,False,False,False,True,False,False,True,False,False,36-45,,Mid Level,New Employee,0.0,Travel Rarely,Research & Development,Life Sciences,Male,Research Scientist,Married,Medium Risk
52,0,1.7044181992057224,4,2,546,4,-1.7660787744745667,3,4,4,2.135850006097241,-0.5625998971388874,2,13,3,4,0,31,2,1,5,2,1,4,False,True,True,False,True,False,False,False,False,False,False,False,True,False,False,False,False,False,True,False,False,46-55,Low Salary,Executive Level,Junior Employee,0.0,Travel Rarely,Research & Development,Life Sciences,Female,Manager,Married,Medium Risk
42,0,-0.6705617376004892,29,2,547,1,1.2847252343505287,3,2,3,-0.4136813360515318,-0.1941015641213579,2,11,3,2,1,19,3,3,5,4,0,2,True,False,True,False,True,False,False,False,False,False,False,False,False,False,False,True,False,False,False,False,False,36-45,,Senior Level,Junior Employee,0.0,Travel Frequently,Research & Development,Life Sciences,Female,Research Scientist,Divorced,Low Risk
30,0,-1.203568717155119,2,3,548,3,-1.1263940629467242,1,2,4,-0.08752660564080036,1.4728544724617532,2,20,4,3,0,11,2,3,5,4,0,2,False,True,True,False,True,False,False,False,False,False,False,False,False,True,False,False,False,False,False,True,False,26-35,,Senior Level,Junior Employee,0.0,Travel Rarely,Research & Development,Life Sciences,Female,Manufacturing Director,Single,Low Risk
60,0,-0.9432629829540208,7,3,549,1,-1.2248070954894692,3,5,1,2.7756232264664344,-1.469932177063056,5,11,3,4,0,33,5,1,29,8,11,10,False,True,True,False,True,False,False,False,False,False,False,False,True,False,False,False,False,False,True,False,False,55+,Low Salary,Executive Level,Veteran Employee,0.0,Travel Rarely,Research & Development,Life Sciences,Female,Manager,Married,Medium Risk
46,0,1.6920226880532891,18,3,550,3,1.038692652993666,3,2,3,-0.3597117585112544,1.6866172354364528,2,14,3,3,1,19,5,2,10,7,0,8,False,True,True,False,False,False,True,False,False,False,False,False,False,True,False,False,False,False,False,False,False,46-55,,Senior Level,Experienced Employee,0.0,Travel Rarely,Research & Development,Medical,Female,Manufacturing Director,Divorced,Medium Risk
42,0,1.4019677270863509,28,4,551,4,1.0878991692650386,2,2,4,-0.42069313155873317,-1.3951643993493545,0,11,3,4,3,7,4,4,6,5,0,4,True,False,True,False,False,False,False,False,True,False,False,False,False,False,False,False,False,False,True,False,False,36-45,,Mid Level,Experienced Employee,0.0,Travel Frequently,Research & Development,Technical Degree,Female,Healthcare Representative,Married,Low Risk
24,1,1.600295905525283,1,1,554,1,-0.19147025379064658,3,1,2,-0.7013774304985222,1.0763884932693615,1,16,3,2,0,6,4,3,5,3,1,4,False,True,False,True,False,False,False,False,True,False,False,False,False,False,False,False,False,True,False,True,True,18-25,,Mid Level,Junior Employee,0.07,Travel Rarely,Sales,Technical Degree,Female,Sales Representative,Single,High Risk
34,1,-1.2556298639953387,6,2,555,4,-1.6184592256604493,1,1,3,-0.8821967631236248,-0.2895288593612139,0,16,3,4,1,3,3,2,2,2,1,0,True,False,False,True,False,True,False,False,False,False,False,False,False,False,False,False,False,True,False,False,False,26-35,,Entry Level,New Employee,0.07,Travel Frequently,Sales,Marketing,Female,Sales Representative,Divorced,Medium Risk
38,0,1.7044181992057224,2,2,556,4,-1.1756005792180968,3,1,4,-1.0200954080985856,-0.31018837688736833,1,23,4,3,1,1,3,3,1,0,0,0,True,False,True,False,True,False,False,False,False,True,False,True,False,False,False,False,False,False,True,False,True,36-45,,Entry Level,New Employee,0.0,Travel Frequently,Research & Development,Life Sciences,Male,Laboratory Technician,Married,Medium Risk
40,0,1.4763407940009505,2,4,558,3,0.645040522822686,3,5,3,2.451593282573037,-0.18145287992167153,0,14,3,4,0,21,2,3,20,15,1,12,False,True,False,True,True,False,False,False,False,False,False,False,True,False,False,False,False,False,True,False,False,36-45,Low Salary,Executive Level,Loyal Employee,0.0,Travel Rarely,Sales,Life Sciences,Female,Manager,Married,Low Risk
26,0,1.3548647847071045,23,3,560,1,1.1863122018077836,3,1,4,-0.7685206844462689,-1.5854568260868582,1,22,4,2,2,3,3,1,3,2,0,2,False,True,True,False,True,False,False,False,False,False,False,False,False,False,False,True,False,False,False,False,False,26-35,,Entry Level,Junior Employee,0.0,Travel Rarely,Research & Development,Life Sciences,Female,Research Scientist,Divorced,Medium Risk
30,0,1.4812989984619238,3,3,562,3,-0.6343289002329991,3,1,4,-0.9361663406639021,0.34023507284761506,4,15,3,3,1,9,3,1,5,3,1,4,False,False,True,False,True,False,False,False,False,True,False,True,False,False,False,False,False,False,True,False,False,26-35,,Mid Level,Junior Employee,0.0,Non-Travel,Research & Development,Life Sciences,Male,Laboratory Technician,Married,Medium Risk
29,0,0.4549506750404503,3,4,564,2,1.333931750621901,2,3,3,1.154198635089046,1.013707236013138,1,18,3,3,0,10,2,3,10,2,0,7,False,True,True,False,False,False,True,False,False,True,False,False,False,False,True,False,False,False,True,False,False,26-35,Low Salary,Mid Level,Experienced Employee,0.0,Travel Rarely,Research & Development,Medical,Male,Research Director,Married,Low Risk
29,1,-0.977970414180834,25,5,565,3,0.251388392651706,2,1,2,-0.8407634260356166,0.5603221779221578,5,16,3,2,0,6,2,4,2,2,1,1,False,True,True,False,False,False,False,False,True,False,False,False,False,False,False,True,False,False,True,False,False,26-35,,Mid Level,New Employee,0.07,Travel Rarely,Research & Development,Technical Degree,Female,Research Scientist,Married,Low Risk
19,1,-0.7771631335114152,2,2,566,1,-0.6835354165043717,2,1,4,-0.8369388103044157,0.5795762860927915,1,12,3,3,0,1,3,4,1,0,0,0,False,True,False,False,False,False,False,False,True,True,True,False,False,False,False,False,False,False,False,True,False,18-25,,Entry Level,New Employee,0.07,Travel Rarely,Human Resources,Technical Degree,Male,Human Resources,Single,Low Risk
30,0,1.4763407940009505,22,4,567,3,0.15297536010896096,3,3,1,0.4056363450323642,-1.6054136389352522,0,11,3,3,0,10,3,3,9,8,7,8,False,False,False,True,False,False,False,True,False,False,False,False,False,False,False,False,True,False,True,False,False,26-35,Low Salary,Mid Level,Experienced Employee,0.0,Non-Travel,Sales,Other,Female,Sales Executive,Married,Low Risk
57,0,-1.4688326558171907,29,3,568,1,-0.4867093514188816,2,4,4,1.618039531823005,1.0946588148911307,3,12,3,3,1,32,3,2,1,0,0,0,False,True,False,True,False,True,False,False,False,True,False,False,True,False,False,False,False,False,False,False,False,55+,Low Salary,Executive Level,New Employee,0.0,Travel Rarely,Sales,Marketing,Male,Manager,Divorced,Medium Risk
50,0,0.7350892270854419,29,4,569,2,1.0878991692650386,2,4,3,2.2401770240983283,-0.7025786689487499,0,15,3,2,1,28,2,3,27,10,15,7,False,True,True,False,True,False,False,False,False,True,False,False,True,False,False,False,False,False,True,False,False,46-55,Low Salary,Executive Level,Veteran Employee,0.0,Travel Rarely,Research & Development,Life Sciences,Male,Manager,Married,Low Risk
30,0,0.7772339650037149,2,3,571,3,-0.8311549653184892,3,1,4,-0.8369388103044157,-1.0023524844813168,0,14,3,3,0,12,2,2,11,7,6,7,False,False,True,False,False,False,True,False,False,False,False,True,False,False,False,False,False,False,False,True,False,26-35,,Senior Level,Loyal Employee,0.0,Non-Travel,Research & Development,Medical,Female,Laboratory Technician,Single,Medium Risk
60,0,1.7267301192801021,28,3,573,3,0.6942470390940585,2,3,1,0.7995717653460424,-1.6117379810350954,4,19,3,4,0,22,5,4,18,13,13,11,True,False,False,True,False,True,False,False,False,False,False,False,False,False,False,False,True,False,True,False,False,55+,Low Salary,Executive Level,Loyal Employee,0.0,Travel Frequently,Sales,Marketing,Female,Sales Executive,Married,Low Risk
47,0,0.44751336834899036,2,2,574,1,-0.043850704976529056,3,2,4,-0.3044673090605768,-0.973119969886486,5,13,3,3,3,20,2,3,5,0,0,4,False,True,True,False,False,False,True,False,False,False,False,False,False,True,False,False,False,False,False,False,False,46-55,,Senior Level,Junior Employee,0.0,Travel Rarely,Research & Development,Medical,Female,Manufacturing Director,Divorced,Low Risk
46,0,0.5119700263416432,2,3,575,1,-0.7327419327757442,3,4,3,2.4133471252610295,-1.6900192821375988,6,13,3,3,0,26,2,1,3,2,0,1,False,True,True,False,True,False,False,False,False,True,False,False,False,False,True,False,False,False,True,False,False,46-55,Low Salary,Executive Level,Junior Employee,0.0,Travel Rarely,Research & Development,Life Sciences,Male,Research Director,Married,Medium Risk
35,0,-1.6324534030293096,22,3,577,4,-0.9787745141326066,1,1,3,-0.4829493765166122,0.6903225433078233,0,15,3,3,0,6,2,3,5,4,4,3,False,True,True,False,True,False,False,False,False,True,False,True,False,False,False,False,False,False,False,True,False,26-35,,Mid Level,Junior Employee,0.0,Travel Rarely,Research & Development,Life Sciences,Male,Laboratory Technician,Single,Low Risk
54,0,-0.6308961019127028,8,4,578,3,-1.1756005792180968,3,2,3,-0.5785647697966312,1.2810160954331766,7,11,3,3,0,19,3,3,1,0,0,0,False,True,True,False,True,False,False,False,False,False,False,True,False,False,False,False,False,False,False,True,False,46-55,,Senior Level,New Employee,0.0,Travel Rarely,Research & Development,Life Sciences,Female,Laboratory Technician,Single,Low Risk
34,0,1.2408260821047186,2,4,579,4,-0.19147025379064658,2,1,3,-0.7935931653508072,-0.8287844290745093,3,12,3,3,1,14,3,3,7,3,5,7,False,True,True,False,True,False,False,False,False,True,False,False,False,False,False,True,False,False,False,False,False,26-35,,Senior Level,Experienced Employee,0.0,Travel Rarely,Research & Development,Life Sciences,Male,Research Scientist,Divorced,Low Risk
46,0,0.7995458850780948,10,3,580,3,1.3831382668932737,2,3,4,0.5456597765246587,-0.38650210489214276,2,19,3,3,1,15,3,3,3,2,1,2,False,True,False,True,False,True,False,False,False,False,False,False,False,False,False,False,True,False,True,False,True,46-55,Low Salary,Senior Level,Junior Employee,0.0,Travel Rarely,Sales,Marketing,Female,Sales Executive,Married,Medium Risk
31,0,1.1689321174206058,9,1,581,3,-1.6184592256604493,3,3,2,0.8807386103081919,0.011369283655769518,1,25,4,4,1,13,6,4,13,8,0,8,False,True,True,False,True,False,False,False,False,True,False,False,False,True,False,False,False,False,False,False,False,26-35,Low Salary,Senior Level,Loyal Employee,0.0,Travel Rarely,Research & Development,Life Sciences,Male,Manufacturing Director,Divorced,Low Risk
33,1,1.1763694241120657,15,1,582,2,-0.4867093514188816,3,3,3,1.5101003767424501,1.4484003496756928,7,12,3,4,0,15,2,4,7,6,7,7,False,True,True,False,False,False,True,False,False,True,False,False,True,False,False,False,False,False,True,False,True,26-35,Low Salary,Senior Level,Experienced Employee,0.07,Travel Rarely,Research & Development,Medical,Male,Manager,Married,Medium Risk
33,1,-0.5342111149237234,10,1,584,1,-1.3724266443035866,1,1,4,-0.6576068282414469,-1.0692499698041025,7,13,3,1,3,8,2,3,4,3,1,3,False,True,True,False,False,False,True,False,False,True,False,True,False,False,False,False,False,False,False,False,False,26-35,,Mid Level,Junior Employee,0.07,Travel Rarely,Research & Development,Medical,Male,Laboratory Technician,Divorced,Low Risk
30,0,-0.9655749030284007,7,1,585,4,-0.4375028351475091,3,1,2,-0.7479102552281315,0.5740951896062607,0,14,3,1,0,4,3,3,3,2,1,2,False,True,False,True,False,True,False,False,False,True,False,False,False,False,False,False,False,True,False,True,False,26-35,,Entry Level,Junior Employee,0.0,Travel Rarely,Sales,Marketing,Male,Sales Representative,Single,Low Risk
35,0,1.173890321881579,16,3,586,4,0.3005949089230785,3,3,3,0.2399029966803313,-0.002544268963885486,4,12,3,3,0,10,2,3,8,7,0,0,False,True,True,False,True,False,False,False,False,True,False,False,False,False,False,False,False,False,True,False,True,26-35,Low Salary,Mid Level,Experienced Employee,0.0,Travel Rarely,Research & Development,Life Sciences,Male,Healthcare Representative,Married,Medium Risk
31,1,-0.6656035331395159,20,3,587,1,0.005355811294843447,3,3,3,0.7056562012798904,1.2079348089460997,3,12,3,1,0,12,2,3,1,0,0,0,True,False,True,False,True,False,False,False,False,True,False,False,False,False,False,False,False,False,True,False,False,26-35,Low Salary,Senior Level,New Employee,0.07,Travel Frequently,Research & Development,Life Sciences,Male,Healthcare Representative,Married,Low Risk
34,1,0.4599088795014236,23,3,590,2,-1.1263940629467242,3,3,1,0.7324285113982957,-0.39071833295870484,9,15,3,3,3,11,2,3,3,2,0,2,True,False,False,False,False,False,False,False,False,False,True,False,False,False,False,False,False,False,False,False,True,26-35,Low Salary,Senior Level,Junior Employee,0.07,Travel Frequently,Human Resources,Human Resources,Female,Human Resources,Divorced,High Risk
42,0,1.6647525635179359,5,2,591,2,1.5307578157073911,3,1,3,-0.9370162552708357,-0.7101678794685616,4,17,3,4,1,8,4,3,2,2,2,0,True,False,True,False,False,False,False,True,False,True,False,True,False,False,False,False,False,False,True,False,False,36-45,,Mid Level,New Employee,0.0,Travel Frequently,Research & Development,Other,Male,Laboratory Technician,Married,Low Risk
36,0,-0.41521420786036417,10,4,592,2,-1.6676657419318217,3,3,4,0.738802870950297,0.14122910810588288,1,14,3,4,0,10,3,2,10,3,9,7,False,False,False,True,False,False,True,False,False,True,False,False,False,False,False,False,True,False,False,True,False,36-45,Low Salary,Mid Level,Experienced Employee,0.0,Non-Travel,Sales,Medical,Male,Sales Executive,Single,Medium Risk
22,1,1.4019677270863509,4,1,593,3,1.6291708482501361,2,1,3,-0.5543422034990264,-0.7285787420258829,5,16,3,3,0,4,3,3,2,2,1,2,True,False,True,False,False,False,False,False,True,True,False,True,False,False,False,False,False,False,False,True,False,18-25,,Entry Level,New Employee,0.07,Travel Frequently,Research & Development,Technical Degree,Male,Laboratory Technician,Single,Low Risk
48,0,-1.5853504606500635,2,5,595,2,-1.4216331605749593,3,2,4,-0.5209830551768864,0.7511767684018699,2,14,3,1,1,14,2,3,9,7,6,7,False,True,False,True,False,True,False,False,False,False,False,False,False,False,False,False,True,False,True,False,False,46-55,,Senior Level,Experienced Employee,0.0,Travel Rarely,Sales,Marketing,Female,Sales Executive,Married,Low Risk
55,0,0.7797130672342015,18,5,597,1,0.841866587908176,3,4,2,2.195344028582586,-0.6240162859751422,3,23,4,4,0,37,2,3,10,9,7,7,False,True,False,True,True,False,False,False,False,False,False,False,True,False,False,False,False,False,False,True,False,46-55,Low Salary,Executive Level,Experienced Employee,0.0,Travel Rarely,Sales,Life Sciences,Female,Manager,Single,Low Risk
41,0,-1.3275238286794517,10,2,599,4,-0.4867093514188816,3,2,4,-0.057992073049861176,-0.12411217821642667,7,14,3,4,0,16,3,3,14,3,1,10,False,False,False,True,True,False,False,False,False,True,False,False,False,False,False,False,True,False,False,True,False,36-45,,Senior Level,Loyal Employee,0.0,Non-Travel,Sales,Life Sciences,Male,Sales Executive,Single,Low Risk
35,0,-0.4548798435481506,1,3,600,2,0.9402796204509211,3,2,3,-0.37947227312245835,0.6107763737853512,9,11,3,3,0,15,2,3,11,9,6,9,False,True,False,True,False,True,False,False,False,True,False,False,False,False,False,False,True,False,True,False,False,26-35,,Senior Level,Loyal Employee,0.0,Travel Rarely,Sales,Marketing,Male,Sales Executive,Married,Low Risk
40,0,-1.2407552506124189,6,3,601,2,0.448214457737196,3,4,3,1.430845839645901,0.8503986689016318,7,15,3,3,0,22,3,3,20,6,5,13,False,True,True,False,True,False,False,False,False,False,False,False,False,True,False,False,False,False,False,True,False,36-45,Low Salary,Executive Level,Loyal Employee,0.0,Travel Rarely,Research & Development,Life Sciences,Female,Manufacturing Director,Single,Low Risk
39,0,-0.8912018361138011,8,1,602,3,-0.8803614815898617,3,1,3,-0.5838767360899656,0.5001706575058715,1,11,3,1,1,8,3,3,8,3,0,7,True,False,True,False,True,False,False,False,False,False,False,True,False,False,False,False,False,False,True,False,False,36-45,,Mid Level,Experienced Employee,0.0,Travel Frequently,Research & Development,Life Sciences,Female,Laboratory Technician,Married,Low Risk
31,0,0.06325252262355946,2,1,604,2,0.5466274902799411,3,2,4,0.016800412360287006,-0.8386222945631543,4,13,3,3,0,10,2,4,6,5,0,5,False,True,False,True,True,False,False,False,False,True,False,False,False,False,False,False,True,False,False,True,True,26-35,Low Salary,Mid Level,Experienced Employee,0.0,Travel Rarely,Sales,Life Sciences,Male,Sales Executive,Single,Medium Risk
42,0,-1.1986105126941458,24,3,605,4,-0.4867093514188816,3,3,1,0.19188282138858842,-1.034817440593845,1,21,4,4,1,10,5,2,10,9,5,8,False,True,True,False,False,False,True,False,False,True,False,False,False,True,False,False,False,False,True,False,True,36-45,Low Salary,Mid Level,Experienced Employee,0.0,Travel Rarely,Research & Development,Medical,Male,Manufacturing Director,Married,High Risk
45,0,-0.5986677729163763,2,3,606,4,-0.2406767700620191,3,2,2,-0.3607741517699213,0.26195377174511164,0,19,3,2,1,9,3,4,8,7,3,7,False,True,False,True,False,False,False,True,False,True,False,False,False,False,False,False,True,False,True,False,False,36-45,,Mid Level,Experienced Employee,0.0,Travel Rarely,Sales,Other,Male,Sales Executive,Married,Low Risk
26,1,-0.9333465740320742,17,4,608,2,-0.3882963188761366,3,1,3,-0.7993300889476084,1.1938807153908928,0,11,3,2,1,8,2,2,7,7,1,0,True,False,False,False,True,False,False,False,False,False,True,False,False,False,False,False,False,False,False,False,True,26-35,,Mid Level,Experienced Employee,0.07,Travel Frequently,Human Resources,Life Sciences,Female,Human Resources,Divorced,Medium Risk
29,0,-1.4142924067464844,19,3,611,4,-1.5692527093890767,3,2,4,-0.4761500596611442,1.1709725428959052,4,12,3,2,2,8,2,4,3,2,1,2,False,True,True,False,False,False,False,False,True,True,False,False,False,True,False,False,False,False,False,False,False,26-35,,Mid Level,Junior Employee,0.0,Travel Rarely,Research & Development,Technical Degree,Male,Manufacturing Director,Divorced,Low Risk
33,0,0.2962881322893046,1,5,612,1,1.432344783164646,4,4,3,2.0570204263041587,1.1615563002139164,4,19,3,3,1,10,2,3,6,1,0,5,False,True,True,False,False,False,True,False,False,False,False,False,False,False,True,False,False,False,False,False,False,26-35,Low Salary,Mid Level,Experienced Employee,0.0,Travel Rarely,Research & Development,Medical,Female,Research Director,Divorced,Low Risk
31,0,-0.28382178964457166,7,3,613,3,-1.0771875466753518,2,3,4,1.0738817047338303,1.5428438583666844,9,21,4,3,1,10,3,2,5,4,0,1,False,True,False,True,True,False,False,False,False,True,False,False,True,False,False,False,False,False,False,False,False,26-35,Low Salary,Mid Level,Junior Employee,0.0,Travel Rarely,Sales,Life Sciences,Male,Manager,Divorced,Medium Risk
18,1,1.2482633887961785,5,3,614,2,0.15297536010896096,3,1,2,-0.9826991653935114,-0.8789575430665986,1,14,3,4,0,0,3,3,0,0,0,0,True,False,False,True,False,True,False,False,False,True,False,False,False,False,False,False,False,True,False,True,True,,,,,0.07,Travel Frequently,Sales,Marketing,Male,Sales Representative,Single,High Risk
40,0,0.7226937159330086,28,3,615,3,-0.3882963188761366,1,3,1,0.9410825474004705,-0.4132048826470362,3,15,3,3,1,20,2,3,1,0,0,1,False,False,False,True,False,False,False,True,False,True,False,False,False,False,False,False,True,False,False,False,False,36-45,Low Salary,Senior Level,New Employee,0.0,Non-Travel,Sales,Other,Male,Sales Executive,Divorced,Low Risk
41,0,-0.7275810889016822,2,4,616,1,-0.19147025379064658,2,2,3,0.06545802360722999,-1.7147544867947633,2,17,3,1,0,10,3,3,8,7,0,7,False,False,True,False,False,False,False,True,False,False,False,False,False,False,False,False,False,False,False,True,True,36-45,Low Salary,Mid Level,Experienced Employee,0.0,Non-Travel,Research & Development,Other,Female,Healthcare Representative,Single,Medium Risk
26,0,-0.06813989559223305,29,2,618,1,-1.0279810304039791,3,2,3,-0.46680099898487565,-1.411888770680051,5,12,3,1,2,8,5,3,0,0,0,0,False,True,False,True,False,False,True,False,False,True,False,False,False,False,False,False,True,False,False,False,False,26-35,,Mid Level,,0.0,Travel Rarely,Sales,Medical,Male,Sales Executive,Divorced,Low Risk
35,0,-1.5060191892744905,1,3,620,1,0.6942470390940585,3,2,3,-0.349300304576319,-1.070233756352967,1,16,3,4,0,5,3,3,5,4,0,3,False,True,False,True,False,False,True,False,False,False,False,False,False,False,False,False,True,False,False,True,False,26-35,,Entry Level,Junior Employee,0.0,Travel Rarely,Sales,Medical,Female,Sales Executive,Single,Low Risk
34,0,-1.3498357487538315,21,4,621,4,0.3990079414658235,4,2,4,-0.2477355090477655,0.7881390344520645,1,12,3,4,0,10,3,3,10,7,5,7,False,True,False,True,True,False,False,False,False,True,False,False,False,False,False,False,True,False,False,True,False,26-35,,Mid Level,Experienced Employee,0.0,Travel Rarely,Sales,Life Sciences,Male,Sales Executive,Single,Low Risk
26,1,-0.821786973660175,24,3,622,3,0.005355811294843447,1,1,4,-0.8845340282926919,1.2507997942894813,1,18,3,2,0,1,3,1,1,0,0,0,False,True,True,False,False,False,False,False,True,True,False,True,False,False,False,False,False,False,False,True,True,26-35,,Entry Level,New Employee,0.07,Travel Rarely,Research & Development,Technical Degree,Male,Laboratory Technician,Single,Medium Risk
37,0,-0.00864144206055342,1,3,623,2,-0.3390898026047641,3,3,4,0.20994350678592535,1.3400432883650464,4,17,3,4,0,12,3,4,6,5,1,2,False,True,True,False,False,False,False,False,True,False,False,False,False,True,False,False,False,False,False,True,False,36-45,Low Salary,Senior Level,Experienced Employee,0.0,Travel Rarely,Research & Development,Technical Degree,Female,Manufacturing Director,Single,Low Risk
46,0,0.5739475821038096,18,1,624,1,0.9894861367222936,3,3,3,0.8550286934484534,-0.7489571776809332,5,11,3,4,0,28,3,2,2,2,1,2,True,False,True,False,False,False,True,False,False,False,False,False,False,False,False,False,False,False,True,False,False,46-55,Low Salary,Executive Level,New Employee,0.0,Travel Frequently,Research & Development,Medical,Female,Healthcare Representative,Married,Medium Risk
41,0,1.173890321881579,2,5,625,2,1.235518718079156,3,4,1,2.144349152166576,-1.2208936392647867,7,16,3,2,1,22,2,3,18,16,11,8,False,True,False,True,True,False,False,False,False,False,False,False,True,False,False,False,False,False,True,False,False,36-45,Low Salary,Executive Level,Loyal Employee,0.0,Travel Rarely,Sales,Life Sciences,Female,Manager,Married,Low Risk
37,0,-1.6374116074902831,9,4,626,1,0.15297536010896096,3,3,2,0.49530233606384866,1.4550057736466402,1,13,3,4,1,9,6,3,9,5,7,7,False,False,False,True,False,False,True,False,False,True,False,False,False,False,False,False,True,False,False,False,False,36-45,Low Salary,Mid Level,Experienced Employee,0.0,Non-Travel,Sales,Medical,Male,Sales Executive,Divorced,Low Risk
52,0,0.3805776081258508,6,2,630,4,0.5958340065513135,3,2,1,-0.1967406326317554,1.0925507008578497,3,12,3,2,2,18,3,3,10,9,6,9,False,True,True,False,False,False,False,False,True,True,False,False,False,False,False,True,False,False,False,False,True,46-55,,Senior Level,Experienced Employee,0.0,Travel Rarely,Research & Development,Technical Degree,Male,Research Scientist,Divorced,High Risk
32,1,1.6647525635179359,11,4,631,4,-0.2898832863333916,4,2,3,-0.38159705963979207,1.349318990111483,8,12,3,4,0,6,2,3,4,2,1,2,False,False,False,True,False,False,False,True,False,True,False,False,False,False,False,False,True,False,True,False,False,26-35,,Mid Level,Junior Employee,0.07,Non-Travel,Sales,Other,Male,Sales Executive,Married,Low Risk
24,0,-0.6631244309090293,24,3,632,4,-1.3724266443035866,3,1,4,-0.8717853091886894,-1.2343855690777854,0,13,3,3,2,3,3,3,2,2,2,1,True,False,False,True,False,False,True,False,False,True,False,False,False,False,False,False,False,True,True,False,False,18-25,,Entry Level,New Employee,0.0,Travel Frequently,Sales,Medical,Male,Sales Representative,Married,Low Risk
38,0,1.7168137103581556,10,3,634,3,0.4974209740085685,3,2,3,0.7056562012798904,1.1047777622508799,3,19,3,3,1,18,4,3,1,0,0,0,False,True,True,False,False,False,True,False,False,False,False,False,False,False,False,False,False,False,True,False,False,36-45,Low Salary,Senior Level,New Employee,0.0,Travel Rarely,Research & Development,Medical,Female,Healthcare Representative,Married,Low Risk
37,0,-0.8837645294223412,1,4,635,2,-0.043850704976529056,3,2,2,-0.011884205623718688,0.19505628642232598,6,12,3,2,1,8,2,2,6,5,4,3,False,True,True,False,True,False,False,False,False,False,False,False,False,True,False,False,False,False,True,False,False,36-45,,Mid Level,Experienced Employee,0.0,Travel Rarely,Research & Development,Life Sciences,Female,Manufacturing Director,Married,Medium Risk
49,0,1.097038152736493,18,4,638,4,-0.3882963188761366,2,5,3,2.7620245927554987,-1.7129274546325863,1,17,3,3,1,31,5,3,31,9,0,9,False,True,True,False,True,False,False,False,False,True,False,False,False,False,True,False,False,False,False,False,True,46-55,Low Salary,Executive Level,Veteran Employee,0.0,Travel Rarely,Research & Development,Life Sciences,Male,Research Director,Divorced,Medium Risk
24,0,-0.2763844829531117,23,3,639,2,1.137105685536411,4,1,4,-0.8027297473753423,1.0283234933105534,1,11,3,2,2,6,3,3,6,5,1,4,False,True,True,False,False,False,True,False,False,True,False,False,False,False,False,True,False,False,True,False,True,18-25,,Mid Level,Experienced Employee,0.0,Travel Rarely,Research & Development,Medical,Male,Research Scientist,Married,Medium Risk
26,0,-0.24663525618727192,28,2,641,1,0.005355811294843447,3,2,2,-0.049067969677059405,-0.9676388733999552,1,20,4,4,2,6,5,4,5,3,1,4,False,True,False,True,False,True,False,False,False,True,False,False,False,False,False,False,True,False,True,False,False,26-35,,Mid Level,Junior Employee,0.0,Travel Rarely,Sales,Marketing,Male,Sales Executive,Married,Low Risk
24,0,0.0508570114711262,17,2,643,4,1.3831382668932737,2,1,2,-0.9297919811119009,-0.7326544291568929,1,21,4,4,1,1,2,3,1,0,0,0,False,True,True,False,False,False,False,True,False,True,False,True,False,False,False,False,False,False,True,False,False,18-25,,Entry Level,New Employee,0.0,Travel Rarely,Research & Development,Other,Male,Laboratory Technician,Married,Low Risk
50,0,1.0995172549669796,3,3,644,1,1.6291708482501361,3,5,2,2.4853773881986436,-0.8873899991997228,1,11,3,3,1,32,2,3,32,5,10,7,True,False,False,False,False,False,True,False,False,True,False,False,True,False,False,False,False,False,True,False,False,46-55,Low Salary,Executive Level,Veteran Employee,0.0,Travel Frequently,Human Resources,Medical,Male,Manager,Married,Low Risk
25,0,-0.4474425368566906,13,1,645,2,-1.2740136117608418,3,1,3,-0.9363788193156355,1.695330773440681,1,11,3,3,0,7,1,3,7,4,0,6,False,True,False,True,False,False,True,False,False,True,False,False,False,False,False,False,False,True,True,False,False,18-25,,Mid Level,Experienced Employee,0.0,Travel Rarely,Sales,Medical,Male,Sales Representative,Married,Low Risk
24,1,1.2011604464169323,7,3,647,1,-0.5359158676902541,3,1,3,-0.7685206844462689,-0.020392967778998468,1,16,3,4,1,6,4,3,6,3,1,2,True,False,True,False,True,False,False,False,False,False,False,True,False,False,False,False,False,False,True,False,True,18-25,,Mid Level,Experienced Employee,0.07,Travel Frequently,Research & Development,Life Sciences,Female,Laboratory Technician,Married,Medium Risk
30,1,-0.8788063249613679,12,4,648,2,0.3990079414658235,2,1,1,-0.9497649743748382,0.022050394757726893,1,18,3,3,1,1,2,4,1,0,0,0,True,False,False,True,True,False,False,False,False,True,False,False,False,False,False,False,False,True,True,False,False,26-35,,Entry Level,New Employee,0.07,Travel Frequently,Sales,Life Sciences,Male,Sales Representative,Married,Low Risk
34,0,-1.359752157675778,1,2,649,2,0.841866587908176,2,1,4,-0.6121363967705045,1.1919131422931637,1,13,3,4,1,6,3,3,6,5,1,3,False,True,True,False,True,False,False,False,False,True,False,False,False,False,False,True,False,False,True,False,True,26-35,,Mid Level,Experienced Employee,0.0,Travel Rarely,Research & Development,Life Sciences,Male,Research Scientist,Married,Medium Risk
31,1,1.394530420394891,13,4,650,2,-0.9787745141326066,3,2,1,-0.4823119405614121,-0.3936696926052983,2,17,3,3,0,9,2,1,3,1,1,2,False,True,False,True,False,False,True,False,False,True,False,False,False,False,False,False,True,False,False,False,False,26-35,,Mid Level,Junior Employee,0.07,Travel Rarely,Sales,Medical,Male,Sales Executive,Divorced,Medium Risk
35,0,-0.6556871242175693,25,2,652,1,-0.5851223839616266,2,2,4,-0.5996001563182354,-0.04344168120953807,4,14,3,4,0,9,3,3,3,2,0,2,False,True,True,False,False,False,False,True,False,True,False,True,False,False,False,False,False,False,False,True,False,26-35,,Mid Level,Junior Employee,0.0,Travel Rarely,Research & Development,Other,Male,Laboratory Technician,Single,Low Risk
31,0,-0.6879154532138958,6,4,653,1,0.005355811294843447,4,2,4,-0.2216006348845603,-1.1375528644824087,4,22,4,4,2,13,4,4,7,7,5,7,False,True,False,True,False,False,True,False,False,True,False,False,False,False,False,False,True,False,False,False,False,26-35,,Senior Level,Experienced Employee,0.0,Travel Rarely,Sales,Medical,Male,Sales Executive,Divorced,Low Risk
27,0,-0.011120544291040072,6,4,655,1,0.005355811294843447,2,1,3,-0.9170432620078983,-1.307045232758206,0,12,3,3,2,6,5,2,5,3,0,3,False,True,True,False,False,False,True,False,False,False,False,False,False,False,False,True,False,False,False,False,False,26-35,,Mid Level,Junior Employee,0.0,Travel Rarely,Research & Development,Medical,Female,Research Scientist,Divorced,Medium Risk
37,0,-0.6061050796078363,2,3,656,4,0.448214457737196,3,2,3,0.658485940595081,-1.5885487266690037,4,11,3,3,1,17,3,2,3,0,1,0,False,True,False,True,False,True,False,False,False,True,False,False,False,False,False,False,True,False,True,False,True,36-45,Low Salary,Senior Level,Junior Employee,0.0,Travel Rarely,Sales,Marketing,Male,Sales Executive,Married,Medium Risk
20,0,0.3880149148173107,1,3,657,4,0.841866587908176,2,1,2,-0.7791446170329377,-0.359237163395041,1,13,3,4,0,1,0,4,1,0,0,0,False,True,True,False,True,False,False,False,False,False,False,False,False,False,False,True,False,False,False,True,False,18-25,,Entry Level,New Employee,0.0,Travel Rarely,Research & Development,Life Sciences,Female,Research Scientist,Single,Low Risk
42,0,-0.4474425368566906,2,4,659,3,0.743453555365431,3,2,4,-0.5129088664110182,-1.2079638731939961,1,13,3,2,2,10,4,3,10,2,2,2,False,True,True,False,True,False,False,False,False,False,False,False,False,False,False,False,False,False,True,False,False,36-45,,Mid Level,Experienced Employee,0.0,Travel Rarely,Research & Development,Life Sciences,Female,Healthcare Representative,Married,Low Risk
43,0,-0.050786179978826486,6,4,661,2,-0.7819484490471167,2,4,4,2.151148469022044,-1.6361921038211558,4,14,3,3,1,21,3,2,1,0,0,0,False,True,True,False,False,False,False,True,False,True,False,False,False,False,True,False,False,False,False,False,True,36-45,Low Salary,Executive Level,New Employee,0.0,Travel Rarely,Research & Development,Other,Male,Research Director,Divorced,Medium Risk
38,0,-1.0920091167832198,1,1,662,3,-1.1263940629467242,3,1,1,-0.8252524844590802,0.03483961989296533,3,17,3,4,0,8,3,2,0,0,0,0,False,True,True,False,True,False,False,False,False,False,False,False,False,False,False,True,False,False,False,True,False,36-45,,Mid Level,,0.0,Travel Rarely,Research & Development,Life Sciences,Female,Research Scientist,Single,Medium Risk
43,0,0.49213720849775006,9,5,663,4,0.3005949089230785,3,2,3,-0.17506781015495107,0.7468199993997557,3,13,3,2,1,10,3,3,8,7,4,7,True,False,True,False,False,False,True,False,False,True,False,True,False,False,False,False,False,False,False,False,True,36-45,,Mid Level,Experienced Employee,0.0,Travel Frequently,Research & Development,Medical,Male,Laboratory Technician,Divorced,Medium Risk
48,0,1.074726232662113,1,4,664,4,-1.2740136117608418,2,4,1,1.890862120648659,0.5177382744498804,7,11,3,1,1,21,3,1,3,2,0,2,False,True,True,False,True,False,False,False,False,False,False,False,True,False,False,False,False,False,True,False,False,46-55,Low Salary,Executive Level,Junior Employee,0.0,Travel Rarely,Research & Development,Life Sciences,Female,Manager,Married,Medium Risk
44,0,0.7673175560817683,1,4,665,1,-0.7819484490471167,2,2,3,-0.11004934272453817,1.7681309780566536,4,11,3,2,0,10,1,4,2,2,0,2,False,True,False,False,True,False,False,False,False,False,True,False,False,False,False,False,False,False,False,True,False,36-45,,Mid Level,New Employee,0.0,Travel Rarely,Human Resources,Life Sciences,Female,Human Resources,Single,Low Risk
34,0,-1.4837072692001108,14,3,666,3,-1.7168722582031943,3,1,3,-0.8337516305284152,-1.6023217383531068,1,18,3,4,2,8,3,3,8,2,0,6,False,True,False,True,False,False,False,False,True,False,False,False,False,False,False,False,False,True,False,False,True,26-35,,Mid Level,Experienced Employee,0.0,Travel Rarely,Sales,Technical Degree,Female,Sales Representative,Divorced,Medium Risk
27,1,1.5308810430716568,2,1,667,3,0.9402796204509211,3,1,1,-0.7355864934275956,0.2857051898534116,0,11,3,2,1,5,3,3,4,3,0,2,False,True,False,True,False,True,False,False,False,True,False,False,False,False,False,False,False,True,False,False,False,26-35,,Entry Level,Junior Employee,0.07,Travel Rarely,Sales,Marketing,Male,Sales Representative,Divorced,Low Risk
21,0,1.3399901713241846,22,1,669,3,-0.8311549653184892,3,1,3,-0.6493201608238452,1.4238056859540804,1,11,3,3,0,3,2,3,3,2,1,2,False,True,False,True,False,False,False,False,True,True,False,False,False,False,False,False,False,True,False,True,False,18-25,,Entry Level,Junior Employee,0.0,Travel Rarely,Sales,Technical Degree,Male,Sales Representative,Single,Low Risk
44,0,1.2705753088705585,3,4,671,4,-1.5200461931177043,3,5,4,2.7643618579245657,-0.6963948677844587,4,12,3,1,1,26,2,4,2,2,0,1,False,True,True,False,False,False,False,True,False,True,False,False,True,False,False,False,False,False,True,False,True,36-45,Low Salary,Executive Level,New Employee,0.0,Travel Rarely,Research & Development,Other,Male,Manager,Married,Medium Risk
22,0,-0.49206637700545036,6,1,675,1,0.15297536010896096,3,1,3,-0.7925307720921403,-0.30470728040083755,0,20,4,4,0,3,3,3,2,2,2,2,False,True,True,False,False,False,True,False,False,True,False,False,False,False,False,True,False,False,True,False,False,18-25,,Entry Level,New Employee,0.0,Travel Rarely,Research & Development,Medical,Male,Research Scientist,Married,Low Risk
33,0,1.02514418805238,8,4,677,3,-1.3232201280322142,3,2,3,0.12771426856510903,0.8598149115836206,0,12,3,4,0,6,3,3,5,0,1,2,False,True,False,True,False,True,False,False,False,True,False,False,False,False,False,False,True,False,False,False,False,26-35,Low Salary,Mid Level,Junior Employee,0.0,Travel Rarely,Sales,Marketing,Male,Sales Executive,Divorced,Low Risk
32,0,-0.387944083325011,9,4,679,1,1.2847252343505287,3,2,4,-0.038444037090390626,0.5306680405206708,1,12,3,4,1,6,2,2,6,4,0,5,False,True,True,False,True,False,False,False,False,False,False,False,False,False,False,True,False,False,True,False,True,26-35,,Mid Level,Experienced Employee,0.0,Travel Rarely,Research & Development,Life Sciences,Female,Research Scientist,Married,Medium Risk
30,0,-1.5927877673415234,3,3,680,3,0.251388392651706,3,1,3,-0.9391410417881694,1.1720968703803218,1,20,4,3,1,1,2,3,1,0,0,0,True,False,True,False,False,False,True,False,False,False,False,False,False,False,False,True,False,False,False,False,False,26-35,,Entry Level,New Employee,0.0,Travel Frequently,Research & Development,Medical,Female,Research Scientist,Divorced,Low Risk
53,0,-1.3994177933635645,1,1,682,4,-1.5692527093890767,3,2,1,0.39904950682862955,-0.9565361394913416,7,20,4,4,0,18,2,4,14,7,8,10,False,True,False,True,False,False,True,False,False,False,False,False,False,False,False,False,True,False,False,True,False,46-55,Low Salary,Senior Level,Loyal Employee,0.0,Travel Rarely,Sales,Medical,Female,Sales Executive,Single,Low Risk
34,0,1.4738616917704639,1,5,683,2,-1.1756005792180968,3,1,4,-0.8099540215342771,-0.9350333763518749,1,12,3,4,1,10,4,2,10,9,8,8,False,True,True,False,True,False,False,False,False,True,False,False,False,False,False,True,False,False,True,False,False,26-35,,Mid Level,Experienced Employee,0.0,Travel Rarely,Research & Development,Life Sciences,Male,Research Scientist,Married,Medium Risk
45,1,-1.2308388416904723,26,4,684,1,1.6783773645215088,3,2,1,-0.47105057201954315,-1.2203314755225785,2,14,3,4,2,5,4,3,1,1,0,0,True,False,False,True,True,False,False,False,False,False,False,False,False,False,False,False,True,False,True,False,False,36-45,,Entry Level,New Employee,0.07,Travel Frequently,Sales,Life Sciences,Female,Sales Executive,Married,Low Risk
26,0,0.46734618619288354,6,3,686,3,0.251388392651706,3,1,4,-0.8167533383897452,0.48428953178848755,1,13,3,3,1,3,2,3,3,2,0,2,False,True,True,False,True,False,False,False,False,False,False,True,False,False,False,False,False,False,True,False,True,26-35,,Entry Level,Junior Employee,0.0,Travel Rarely,Research & Development,Life Sciences,Female,Laboratory Technician,Married,Medium Risk
37,0,-0.7945168491248218,3,3,689,3,-1.4708396768463317,3,3,3,0.6227895271038739,-0.6615407157675451,1,15,3,3,1,10,2,3,10,7,7,8,False,True,True,False,False,False,False,True,False,True,False,False,False,True,False,False,False,False,True,False,False,36-45,Low Salary,Mid Level,Experienced Employee,0.0,Travel Rarely,Research & Development,Other,Male,Manufacturing Director,Married,Low Risk
29,0,0.925980098832914,3,2,690,2,-0.19147025379064658,3,2,3,-0.20014029105948938,-1.521510700410666,1,14,3,1,1,6,5,2,6,0,1,2,False,True,False,True,False,False,True,False,False,False,False,False,False,False,False,False,True,False,True,False,False,26-35,,Mid Level,Experienced Employee,0.0,Travel Rarely,Sales,Medical,Female,Sales Executive,Married,Medium Risk
35,0,0.5318028441855365,6,4,691,2,0.7926600716368035,1,2,4,0.03039904607122304,0.7104198970917693,1,13,3,2,0,17,3,3,17,11,11,8,False,True,True,False,True,False,False,False,False,True,False,False,False,False,False,True,False,False,False,True,False,26-35,Low Salary,Senior Level,Loyal Employee,0.0,Travel Rarely,Research & Development,Life Sciences,Male,Research Scientist,Single,Low Risk
33,0,1.223472366491312,6,3,692,3,-1.7660787744745667,3,2,4,0.2596635112915352,-1.2617910515104394,3,23,4,3,1,15,2,1,13,11,4,7,True,False,True,False,True,False,False,False,False,True,False,False,False,False,False,False,False,False,False,False,False,26-35,Low Salary,Senior Level,Loyal Employee,0.0,Travel Frequently,Research & Development,Life Sciences,Male,Healthcare Representative,Divorced,Medium Risk
54,0,-1.0052405387161871,19,4,698,3,1.0878991692650386,3,3,2,0.8970994664916617,-1.0658769873508527,2,15,3,3,1,16,1,4,9,7,7,1,False,True,False,False,False,False,True,False,False,True,True,False,False,False,False,False,False,False,True,False,False,46-55,Low Salary,Senior Level,Experienced Employee,0.0,Travel Rarely,Human Resources,Medical,Male,Human Resources,Married,Low Risk
36,0,0.2739762122149248,9,2,699,2,-0.8803614815898617,2,2,2,0.49806455853638254,-0.05327954669818302,2,11,3,3,1,13,2,3,3,2,0,2,False,True,True,False,False,False,True,False,False,True,False,False,False,True,False,False,False,False,False,False,True,36-45,Low Salary,Senior Level,Junior Employee,0.0,Travel Rarely,Research & Development,Medical,Male,Manufacturing Director,Divorced,High Risk
27,0,0.7747548627732282,3,4,700,1,-0.5851223839616266,2,1,4,-0.9472152305540377,0.12099121338638469,0,13,3,4,0,5,0,3,4,2,1,1,False,True,True,False,False,False,True,False,False,True,False,False,False,False,False,True,False,False,False,True,False,26-35,,Entry Level,Junior Employee,0.0,Travel Rarely,Research & Development,Medical,Male,Research Scientist,Single,Low Risk
20,1,1.387093113703431,10,1,701,4,-1.6676657419318217,3,1,3,-1.1673431137498147,1.7828877762896211,1,11,3,4,0,1,5,3,1,0,1,1,False,True,True,False,False,False,True,False,False,True,False,False,False,False,False,True,False,False,False,True,True,18-25,,Entry Level,New Employee,0.07,Travel Rarely,Research & Development,Medical,Male,Research Scientist,Single,Medium Risk
33,1,0.6780698757842488,3,3,702,1,0.20218187638033347,3,1,1,-0.6703555473454494,-1.566905422593985,1,11,3,1,0,10,3,3,10,8,9,7,True,False,True,False,True,False,False,False,False,True,False,False,False,False,False,True,False,False,False,True,True,26-35,,Mid Level,Experienced Employee,0.07,Travel Frequently,Research & Development,Life Sciences,Male,Research Scientist,Single,High Risk
35,0,-0.1871368026555923,3,3,704,3,-1.2248070954894692,2,1,3,-1.1095489204783366,0.3635648681492588,1,18,3,3,2,1,3,3,1,0,0,0,False,False,True,False,True,False,False,False,False,True,False,True,False,False,False,False,False,False,True,False,False,26-35,,Entry Level,New Employee,0.0,Non-Travel,Research & Development,Life Sciences,Male,Laboratory Technician,Married,Low Risk
23,0,0.20456134976129856,4,3,705,1,-0.3882963188761366,4,1,1,-0.7827567541124051,-0.8107951893238443,2,16,3,1,1,5,3,4,3,2,0,2,False,True,True,False,False,False,True,False,False,True,False,False,False,False,False,True,False,False,True,False,False,18-25,,Entry Level,Junior Employee,0.0,Travel Rarely,Research & Development,Medical,Male,Research Scientist,Married,Low Risk
25,0,0.01862868247479974,8,3,707,4,-0.4375028351475091,4,2,2,-0.351000133790186,0.19182384490462834,0,22,4,3,1,4,4,3,3,2,1,2,False,True,False,True,True,False,False,False,False,True,False,False,False,False,False,False,True,False,True,False,False,18-25,,Entry Level,Junior Employee,0.0,Travel Rarely,Sales,Life Sciences,Male,Sales Executive,Married,Low Risk
38,0,-1.3870222822111313,7,4,709,4,-0.9787745141326066,2,2,4,-0.5258700641667541,-0.9166225137945536,0,20,4,1,0,8,2,3,7,7,0,5,False,True,False,True,False,True,False,False,False,False,False,False,False,False,False,False,True,False,False,True,False,36-45,,Mid Level,Experienced Employee,0.0,Travel Rarely,Sales,Marketing,Female,Sales Executive,Single,Low Risk
29,0,0.008712273552853136,1,4,710,2,0.4974209740085685,1,1,4,-0.8037921406340092,0.6529386544509724,1,18,3,4,1,10,5,3,10,7,2,8,True,False,True,False,True,False,False,False,False,True,False,False,False,False,False,True,False,False,False,False,False,26-35,,Mid Level,Experienced Employee,0.0,Travel Frequently,Research & Development,Life Sciences,Male,Research Scientist,Divorced,Low Risk
48,0,0.035982398088206295,2,1,712,2,-0.4867093514188816,4,2,2,0.34359257872621857,0.6020628357811229,3,12,3,4,0,12,3,3,2,2,2,2,False,True,False,True,False,True,False,False,False,True,False,False,False,False,False,False,True,False,True,False,False,46-55,Low Salary,Senior Level,New Employee,0.0,Travel Rarely,Sales,Marketing,Male,Sales Executive,Married,Low Risk
27,0,1.5060900207667902,3,1,714,4,0.251388392651706,4,2,4,-0.3943457787437946,0.33166207577893875,1,20,4,2,2,6,3,3,6,5,0,4,True,False,False,True,False,False,True,False,False,False,False,False,False,False,False,False,True,False,False,False,True,26-35,,Mid Level,Experienced Employee,0.0,Travel Frequently,Sales,Medical,Female,Sales Executive,Divorced,Medium Risk
37,0,1.04745610812676,10,2,715,4,0.6942470390940585,4,1,4,-0.38733398323659324,0.1291425876484048,3,17,3,1,0,4,2,3,1,0,0,0,False,True,True,False,True,False,False,False,False,True,False,False,False,False,False,True,False,False,False,True,False,36-45,,Entry Level,New Employee,0.0,Travel Rarely,Research & Development,Life Sciences,Male,Research Scientist,Single,Low Risk
50,0,1.0028322679780002,28,1,716,4,0.3990079414658235,4,1,3,-0.6973403361155881,-1.5482134781655594,1,11,3,3,3,20,3,3,20,8,3,8,False,True,True,False,False,False,True,False,False,True,False,True,False,False,False,False,False,False,True,False,True,46-55,,Senior Level,Loyal Employee,0.0,Travel Rarely,Research & Development,Medical,Male,Laboratory Technician,Married,Medium Risk
34,0,1.5854212921423632,9,3,717,4,-0.9787745141326066,2,3,2,0.4500443832446397,0.4695327335555201,1,14,3,2,0,9,3,4,8,7,7,7,False,True,True,False,False,False,True,False,False,False,False,False,False,False,False,False,False,False,False,True,False,26-35,Low Salary,Mid Level,Experienced Employee,0.0,Travel Rarely,Research & Development,Medical,Female,Healthcare Representative,Single,Low Risk
24,1,-0.2714262784921384,3,2,720,1,-0.043850704976529056,3,2,3,-0.4092192843651309,1.4717301449773366,9,14,3,1,0,4,3,3,2,2,2,0,False,True,False,True,True,False,False,False,False,False,False,False,False,False,False,False,True,False,False,True,False,18-25,,Entry Level,New Employee,0.07,Travel Rarely,Sales,Life Sciences,Female,Sales Executive,Single,Low Risk
39,0,-0.977970414180834,2,4,721,4,0.6942470390940585,2,2,3,-0.4143187720067319,0.9366908033306033,1,11,3,1,0,20,4,3,20,7,11,10,False,True,True,False,False,False,False,False,True,False,False,False,False,False,False,False,False,False,False,True,False,36-45,,Senior Level,Loyal Employee,0.0,Travel Rarely,Research & Development,Technical Degree,Female,Healthcare Representative,Single,Low Risk
32,0,0.3136418479027112,10,3,722,4,-0.5359158676902541,3,2,4,-0.23519926859549636,1.0385829816058545,1,12,3,4,0,10,2,2,10,7,0,8,False,True,False,True,False,True,False,False,False,True,False,False,False,False,False,False,True,False,False,True,False,26-35,,Mid Level,Experienced Employee,0.0,Travel Rarely,Sales,Marketing,Male,Sales Executive,Single,Medium Risk
50,1,-0.5961886706858897,8,2,723,2,-0.7819484490471167,3,2,3,0.06227084383122937,1.2843890778864262,3,14,3,1,1,18,4,3,4,3,1,3,True,False,False,True,False,False,False,False,True,True,False,False,False,False,False,False,True,False,True,False,True,46-55,Low Salary,Senior Level,Junior Employee,0.07,Travel Frequently,Sales,Technical Degree,Male,Sales Executive,Married,Medium Risk
38,0,0.060773420393072805,1,4,724,2,-1.6184592256604493,4,2,4,0.23841564611819765,0.7125280111250505,0,13,3,3,0,10,4,2,9,7,1,8,False,True,True,False,True,False,False,False,False,False,False,False,False,False,False,False,False,False,False,True,False,36-45,Low Salary,Mid Level,Experienced Employee,0.0,Travel Rarely,Research & Development,Life Sciences,Female,Healthcare Representative,Single,Medium Risk
27,0,-0.48214996808350374,1,2,725,3,0.10376884383758846,3,3,1,0.1931576932989887,-1.1670664609483437,1,11,3,4,0,9,3,3,9,7,0,7,False,True,True,False,True,False,False,False,False,False,False,False,False,True,False,False,False,False,True,False,False,26-35,Low Salary,Mid Level,Experienced Employee,0.0,Travel Rarely,Research & Development,Life Sciences,Female,Manufacturing Director,Married,Low Risk
32,0,0.5342819464160231,3,2,727,3,-1.3232201280322142,3,3,4,0.9893152013439467,0.7111226017695297,3,15,3,4,0,10,6,3,7,7,7,7,False,True,True,False,True,False,False,False,False,False,False,False,False,False,True,False,False,False,False,True,False,26-35,Low Salary,Mid Level,Experienced Employee,0.0,Travel Rarely,Research & Development,Life Sciences,Female,Research Director,Single,Low Risk
47,0,-0.24663525618727192,14,4,728,4,-1.1756005792180968,3,2,1,-0.32783996075124805,-0.3496803797775002,2,12,3,4,0,20,2,3,7,7,1,7,False,True,False,True,False,True,False,False,False,True,False,False,False,False,False,False,True,False,False,True,False,46-55,,Senior Level,Experienced Employee,0.0,Travel Rarely,Sales,Marketing,Male,Sales Executive,Single,Low Risk
40,0,-0.55156483053713,5,4,729,4,-0.8803614815898617,2,3,1,0.8439798035583179,1.3293621772630888,5,21,4,3,1,20,2,3,18,13,1,12,True,False,False,True,True,False,False,False,False,True,False,False,False,False,False,False,True,False,True,False,True,36-45,Low Salary,Senior Level,Loyal Employee,0.0,Travel Frequently,Sales,Life Sciences,Male,Sales Executive,Married,High Risk
53,0,0.41528503935266387,7,3,730,3,-0.3390898026047641,4,4,3,1.7659246734294343,-0.11230673963005273,3,19,3,3,0,32,3,3,5,1,1,3,False,True,True,False,True,False,False,False,False,True,False,False,False,False,True,False,False,False,True,False,False,46-55,Low Salary,Executive Level,Junior Employee,0.0,Travel Rarely,Research & Development,Life Sciences,Male,Research Director,Married,Low Risk
41,0,-0.9308674718015876,10,4,731,2,0.349801425194451,2,5,4,2.68531979947975,-0.7662437127538378,3,15,3,2,3,23,2,2,21,6,12,6,False,True,False,False,False,False,False,False,False,True,False,False,True,False,False,False,False,False,False,False,False,36-45,Low Salary,Executive Level,Veteran Employee,0.0,Travel Rarely,Human Resources,Human Resources,Male,Manager,Divorced,Medium Risk
60,0,0.9334174055243739,16,4,732,1,0.8910731041795485,3,2,1,-0.23328696072989596,-0.3357668271578452,8,14,3,4,0,10,1,3,2,2,2,2,False,True,False,True,False,True,False,False,False,True,False,False,False,False,False,False,True,False,False,True,False,55+,,Mid Level,New Employee,0.0,Travel Rarely,Sales,Marketing,Male,Sales Executive,Single,Low Risk
27,0,-1.2605880684563122,10,2,733,4,-1.6676657419318217,3,3,1,0.48659071134278026,-1.3357155836108285,1,21,4,3,2,9,4,2,9,7,1,7,True,False,True,False,True,False,False,False,False,True,False,False,False,True,False,False,False,False,False,False,False,26-35,Low Salary,Mid Level,Experienced Employee,0.0,Travel Frequently,Research & Development,Life Sciences,Male,Manufacturing Director,Divorced,Medium Risk
41,0,-1.2110060238465792,1,3,734,4,-0.3390898026047641,2,5,3,2.695518774762952,0.7376848385888711,1,12,3,2,1,22,3,3,22,7,2,10,False,True,False,False,False,False,False,False,False,True,False,False,True,False,False,False,False,False,True,False,False,36-45,Low Salary,Executive Level,Veteran Employee,0.0,Travel Rarely,Human Resources,Human Resources,Male,Manager,Married,Low Risk
50,0,-1.206047819385606,8,4,738,4,-0.5851223839616266,3,1,2,-0.5583792978819605,-0.6085567830644145,7,15,3,4,1,4,2,3,2,2,2,2,False,True,False,True,False,True,False,False,False,True,False,False,False,False,False,False,False,True,True,False,False,46-55,,Entry Level,New Employee,0.0,Travel Rarely,Sales,Marketing,Male,Sales Representative,Married,Low Risk
28,1,-0.3681112654811178,1,2,741,1,0.05456232756621595,1,1,2,-0.9108813811076305,-1.4674024402231187,7,13,3,4,0,10,4,3,7,7,3,7,False,True,True,False,True,False,False,False,False,False,False,False,False,False,False,True,False,False,False,True,True,26-35,,Mid Level,Experienced Employee,0.07,Travel Rarely,Research & Development,Life Sciences,Female,Research Scientist,Single,High Risk
36,0,-0.9308674718015876,8,3,742,1,-0.14226373751927407,4,3,1,1.1070283744042368,0.8463229817706218,9,14,3,1,1,10,2,3,8,7,0,5,False,False,True,False,True,False,False,False,False,False,False,False,False,False,True,False,False,False,True,False,False,36-45,Low Salary,Mid Level,Experienced Employee,0.0,Non-Travel,Research & Development,Life Sciences,Female,Research Director,Married,Low Risk
38,0,-1.57295494949763,1,3,743,3,0.743453555365431,3,3,3,0.2885606079272743,0.15233184201449645,4,14,3,4,0,10,4,4,1,0,0,0,False,True,True,False,True,False,False,False,False,False,False,False,False,True,False,False,False,False,False,True,True,36-45,Low Salary,Mid Level,New Employee,0.0,Travel Rarely,Research & Development,Life Sciences,Female,Manufacturing Director,Single,Medium Risk
44,0,-1.0449061744039736,24,3,744,1,-0.8311549653184892,1,1,3,-0.5938632327214343,-1.7158788142791799,2,14,3,3,0,9,5,3,5,2,1,4,False,False,True,False,False,False,True,False,False,True,False,True,False,False,False,False,False,False,False,True,False,36-45,,Mid Level,Junior Employee,0.0,Non-Travel,Research & Development,Medical,Male,Laboratory Technician,Single,Low Risk
47,0,-1.4514789402037842,3,3,746,4,-0.8311549653184892,3,4,3,1.54409696101979,-0.5745458766608134,9,12,3,4,2,28,2,2,22,2,11,13,True,False,False,True,False,False,True,False,False,False,False,False,False,False,False,False,True,False,False,False,True,46-55,Low Salary,Executive Level,Veteran Employee,0.0,Travel Frequently,Sales,Medical,Female,Sales Executive,Divorced,Medium Risk
30,0,-0.7474139067455754,27,5,747,3,1.6291708482501361,3,2,4,-0.2547473045549669,1.5405952033978512,7,23,4,4,1,10,2,2,8,7,7,7,False,True,False,True,False,True,False,False,False,True,False,False,False,False,False,False,True,False,False,False,False,26-35,,Mid Level,Experienced Employee,0.0,Travel Rarely,Sales,Marketing,Male,Sales Executive,Divorced,Medium Risk
29,0,1.4713825895399772,10,3,749,3,1.6291708482501361,3,1,3,-0.8203654754692125,-1.6243866652347818,1,11,3,3,0,1,6,3,1,0,0,0,False,True,False,True,True,False,False,False,False,True,False,False,False,False,False,False,False,True,False,True,False,26-35,,Entry Level,New Employee,0.0,Travel Rarely,Sales,Life Sciences,Male,Sales Representative,Single,Low Risk
42,1,0.3235582568246578,19,3,752,3,-0.4375028351475091,4,1,3,-0.7955054732164076,0.8506797507727359,6,12,3,4,0,7,2,3,2,2,2,2,True,False,True,False,False,False,True,False,False,True,False,False,False,False,False,True,False,False,False,False,True,36-45,,Mid Level,New Employee,0.07,Travel Frequently,Research & Development,Medical,Male,Research Scientist,Divorced,Medium Risk
43,0,-0.06813989559223305,15,3,754,4,-0.9295679978612341,2,2,4,0.06397067304509638,1.3168540339989545,3,18,3,3,1,7,5,3,2,2,2,2,True,False,False,True,True,False,False,False,False,True,False,False,False,False,False,False,True,False,True,False,False,36-45,Low Salary,Mid Level,New Employee,0.0,Travel Frequently,Sales,Life Sciences,Male,Sales Executive,Married,Low Risk
34,0,0.41528503935266387,8,2,757,2,1.4815512994360187,3,2,3,-0.07669019440239822,-0.9771956570174961,3,11,3,4,0,10,2,3,5,1,4,3,False,True,True,False,False,False,True,False,False,False,False,False,False,False,False,False,False,False,False,True,False,26-35,,Mid Level,Junior Employee,0.0,Travel Rarely,Research & Development,Medical,Female,Healthcare Representative,Single,Low Risk
23,0,-0.3780276744030644,9,1,758,2,-1.4216331605749593,3,1,1,-0.8505374440153518,-1.4010671186425414,1,14,3,4,1,5,2,4,4,3,0,2,False,True,True,False,False,False,True,False,False,True,False,True,False,False,False,False,False,False,True,False,False,18-25,,Entry Level,Junior Employee,0.0,Travel Rarely,Research & Development,Medical,Male,Laboratory Technician,Married,Low Risk
39,0,-1.6398907097207698,3,3,760,3,-1.0771875466753518,4,2,2,-0.024207967424254465,0.6259547948249748,9,15,3,3,1,12,3,1,8,3,3,6,False,True,False,False,False,False,False,False,False,False,True,False,False,False,False,False,False,False,True,False,False,36-45,,Senior Level,Experienced Employee,0.0,Travel Rarely,Human Resources,Human Resources,Female,Human Resources,Married,Medium Risk
56,0,0.07316893154550606,9,3,762,3,0.743453555365431,3,4,4,0.9774163968468776,0.8582689612925478,7,11,3,3,0,30,1,2,10,7,1,1,False,True,True,False,False,False,True,False,False,True,False,False,False,False,False,False,False,False,True,False,False,55+,Low Salary,Executive Level,Experienced Employee,0.0,Travel Rarely,Research & Development,Medical,Male,Healthcare Representative,Married,Medium Risk
40,0,0.003754069091879834,2,1,763,4,0.9894861367222936,2,1,4,-0.8841090709892252,1.2108861685926933,0,20,4,4,0,5,2,2,4,2,2,3,False,True,True,False,False,False,True,False,False,False,False,False,False,False,False,True,False,False,False,True,True,36-45,,Entry Level,Junior Employee,0.0,Travel Rarely,Research & Development,Medical,Female,Research Scientist,Single,Medium Risk
27,0,0.4276805505050971,7,3,764,4,-0.5359158676902541,2,2,1,0.06545802360722999,1.2767998673666145,8,19,3,1,0,9,2,1,7,6,0,7,False,True,True,False,False,False,True,False,False,False,False,False,False,False,False,False,False,False,False,True,False,26-35,Low Salary,Mid Level,Experienced Employee,0.0,Travel Rarely,Research & Development,Medical,Female,Healthcare Representative,Single,Medium Risk
29,0,0.712777307011062,10,3,766,4,0.841866587908176,3,1,2,-0.893670610317227,0.5135220463833182,1,14,3,4,2,2,2,3,2,2,2,2,False,True,False,True,False,True,False,False,False,True,False,False,False,False,False,False,False,True,False,False,False,26-35,,Entry Level,New Employee,0.0,Travel Rarely,Sales,Marketing,Male,Sales Representative,Divorced,Low Risk
53,0,-1.1316747524710062,6,3,769,4,0.9894861367222936,3,2,4,-0.8611613766020206,-0.4770104673876763,2,17,3,4,0,19,4,3,2,2,2,2,False,True,True,False,True,False,False,False,False,True,False,True,False,False,False,False,False,False,False,True,False,46-55,,Senior Level,New Employee,0.0,Travel Rarely,Research & Development,Life Sciences,Male,Laboratory Technician,Single,Low Risk
35,0,1.04745610812676,2,4,771,4,-0.2406767700620191,3,2,1,-0.2995803000707091,-1.342461548517328,2,11,3,1,1,16,2,4,1,0,0,0,False,False,True,False,True,False,False,False,False,False,False,False,False,False,False,False,False,False,False,False,False,26-35,,Senior Level,New Employee,0.0,Non-Travel,Research & Development,Life Sciences,Female,Healthcare Representative,Divorced,Low Risk
32,0,-0.9234301651101275,24,4,772,1,0.6942470390940585,3,2,4,-0.2536849112963,0.9603016805033512,1,15,3,4,2,10,2,3,10,8,4,7,True,False,True,False,True,False,False,False,False,True,False,True,False,False,False,False,False,False,True,False,False,26-35,,Mid Level,Experienced Employee,0.0,Travel Frequently,Research & Development,Life Sciences,Male,Laboratory Technician,Married,Low Risk
38,0,-1.325044726448965,2,5,773,4,1.2847252343505287,3,1,3,-0.7321868349998617,0.8654365490057034,6,13,3,2,1,6,0,1,1,0,0,1,False,True,True,False,False,False,True,False,False,True,False,False,False,False,False,True,False,False,True,False,True,36-45,,Mid Level,New Employee,0.0,Travel Rarely,Research & Development,Medical,Male,Research Scientist,Married,Medium Risk
34,0,-1.5754340517281167,8,5,775,2,-1.6676657419318217,3,2,1,-0.2936308978221746,-1.4231320455242165,3,14,3,3,1,7,3,3,0,0,0,0,False,True,True,False,True,False,False,False,False,False,False,False,False,True,False,False,False,False,False,False,False,26-35,,Mid Level,,0.0,Travel Rarely,Research & Development,Life Sciences,Female,Manufacturing Director,Divorced,Low Risk
52,0,-0.44992163908717725,3,4,776,3,-1.7168722582031943,2,4,1,2.199806080268987,-0.5943621485736553,1,11,3,1,0,34,3,4,34,6,1,16,False,True,False,True,False,True,False,False,False,True,False,False,True,False,False,False,False,False,True,False,False,46-55,Low Salary,Executive Level,Veteran Employee,0.0,Travel Rarely,Sales,Marketing,Male,Manager,Married,Low Risk
33,1,-0.6829572487529224,1,4,780,4,-0.14226373751927407,3,1,4,-0.811016414792944,-1.2797802912611043,1,13,3,3,0,10,2,2,10,9,7,8,False,True,True,False,False,False,False,True,False,True,False,False,False,False,False,True,False,False,False,True,True,26-35,,Mid Level,Experienced Employee,0.07,Travel Rarely,Research & Development,Other,Male,Research Scientist,Single,Medium Risk
25,0,0.19960314530032525,26,1,781,3,-1.6676657419318217,3,2,4,-0.06861600563652995,1.1937401744553406,1,23,4,2,0,6,5,2,6,5,1,4,False,True,False,True,False,False,True,False,False,False,False,False,False,False,False,False,True,False,False,True,False,18-25,,Mid Level,Experienced Employee,0.0,Travel Rarely,Sales,Medical,Female,Sales Executive,Single,Medium Risk
45,0,0.37561940366487745,2,2,783,2,-0.9787745141326066,1,2,3,0.027424344946955784,-0.2705558330616844,0,13,3,1,0,9,3,3,8,7,3,1,False,True,False,True,False,False,False,False,True,True,False,False,False,False,False,False,False,True,False,True,False,36-45,Low Salary,Mid Level,Experienced Employee,0.0,Travel Rarely,Sales,Technical Degree,Male,Sales Representative,Single,Low Risk
23,0,-1.2209224327685257,10,1,784,1,0.645040522822686,4,1,3,-0.6369963990233094,0.7472416222064119,1,18,3,4,0,2,3,3,2,2,0,2,False,True,True,False,False,False,True,False,False,True,False,False,False,False,False,True,False,False,False,True,False,18-25,,Entry Level,New Employee,0.0,Travel Rarely,Research & Development,Medical,Male,Research Scientist,Single,Low Risk
47,1,-0.2069696204994855,27,2,785,2,0.5466274902799411,4,2,3,-0.02250813821038746,-0.5585242100078773,4,12,3,4,0,8,2,3,5,4,1,3,True,False,False,True,True,False,False,False,False,False,False,False,False,False,False,False,True,False,False,True,True,46-55,,Mid Level,Junior Employee,0.07,Travel Frequently,Sales,Life Sciences,Female,Sales Executive,Single,Medium Risk
34,0,-1.2357970461514456,2,3,786,4,-0.2898832863333916,3,2,4,-0.04864301237359265,0.6145709790452571,1,22,4,3,0,6,5,3,6,5,1,4,False,True,False,True,False,False,False,True,False,True,False,False,False,False,False,False,True,False,False,True,False,26-35,,Mid Level,Experienced Employee,0.0,Travel Rarely,Sales,Other,Male,Sales Executive,Single,Low Risk
55,1,-0.19209500711656557,2,3,787,4,0.5958340065513135,3,5,1,2.837879471424314,0.9677503500876109,5,13,3,4,1,24,2,3,5,2,1,4,False,True,True,False,False,False,True,False,False,True,False,False,True,False,False,False,False,False,True,False,True,46-55,Low Salary,Executive Level,Junior Employee,0.07,Travel Rarely,Research & Development,Medical,Male,Manager,Married,High Risk
36,0,1.5655884742984698,8,4,789,1,0.4974209740085685,2,3,1,0.2303414573523294,-0.011819970710322154,1,15,3,2,0,10,1,3,10,7,0,9,False,False,False,True,True,False,False,False,False,True,False,False,False,False,False,False,True,False,False,True,False,36-45,Low Salary,Mid Level,Experienced Employee,0.0,Non-Travel,Sales,Life Sciences,Male,Sales Executive,Single,Low Risk
52,0,-0.2168860294214321,19,4,791,4,-1.2248070954894692,3,1,4,-0.47699997426807766,1.725265992713272,0,18,3,1,1,5,3,3,4,3,1,2,False,False,True,False,False,False,True,False,False,True,False,False,False,False,False,True,False,False,True,False,False,46-55,,Entry Level,Junior Employee,0.0,Non-Travel,Research & Development,Medical,Male,Research Scientist,Married,Low Risk
26,0,-0.5639603416895632,1,2,792,1,0.251388392651706,1,1,4,-0.45447723718433986,-1.2683964754813866,3,14,3,1,1,5,2,3,2,2,2,0,True,False,True,False,True,False,False,False,False,False,False,True,False,False,False,False,False,False,False,False,False,26-35,,Entry Level,New Employee,0.0,Travel Frequently,Research & Development,Life Sciences,Female,Laboratory Technician,Divorced,Low Risk
29,0,-0.36067395878965786,27,3,793,2,0.005355811294843447,3,2,3,-0.4606391180846078,1.5791034197391185,4,12,3,1,1,11,3,2,8,7,1,1,False,True,True,False,False,False,True,False,False,False,False,False,False,False,False,False,False,False,True,False,False,26-35,,Senior Level,Experienced Employee,0.0,Travel Rarely,Research & Development,Medical,Female,Healthcare Representative,Married,Medium Risk
26,1,0.8516070319183144,8,3,796,4,-1.3724266443035866,2,2,1,-0.25007277421683266,-1.580959516149192,6,17,3,3,0,6,2,2,4,3,1,2,False,True,False,True,False,False,False,False,True,True,False,False,False,False,False,False,True,False,False,True,False,26-35,,Mid Level,Junior Employee,0.07,Travel Rarely,Sales,Technical Degree,Male,Sales Executive,Single,Medium Risk
34,0,-1.538247518270817,1,4,797,2,0.3005949089230785,4,1,4,-0.6848040956633189,-0.10710672501462612,2,16,3,3,0,10,2,3,4,2,1,3,False,True,True,False,True,False,False,False,False,False,False,False,False,False,False,True,False,False,False,True,False,26-35,,Mid Level,Junior Employee,0.0,Travel Rarely,Research & Development,Life Sciences,Female,Research Scientist,Single,Low Risk
54,0,-1.0573016855564068,19,4,799,4,1.432344783164646,3,2,1,-0.21628866859122592,1.174486066284707,9,11,3,2,2,9,4,3,5,3,1,4,False,True,True,False,False,False,True,False,False,False,False,False,False,True,False,False,False,False,False,False,True,46-55,,Mid Level,Junior Employee,0.0,Travel Rarely,Research & Development,Medical,Female,Manufacturing Director,Divorced,High Risk
27,0,0.0657316248540461,8,1,800,3,0.8910731041795485,3,2,4,-0.45915176752247416,1.3625298380533777,0,19,3,2,1,5,3,3,4,2,1,1,True,False,False,True,False,True,False,False,False,True,False,False,False,False,False,False,True,False,True,False,False,26-35,,Entry Level,Junior Employee,0.0,Travel Frequently,Sales,Marketing,Male,Sales Executive,Married,Low Risk
37,0,-0.5738767506115098,10,1,802,4,0.7926600716368035,3,1,1,-0.7906184642265399,0.7858903794832314,0,13,3,2,2,6,3,2,5,3,4,3,False,True,True,False,True,False,False,False,False,False,False,False,False,False,False,True,False,False,False,False,True,36-45,,Mid Level,Junior Employee,0.0,Travel Rarely,Research & Development,Life Sciences,Female,Research Scientist,Divorced,High Risk
38,0,-1.3944595889025913,2,4,803,1,0.448214457737196,4,2,1,-0.11111173598320505,1.6544333611950286,6,12,3,4,0,17,2,3,15,7,4,12,True,False,True,False,True,False,False,False,False,False,False,False,False,True,False,False,False,False,False,True,True,36-45,,Senior Level,Loyal Employee,0.0,Travel Frequently,Research & Development,Life Sciences,Female,Manufacturing Director,Single,High Risk
34,0,-1.6894727543305028,2,4,804,3,0.9894861367222936,2,1,1,-0.4508651001048725,-0.953303697973644,1,11,3,3,0,6,3,3,6,5,1,3,False,True,True,False,False,False,True,False,False,False,False,False,False,False,False,True,False,False,False,True,False,26-35,,Mid Level,Experienced Employee,0.0,Travel Rarely,Research & Development,Medical,Female,Research Scientist,Single,Low Risk
35,0,-1.0374688677125135,8,4,805,1,0.3005949089230785,3,1,4,-0.8352389810905488,0.8437932449306845,1,16,3,2,1,3,1,2,3,2,0,2,False,True,False,True,True,False,False,False,False,False,False,False,False,False,False,False,False,True,True,False,False,26-35,,Entry Level,Junior Employee,0.0,Travel Rarely,Sales,Life Sciences,Female,Sales Representative,Married,Medium Risk
30,0,0.293809030058818,1,3,806,4,-1.3724266443035866,1,1,3,-0.5673034012547623,1.4141083614009875,3,21,4,3,2,7,2,3,2,2,0,2,False,True,True,False,True,False,False,False,False,True,False,True,False,False,False,False,False,False,True,False,False,26-35,,Mid Level,New Employee,0.0,Travel Rarely,Research & Development,Life Sciences,Male,Laboratory Technician,Married,Low Risk
40,0,-0.028474259904446627,2,2,807,3,-1.3724266443035866,4,2,2,-0.47997467539234495,-0.6158649117131222,1,24,4,4,1,8,2,3,8,7,3,7,True,False,True,False,False,False,True,False,False,False,False,False,False,False,False,False,False,False,True,False,False,36-45,,Mid Level,Experienced Employee,0.0,Travel Frequently,Research & Development,Medical,Female,Healthcare Representative,Married,Low Risk
34,0,0.7648384538512817,8,2,808,3,1.333931750621901,3,2,1,-0.000622837081849785,-0.14167979516043552,5,17,3,2,1,6,1,3,3,2,1,2,False,True,False,True,True,False,False,False,False,False,False,False,False,False,False,False,True,False,True,False,False,26-35,,Mid Level,Junior Employee,0.0,Travel Rarely,Sales,Life Sciences,Female,Sales Executive,Married,Low Risk
42,0,-0.5763558528419964,8,3,809,2,0.005355811294843447,3,5,4,2.53424747809732,0.26869973665161107,1,13,3,2,1,24,4,2,24,7,14,9,True,False,True,False,True,False,False,False,False,True,False,False,True,False,False,False,False,False,False,False,False,36-45,Low Salary,Executive Level,Veteran Employee,0.0,Travel Frequently,Research & Development,Life Sciences,Male,Manager,Divorced,Medium Risk
23,1,1.0920799482755195,6,3,811,3,-0.14226373751927407,4,1,1,-1.0415557519236565,-1.527413419703853,1,21,4,3,2,1,2,3,0,0,0,0,False,True,True,False,True,False,False,False,False,True,False,True,False,False,False,False,False,False,True,False,True,18-25,,Entry Level,,0.07,Travel Rarely,Research & Development,Life Sciences,Male,Laboratory Technician,Married,High Risk
24,0,0.7177355114720353,9,3,812,3,-0.2898832863333916,2,1,2,-0.8093165855790769,1.7199254371622934,1,11,3,3,3,1,4,3,1,0,0,0,False,False,True,False,True,False,False,False,False,True,False,True,False,False,False,False,False,False,False,False,False,18-25,,Entry Level,New Employee,0.0,Non-Travel,Research & Development,Life Sciences,Male,Laboratory Technician,Divorced,Low Risk
52,0,1.2953663311754249,11,4,813,4,0.7926600716368035,3,2,3,-0.7126387990403912,1.055166812000999,8,20,4,2,1,9,3,3,5,2,1,4,False,True,True,False,True,False,False,False,False,False,False,True,False,False,False,False,False,False,True,False,False,46-55,,Mid Level,Junior Employee,0.0,Travel Rarely,Research & Development,Life Sciences,Female,Laboratory Technician,Married,Low Risk
50,0,-0.2763844829531117,2,3,815,3,-0.09305722124790157,3,4,3,2.3661768645762202,-1.044514765146938,5,16,3,4,0,30,3,3,4,3,0,3,False,True,True,False,False,False,True,False,False,True,False,False,False,False,True,False,False,False,True,False,False,46-55,Low Salary,Executive Level,Junior Employee,0.0,Travel Rarely,Research & Development,Medical,Male,Research Director,Married,Low Risk
29,1,0.006233171322366485,1,2,816,2,-1.4708396768463317,2,1,1,-0.8889960799790928,-1.0714986247729354,1,11,3,4,1,1,1,3,1,0,0,0,False,True,True,False,True,False,False,False,False,False,False,True,False,False,False,False,False,False,True,False,True,26-35,,Entry Level,New Employee,0.07,Travel Rarely,Research & Development,Life Sciences,Female,Laboratory Technician,Married,High Risk
33,0,-1.4613953491257308,7,3,817,3,-0.8311549653184892,3,3,3,1.1023538440661025,1.6417846769953421,0,11,3,4,0,14,3,4,13,9,3,7,False,True,True,False,False,False,True,False,False,True,False,False,False,False,True,False,False,False,True,False,False,26-35,Low Salary,Senior Level,Loyal Employee,0.0,Travel Rarely,Research & Development,Medical,Male,Research Director,Married,Low Risk
33,1,-1.6969100610219627,16,3,819,1,0.15297536010896096,3,2,1,-0.25049773152029936,1.7137416359980024,5,15,3,3,0,6,3,3,3,2,0,2,False,True,False,True,False,True,False,False,False,False,False,False,False,False,False,False,True,False,False,True,False,26-35,,Mid Level,Junior Employee,0.07,Travel Rarely,Sales,Marketing,Female,Sales Executive,Single,Low Risk
47,0,-1.488665473661084,2,2,820,3,-1.6184592256604493,3,4,4,2.177708300488716,-0.18707451734375435,1,11,3,3,1,26,3,2,26,14,3,0,False,True,True,False,False,False,False,True,False,False,False,False,True,False,False,False,False,False,True,False,True,46-55,Low Salary,Executive Level,Veteran Employee,0.0,Travel Rarely,Research & Development,Other,Female,Manager,Married,Medium Risk
36,0,-0.31357101641041146,1,3,823,3,-1.5200461931177043,3,2,2,-0.27089568208670345,1.2715998527511878,0,15,3,1,1,10,2,3,9,7,0,5,False,True,True,False,False,False,False,True,False,False,False,False,False,True,False,False,False,False,True,False,False,36-45,,Mid Level,Experienced Employee,0.0,Travel Rarely,Research & Development,Other,Female,Manufacturing Director,Married,Low Risk
29,0,1.1143918683498995,23,2,824,3,0.743453555365431,4,1,3,-0.8080417136686767,1.3303459638119535,1,24,4,3,1,10,3,3,10,7,0,7,False,True,True,False,True,False,False,False,False,True,False,False,False,False,False,True,False,False,True,False,False,26-35,,Mid Level,Experienced Employee,0.0,Travel Rarely,Research & Development,Life Sciences,Male,Research Scientist,Married,Low Risk
58,1,-1.2804208863002053,2,4,825,4,-1.7168722582031943,3,5,2,2.7076300579117545,1.6088980980761576,7,12,3,4,0,40,2,3,31,15,13,8,False,True,True,False,True,False,False,False,False,True,False,False,False,False,True,False,False,False,False,True,True,55+,Low Salary,Executive Level,Veteran Employee,0.07,Travel Rarely,Research & Development,Life Sciences,Male,Research Director,Single,High Risk
35,0,1.1292664817328193,1,4,826,4,-1.2740136117608418,4,1,3,-0.8492625721049516,-0.1422419589026438,3,13,3,3,0,7,0,3,2,2,2,2,False,True,True,False,True,False,False,False,False,False,False,False,False,False,False,True,False,False,False,True,False,26-35,,Mid Level,New Employee,0.0,Travel Rarely,Research & Development,Life Sciences,Female,Research Scientist,Single,Low Risk
42,0,0.32107915459417113,1,2,827,4,-1.1263940629467242,2,2,4,-0.09368848654106826,-1.4422456127592982,9,13,3,4,1,8,4,3,4,3,0,2,False,True,True,False,True,False,False,False,False,False,False,False,False,True,False,False,False,False,True,False,True,36-45,,Mid Level,Junior Employee,0.0,Travel Rarely,Research & Development,Life Sciences,Female,Manufacturing Director,Married,Medium Risk
28,1,0.2169568609137318,2,4,828,3,-0.9787745141326066,3,1,3,-0.4506526214531391,0.2896403360488696,6,17,3,4,0,5,3,2,2,2,2,1,False,True,True,False,False,False,True,False,False,True,False,False,False,False,False,True,False,False,False,True,False,26-35,,Entry Level,New Employee,0.07,Travel Rarely,Research & Development,Medical,Male,Research Scientist,Single,Medium Risk
36,0,0.5913012977172161,13,3,829,3,-1.4708396768463317,3,1,2,-0.9263923226841669,1.576011519156973,4,13,3,2,1,8,2,3,5,2,0,4,False,True,False,False,False,False,False,False,False,True,True,False,False,False,False,False,False,False,True,False,False,36-45,,Mid Level,Junior Employee,0.0,Travel Rarely,Human Resources,Human Resources,Male,Human Resources,Married,Low Risk
32,0,0.14010469176864562,4,3,830,3,1.5799643319787637,2,2,3,-0.0724406213677307,0.6761279088170641,1,12,3,3,1,14,3,3,14,13,6,8,False,True,True,False,True,False,False,False,False,False,False,False,False,True,False,False,False,False,True,False,False,26-35,,Senior Level,Loyal Employee,0.0,Travel Rarely,Research & Development,Life Sciences,Female,Manufacturing Director,Married,Low Risk
40,0,-0.20449051826899883,16,4,832,1,-0.7327419327757442,2,2,3,-0.2993678214189758,-0.327474911960273,6,14,3,4,0,10,6,3,1,0,0,0,True,False,True,False,False,False,True,False,False,True,False,True,False,False,False,False,False,False,False,True,False,36-45,,Mid Level,New Employee,0.0,Travel Frequently,Research & Development,Medical,Male,Laboratory Technician,Single,Low Risk
30,0,0.35578658582098427,2,3,833,3,-0.6835354165043717,2,2,4,0.07948161462163278,0.8321283472798626,5,24,4,2,0,12,4,2,0,0,0,0,False,True,True,False,False,False,True,False,False,False,False,False,False,True,False,False,False,False,False,True,True,26-35,Low Salary,Senior Level,,0.0,Travel Rarely,Research & Development,Medical,Female,Manufacturing Director,Single,Medium Risk
45,0,-1.3647103621367513,2,3,834,2,1.432344783164646,2,1,3,-0.8985576193070947,-1.1468285662288455,1,14,3,4,0,1,3,3,1,0,0,0,False,True,True,False,True,False,False,False,False,False,False,False,False,False,False,True,False,False,False,True,False,36-45,,Entry Level,New Employee,0.0,Travel Rarely,Research & Development,Life Sciences,Female,Research Scientist,Single,Low Risk
42,0,0.3235582568246578,29,3,836,2,1.5799643319787637,3,2,2,-0.4396037315630036,-0.35235065755298955,1,13,3,4,1,10,3,2,9,8,7,8,False,True,True,False,True,False,False,False,False,True,False,False,False,True,False,False,False,False,True,False,False,36-45,,Mid Level,Experienced Employee,0.0,Travel Rarely,Research & Development,Life Sciences,Male,Manufacturing Director,Married,Medium Risk
38,0,-0.821786973660175,12,3,837,1,-1.0279810304039791,2,2,1,-0.0456683112493254,-1.4094995747756656,2,15,3,3,1,13,3,2,4,3,1,2,True,False,True,False,True,False,False,False,False,True,False,False,False,False,False,False,False,False,False,False,False,36-45,,Senior Level,Junior Employee,0.0,Travel Frequently,Research & Development,Life Sciences,Male,Healthcare Representative,Divorced,Medium Risk
34,0,-0.24911435841775856,16,4,838,3,1.6783773645215088,2,1,4,-0.8392760754734829,-0.8442439319852372,1,16,3,3,0,6,3,3,5,2,1,3,True,False,True,False,True,False,False,False,False,False,False,False,False,False,False,True,False,False,False,True,False,26-35,,Mid Level,Junior Employee,0.0,Travel Frequently,Research & Development,Life Sciences,Female,Research Scientist,Single,Low Risk
49,1,0.9458129166768071,11,3,840,3,-1.1263940629467242,3,3,4,0.24457752701846555,-1.188007060345602,1,18,3,1,2,9,3,4,9,8,7,7,False,True,False,True,False,True,False,False,False,False,False,False,False,False,False,False,True,False,True,False,False,46-55,Low Salary,Mid Level,Experienced Employee,0.07,Travel Rarely,Sales,Marketing,Female,Sales Executive,Married,Low Risk
55,1,-0.9085555517272077,2,1,842,3,-1.4216331605749593,3,2,4,-0.28534423040457296,1.0127234494642736,4,16,3,3,0,12,3,2,9,7,7,3,False,True,False,True,False,False,True,False,False,True,False,False,False,False,False,False,True,False,False,True,False,46-55,,Senior Level,Experienced Employee,0.07,Travel Rarely,Sales,Medical,Male,Sales Executive,Single,Medium Risk
43,0,-0.5292529104627501,14,2,843,2,1.3831382668932737,3,4,1,2.2641871117442,-1.280764077809969,6,24,4,3,1,22,3,3,4,1,1,0,False,True,True,False,True,False,False,False,False,True,False,False,False,False,True,False,False,False,True,False,False,36-45,Low Salary,Executive Level,Junior Employee,0.0,Travel Rarely,Research & Development,Life Sciences,Male,Research Director,Married,Low Risk
27,0,-1.3225656242184785,5,1,844,3,-1.1756005792180968,2,3,4,1.3396924980522829,-0.7689139905293272,1,16,3,2,1,9,3,3,9,8,0,8,False,True,True,False,False,False,False,False,True,True,False,False,False,False,True,False,False,False,False,False,True,26-35,Low Salary,Mid Level,Experienced Employee,0.0,Travel Rarely,Research & Development,Technical Degree,Male,Research Director,Divorced,Medium Risk
35,0,0.3657029947429309,7,3,845,3,-0.3390898026047641,3,3,3,0.7900102260180405,0.6402899702512861,3,21,4,2,0,17,3,4,8,5,1,6,False,True,True,False,False,False,False,True,False,True,False,False,False,True,False,False,False,False,False,True,False,26-35,Low Salary,Senior Level,Experienced Employee,0.0,Travel Rarely,Research & Development,Other,Male,Manufacturing Director,Single,Low Risk
28,0,-0.10532642904953281,2,4,846,2,0.743453555365431,3,2,2,-0.36629859671498904,-1.4918565630091791,1,20,4,1,0,8,2,3,8,7,7,5,False,True,False,True,False,True,False,False,False,False,False,False,False,False,False,False,True,False,True,False,True,26-35,,Mid Level,Experienced Employee,0.0,Travel Rarely,Sales,Marketing,Female,Sales Executive,Married,High Risk
34,0,0.0657316248540461,3,2,847,3,1.0878991692650386,3,1,4,-0.5877013518211663,-1.6963436242374421,0,19,3,3,1,4,1,1,3,2,0,2,False,True,False,False,False,False,False,False,False,True,True,False,False,False,False,False,False,False,True,False,False,26-35,,Entry Level,Junior Employee,0.0,Travel Rarely,Human Resources,Human Resources,Male,Human Resources,Married,Medium Risk
26,1,0.20951955422227186,5,2,848,3,1.0878991692650386,2,1,3,-0.8790095833476241,0.9254475284864376,1,14,3,1,1,8,2,3,8,7,1,7,True,False,True,False,False,False,True,False,False,False,False,False,False,False,False,True,False,False,True,False,True,26-35,,Mid Level,Experienced Employee,0.07,Travel Frequently,Research & Development,Medical,Female,Research Scientist,Married,Medium Risk
27,0,-0.8912018361138011,3,3,850,4,-0.7819484490471167,3,1,4,-1.019245493491652,0.3173269003526275,1,11,3,3,3,0,6,2,0,0,0,0,False,False,True,False,False,False,True,False,False,True,False,False,False,False,False,True,False,False,True,False,False,26-35,,,,0.0,Non-Travel,Research & Development,Medical,Male,Research Scientist,Married,Medium Risk
51,0,1.2780126155620184,26,4,851,1,0.005355811294843447,3,4,3,2.083155300467364,-1.225390949202453,2,14,3,3,1,29,2,2,20,6,4,17,False,True,False,True,False,True,False,False,False,False,False,False,True,False,False,False,False,False,True,False,False,46-55,Low Salary,Executive Level,Loyal Employee,0.0,Travel Rarely,Sales,Marketing,Female,Manager,Married,Medium Risk
44,0,-0.4400052301652307,4,3,852,4,-0.7819484490471167,3,2,2,-0.1210982326146737,-1.281185700616625,9,12,3,4,0,10,2,2,5,2,2,3,False,True,True,False,False,False,True,False,False,True,False,False,False,False,False,False,False,False,False,True,False,36-45,,Mid Level,Junior Employee,0.0,Travel Rarely,Research & Development,Medical,Male,Healthcare Representative,Single,Medium Risk
25,0,-1.5432057227317904,2,1,854,1,-0.043850704976529056,4,1,1,-0.6542071698137129,1.0286045751816575,7,13,3,3,0,6,3,2,4,3,0,1,False,True,True,False,False,False,True,False,False,True,False,False,False,False,False,True,False,False,False,True,False,18-25,,Mid Level,Junior Employee,0.0,Travel Rarely,Research & Development,Medical,Male,Research Scientist,Single,Medium Risk
33,0,-0.5366902171542101,1,3,855,1,-0.8803614815898617,4,2,1,-0.5239577563011537,1.0544641073232386,1,22,4,1,1,9,5,3,9,8,0,8,False,True,False,True,False,False,True,False,False,True,False,False,False,False,False,False,True,False,False,False,False,26-35,,Mid Level,Experienced Employee,0.0,Travel Rarely,Sales,Medical,Male,Sales Executive,Divorced,Low Risk
35,0,1.3399901713241846,27,1,856,3,-0.6343289002329991,2,1,1,-0.8380012035630827,0.49735983879483014,1,11,3,4,0,6,3,2,6,5,1,1,False,True,True,False,False,False,True,False,False,False,False,False,False,False,False,True,False,False,False,True,False,26-35,,Mid Level,Experienced Employee,0.0,Travel Rarely,Research & Development,Medical,Female,Research Scientist,Single,Medium Risk
36,0,0.3111627456722245,1,2,857,2,-0.4867093514188816,3,2,4,-0.06415395395012906,-1.614829881617241,1,14,3,4,1,18,1,2,18,14,4,11,False,True,False,True,True,False,False,False,False,True,False,False,False,False,False,False,True,False,True,False,True,36-45,,Senior Level,Loyal Employee,0.0,Travel Rarely,Sales,Life Sciences,Male,Sales Executive,Married,Medium Risk
32,0,-1.6993891632524494,13,4,859,2,0.349801425194451,3,2,4,-0.4461905697667382,-0.7115732888240823,2,11,3,3,1,8,3,2,5,2,0,3,False,True,False,True,True,False,False,False,False,True,False,False,False,False,False,False,True,False,False,False,False,26-35,,Mid Level,Junior Employee,0.0,Travel Rarely,Sales,Life Sciences,Male,Sales Executive,Divorced,Medium Risk
30,0,0.5194073330331033,5,4,861,2,0.448214457737196,2,1,4,-0.5826018641795653,-1.678073302615673,9,12,3,2,1,10,3,2,5,4,0,3,True,False,True,False,True,False,False,False,False,True,False,False,False,False,False,True,False,False,False,False,False,26-35,,Mid Level,Junior Employee,0.0,Travel Frequently,Research & Development,Life Sciences,Male,Research Scientist,Divorced,Medium Risk
53,0,-0.35075754986771124,7,2,862,1,0.5958340065513135,2,3,4,0.9415075047039373,0.8997285372804087,7,18,3,4,1,35,3,3,5,2,0,4,False,True,False,True,False,True,False,False,False,False,False,False,False,False,False,False,True,False,True,False,True,46-55,Low Salary,Executive Level,Junior Employee,0.0,Travel Rarely,Sales,Marketing,Female,Sales Executive,Married,Medium Risk
45,0,0.31612095013319785,9,3,864,4,0.3990079414658235,3,3,1,0.9047486979540633,0.6922901164055523,4,12,3,3,1,18,2,3,5,4,0,2,False,True,False,True,False,True,False,False,False,True,False,False,False,False,False,False,True,False,False,False,True,36-45,Low Salary,Senior Level,Junior Employee,0.0,Travel Rarely,Sales,Marketing,Male,Sales Executive,Divorced,High Risk
32,0,-0.4077769011689042,8,2,865,3,1.235518718079156,4,2,3,-0.2821570506285723,1.103091271024255,5,12,3,3,1,9,3,2,5,3,1,3,False,True,True,False,False,False,True,False,False,False,False,False,False,False,False,True,False,False,True,False,False,26-35,,Mid Level,Junior Employee,0.0,Travel Rarely,Research & Development,Medical,Female,Research Scientist,Married,Medium Risk
52,0,0.2169568609137318,25,4,867,3,0.743453555365431,2,4,4,1.5559957655168593,0.6626359790040653,3,22,4,3,0,31,3,3,9,8,0,0,True,False,True,False,False,False,True,False,False,False,False,False,False,True,False,False,False,False,True,False,False,46-55,Low Salary,Executive Level,Experienced Employee,0.0,Travel Frequently,Research & Development,Medical,Female,Manufacturing Director,Married,Low Risk
37,0,-1.1415911613929528,16,4,868,4,0.005355811294843447,2,2,3,-0.03589429326959012,1.4398273526070164,4,19,3,4,2,9,2,3,1,0,0,0,False,True,False,True,False,True,False,False,False,True,False,False,False,False,False,False,True,False,False,False,False,36-45,,Mid Level,New Employee,0.0,Travel Rarely,Sales,Marketing,Male,Sales Executive,Divorced,Low Risk
28,0,0.9086263832195074,8,2,869,2,-0.14226373751927407,2,1,4,-0.3329394483928491,1.3564865778246387,1,13,3,4,1,6,6,3,5,1,0,4,False,True,False,False,False,False,True,False,False,True,True,False,False,False,False,False,False,False,False,False,False,26-35,,Mid Level,Junior Employee,0.0,Travel Rarely,Human Resources,Medical,Male,Human Resources,Divorced,Low Risk
22,0,1.0598516192791931,1,2,872,4,-1.6184592256604493,2,2,4,-0.36714851132192255,0.6792198093992097,6,22,4,1,2,4,2,1,2,2,2,2,False,True,True,False,True,False,False,False,False,True,False,False,False,True,False,False,False,False,True,False,False,18-25,,Entry Level,New Employee,0.0,Travel Rarely,Research & Development,Life Sciences,Male,Manufacturing Director,Married,Medium Risk
44,0,0.4549506750404503,8,4,874,1,-0.19147025379064658,4,1,4,-0.7829692327641384,-1.3026884637560918,2,24,4,3,1,10,2,2,3,2,0,2,False,True,True,False,True,False,False,False,False,True,False,True,False,False,False,False,False,False,True,False,True,36-45,,Mid Level,Junior Employee,0.0,Travel Rarely,Research & Development,Life Sciences,Male,Laboratory Technician,Married,Medium Risk
42,0,1.1614948107291458,2,1,875,2,-1.5200461931177043,3,1,4,-0.8473502642393512,-0.7371517390945592,5,14,3,4,0,8,2,3,2,1,2,2,True,False,True,False,False,False,True,False,False,True,False,False,False,False,False,True,False,False,False,True,True,36-45,,Mid Level,New Employee,0.0,Travel Frequently,Research & Development,Medical,Male,Research Scientist,Single,Medium Risk
36,0,1.1788485263425523,8,3,878,1,0.5466274902799411,2,1,1,-0.8841090709892252,-0.7980059641886059,0,21,4,3,0,6,3,3,5,4,0,3,False,True,False,False,True,False,False,False,False,True,True,False,False,False,False,False,False,False,True,False,False,36-45,,Mid Level,Junior Employee,0.0,Travel Rarely,Human Resources,Life Sciences,Male,Human Resources,Married,Low Risk
25,0,-1.6398907097207698,3,1,879,3,1.5799643319787637,3,2,1,-0.4905986079790137,0.007012514653655324,1,18,3,4,0,5,3,3,5,3,0,3,False,True,False,True,False,False,False,True,False,True,False,False,False,False,False,False,True,False,True,False,True,18-25,,Entry Level,Junior Employee,0.0,Travel Rarely,Sales,Other,Male,Sales Executive,Married,High Risk
35,0,-0.4846290703139904,9,3,880,4,0.005355811294843447,2,3,3,0.8886003204223267,1.2850917825641865,1,20,4,2,1,17,2,3,17,14,5,15,False,True,True,False,True,False,False,False,False,False,False,False,False,True,False,False,False,False,True,False,True,26-35,Low Salary,Senior Level,Loyal Employee,0.0,Travel Rarely,Research & Development,Life Sciences,Female,Manufacturing Director,Married,Medium Risk
35,1,-1.6671608342561228,25,4,881,4,1.4815512994360187,3,1,2,-0.9521022395439054,0.32308907871026243,1,19,3,1,1,10,3,2,10,2,7,8,True,False,True,False,True,False,False,False,False,False,False,False,False,False,False,True,False,False,False,False,True,26-35,,Mid Level,Experienced Employee,0.07,Travel Frequently,Research & Development,Life Sciences,Female,Research Scientist,Divorced,High Risk
32,0,-1.2457134550733922,1,3,882,4,-0.2406767700620191,3,1,4,-0.8900584732377597,-0.7259084642503936,0,12,3,2,1,4,2,3,3,0,0,2,False,False,True,False,True,False,False,False,False,True,False,True,False,False,False,False,False,False,False,False,False,26-35,,Entry Level,Junior Employee,0.0,Non-Travel,Research & Development,Life Sciences,Male,Laboratory Technician,Divorced,Low Risk
25,0,-0.54412752384567,4,1,885,3,1.038692652993666,2,2,1,-0.4774249315715444,0.5398032013315555,1,12,3,1,0,5,1,4,5,2,0,3,False,True,False,True,False,True,False,False,False,True,False,False,False,False,False,False,True,False,True,False,False,18-25,,Entry Level,Junior Employee,0.0,Travel Rarely,Sales,Marketing,Male,Sales Executive,Married,Low Risk
49,0,1.5259228386106836,1,3,887,3,-1.4708396768463317,3,1,1,-0.6210605001433063,-0.5283079088641821,2,16,3,2,1,7,2,3,4,2,0,2,False,True,True,False,False,False,False,False,True,False,False,False,False,False,False,True,False,False,True,False,False,46-55,,Mid Level,Junior Employee,0.0,Travel Rarely,Research & Development,Technical Degree,Female,Research Scientist,Married,Low Risk
24,0,1.1565366062681726,4,1,888,1,-0.9787745141326066,2,1,4,-0.7098765765678573,-0.4968267393005183,0,17,3,4,0,6,2,2,5,2,3,4,False,False,True,False,True,False,False,False,False,True,False,True,False,False,False,False,False,False,True,False,False,18-25,,Mid Level,Junior Employee,0.0,Non-Travel,Research & Development,Life Sciences,Male,Laboratory Technician,Married,Medium Risk
32,0,-1.0498643788649469,5,2,889,2,-0.8803614815898617,3,2,2,0.0044766505597512276,-0.7620274846872758,1,14,3,4,1,10,3,3,10,8,5,3,True,False,False,True,True,False,False,False,False,True,False,False,False,False,False,False,True,False,True,False,False,26-35,Low Salary,Mid Level,Experienced Employee,0.0,Travel Frequently,Sales,Life Sciences,Male,Sales Executive,Married,Low Risk
38,0,-1.0101987431771604,9,3,893,2,1.5799643319787637,2,1,2,-0.765758461973735,-0.31075054062957663,0,19,3,4,1,3,3,3,2,2,1,2,False,True,False,True,False,True,False,False,False,True,False,False,False,False,False,False,False,True,True,False,False,36-45,,Entry Level,New Employee,0.0,Travel Rarely,Sales,Marketing,Male,Sales Representative,Married,Low Risk
42,0,1.1466201973462258,3,3,894,3,1.432344783164646,4,2,4,-0.2702582461315033,1.3228972942276938,2,13,3,2,1,17,1,2,5,3,1,3,False,True,True,False,True,False,False,False,False,False,False,True,False,False,False,False,False,False,True,False,True,36-45,,Senior Level,Junior Employee,0.0,Travel Rarely,Research & Development,Life Sciences,Female,Laboratory Technician,Married,Medium Risk
31,0,1.0400188014353,11,4,895,4,-0.8803614815898617,3,1,4,-0.8811343698649579,0.07840730991410726,3,19,3,2,1,8,2,3,6,4,0,2,False,True,True,False,True,False,False,False,False,True,False,False,False,False,False,True,False,False,True,False,True,26-35,,Mid Level,Experienced Employee,0.0,Travel Rarely,Research & Development,Life Sciences,Male,Research Scientist,Married,Medium Risk
29,1,-1.1440702636234394,1,3,896,2,-0.8803614815898617,2,1,3,-0.7867938484953392,1.2942269433750713,6,19,3,3,3,5,3,3,3,2,0,2,False,True,False,True,False,False,True,False,False,False,False,False,False,False,False,False,False,True,False,False,True,26-35,,Entry Level,Junior Employee,0.07,Travel Rarely,Sales,Medical,Female,Sales Representative,Divorced,Medium Risk
53,0,0.1624166118430255,8,3,897,1,0.349801425194451,3,4,4,1.1331632485674419,1.1912104376154034,5,14,3,3,1,28,3,3,2,0,2,2,False,True,False,True,False,True,False,False,False,True,False,False,False,False,False,False,True,False,True,False,False,46-55,Low Salary,Executive Level,New Employee,0.0,Travel Rarely,Sales,Marketing,Male,Sales Executive,Married,Low Risk
35,0,-0.3234874253323581,25,3,899,4,0.5958340065513135,2,3,2,0.9349206665002026,-0.7285787420258829,3,16,3,1,0,16,2,3,13,10,4,8,False,True,True,False,False,False,False,False,True,True,False,False,False,True,False,False,False,False,True,False,False,26-35,Low Salary,Senior Level,Loyal Employee,0.0,Travel Rarely,Research & Development,Technical Degree,Male,Manufacturing Director,Married,Low Risk
37,0,1.0623307215096798,21,2,900,3,-0.5851223839616266,3,1,4,-0.7500350417454652,0.9709827916053085,5,15,3,2,1,10,3,3,5,4,0,0,True,False,False,True,False,False,True,False,False,False,False,False,False,False,False,False,False,True,True,False,False,36-45,,Mid Level,Junior Employee,0.0,Travel Frequently,Sales,Medical,Female,Sales Representative,Married,Low Risk
53,0,-1.736575696709749,23,4,901,4,0.3005949089230785,3,4,4,1.6513986801451448,0.8281932010844046,6,18,3,3,0,33,0,3,12,9,3,8,False,True,True,False,True,False,False,False,False,False,False,False,False,False,True,False,False,False,False,True,False,46-55,Low Salary,Executive Level,Loyal Employee,0.0,Travel Rarely,Research & Development,Life Sciences,Female,Research Director,Single,Low Risk
43,0,-0.9432629829540208,1,3,902,4,-1.6184592256604493,3,2,4,-0.199927812407756,1.049685715514468,4,13,3,2,1,12,2,2,5,2,2,2,True,False,True,False,True,False,False,False,False,False,False,False,False,False,False,False,False,False,True,False,False,36-45,,Senior Level,Junior Employee,0.0,Travel Frequently,Research & Development,Life Sciences,Female,Healthcare Representative,Married,Medium Risk
47,0,-1.3721476688282115,2,2,903,3,-1.5200461931177043,3,2,4,-0.41771843043446594,0.48766251424173723,0,22,4,1,1,8,2,3,7,6,7,7,False,True,False,True,False,True,False,False,False,False,False,False,False,False,False,False,True,False,True,False,True,46-55,,Mid Level,Experienced Employee,0.0,Travel Rarely,Sales,Marketing,Female,Sales Executive,Married,Medium Risk
37,0,1.1143918683498995,19,2,904,1,-1.6676657419318217,3,3,2,0.24202778319766505,-1.3350128789330682,1,13,3,4,0,10,2,3,10,0,0,9,False,False,False,True,False,False,True,False,False,True,False,False,False,False,False,False,True,False,False,True,True,36-45,Low Salary,Mid Level,Experienced Employee,0.0,Non-Travel,Sales,Medical,Male,Sales Executive,Single,High Risk
50,0,0.19464494083935197,2,4,905,1,1.5799643319787637,3,4,1,2.426733280320232,-1.3729589315321273,1,11,3,4,1,31,3,3,31,6,14,7,False,False,True,False,True,False,False,False,False,True,False,False,True,False,False,False,False,False,False,False,False,46-55,Low Salary,Executive Level,Veteran Employee,0.0,Non-Travel,Research & Development,Life Sciences,Male,Manager,Divorced,Low Risk
39,0,1.4391542605436507,2,3,909,4,-1.1756005792180968,2,2,4,-0.27599516972830446,-0.9167630547301057,8,11,3,3,2,13,2,3,5,4,0,4,False,True,False,False,True,False,False,False,False,False,True,False,False,False,False,False,False,False,True,False,False,36-45,,Senior Level,Junior Employee,0.0,Travel Rarely,Human Resources,Life Sciences,Female,Human Resources,Married,Low Risk
33,0,0.6755907735537622,3,2,910,4,-0.4375028351475091,3,1,2,-0.8979201833518946,1.1716752475736656,3,11,3,3,1,7,4,4,4,3,0,3,False,True,False,False,False,False,False,False,False,True,True,False,False,False,False,False,False,False,False,False,True,26-35,,Mid Level,Junior Employee,0.0,Travel Rarely,Human Resources,Human Resources,Male,Human Resources,Divorced,High Risk
32,1,-1.06225989001738,25,4,911,1,1.038692652993666,3,1,4,-0.787856241754006,0.5204085522253697,1,24,4,3,0,1,2,1,1,0,0,1,False,True,True,False,True,False,False,False,False,True,False,True,False,False,False,False,False,False,False,True,True,26-35,,Entry Level,New Employee,0.07,Travel Rarely,Research & Development,Life Sciences,Male,Laboratory Technician,Single,Medium Risk
29,0,0.7028608980891153,7,1,912,1,-0.19147025379064658,2,1,4,-0.8437381271598838,-1.1607421188485005,6,14,3,3,3,8,5,3,4,3,0,3,False,True,True,False,False,False,True,False,False,False,False,True,False,False,False,False,False,False,False,False,False,26-35,,Mid Level,Junior Employee,0.0,Travel Rarely,Research & Development,Medical,Female,Laboratory Technician,Divorced,Low Risk
44,0,-0.35075754986771124,9,2,913,2,-0.2406767700620191,3,1,1,-0.8380012035630827,-0.9563955985557896,1,13,3,4,0,8,0,3,8,7,7,1,False,True,True,False,True,False,False,False,False,True,False,False,False,False,False,True,False,False,True,False,True,36-45,,Mid Level,Experienced Employee,0.0,Travel Rarely,Research & Development,Life Sciences,Male,Research Scientist,Married,High Risk
28,0,0.0458988070101529,5,4,916,1,1.5799643319787637,3,2,4,-0.3388888506413836,1.396821826328083,1,14,3,2,0,4,3,3,4,2,0,2,False,True,False,True,False,False,True,False,False,True,False,False,False,False,False,False,True,False,False,True,False,26-35,,Entry Level,Junior Employee,0.0,Travel Rarely,Sales,Medical,Male,Sales Executive,Single,Low Risk
58,1,-0.05326528220931313,2,1,918,4,-0.4375028351475091,2,1,4,-0.8760348822233569,-0.13057706125182192,9,14,3,4,1,3,3,2,1,0,0,0,True,False,True,False,True,False,False,False,False,True,False,True,False,False,False,False,False,False,False,False,True,55+,,Entry Level,New Employee,0.07,Travel Frequently,Research & Development,Life Sciences,Male,Laboratory Technician,Divorced,Medium Risk
43,0,-1.5506430294232503,8,3,920,1,-0.5359158676902541,3,2,2,-0.3692732978392563,1.335264896556276,4,21,4,3,1,4,2,4,1,0,0,0,False,True,True,False,True,False,False,False,False,False,False,False,False,True,False,False,False,False,False,False,False,36-45,,Entry Level,New Employee,0.0,Travel Rarely,Research & Development,Life Sciences,Female,Manufacturing Director,Divorced,Low Risk
20,1,-0.749893008976062,2,3,922,3,-0.8311549653184892,2,1,3,-0.947427709205771,1.0876317681135272,1,13,3,4,0,2,3,2,2,2,0,2,False,True,False,True,False,False,True,False,False,False,False,False,False,False,False,False,False,True,False,True,False,18-25,,Entry Level,New Employee,0.07,Travel Rarely,Sales,Medical,Female,Sales Representative,Single,Medium Risk
21,1,1.5482347586850633,18,1,923,4,-0.043850704976529056,3,1,4,-0.8095290642308104,-0.7649788443338692,1,19,3,1,0,1,3,2,1,0,0,0,False,True,True,False,False,False,False,True,False,False,False,False,False,False,False,True,False,False,False,True,False,18-25,,Entry Level,New Employee,0.07,Travel Rarely,Research & Development,Other,Female,Research Scientist,Single,Medium Risk
36,0,1.54327655422409,14,1,924,3,0.10376884383758846,3,2,4,0.01765032696722051,-1.3340290923842038,0,17,3,1,1,17,2,2,16,8,4,11,False,True,True,False,True,False,False,False,False,True,False,False,False,False,False,False,False,False,True,False,True,36-45,Low Salary,Senior Level,Loyal Employee,0.0,Travel Rarely,Research & Development,Life Sciences,Male,Healthcare Representative,Married,Medium Risk
47,0,1.6151705189082028,2,4,925,4,-0.043850704976529056,2,1,4,-0.6818293945390517,-0.1652906723331834,1,18,3,1,0,3,3,2,3,2,1,2,False,True,False,True,True,False,False,False,False,False,False,False,False,False,False,False,False,True,False,True,True,46-55,,Entry Level,Junior Employee,0.0,Travel Rarely,Sales,Life Sciences,Female,Sales Representative,Single,Medium Risk
22,1,-0.45983804800912387,3,1,926,2,-1.5692527093890767,3,2,3,-0.4954856169688813,-0.6030756865778838,0,19,3,1,1,4,3,4,3,2,0,2,False,True,True,False,True,False,False,False,False,False,False,False,False,True,False,False,False,False,True,False,True,18-25,,Entry Level,Junior Employee,0.07,Travel Rarely,Research & Development,Life Sciences,Female,Manufacturing Director,Married,Medium Risk
41,1,0.7003817958586287,2,4,927,2,-0.4375028351475091,1,1,4,-0.7914683788334734,0.47951113997971717,4,13,3,3,1,10,1,2,7,7,1,0,False,True,True,False,True,False,False,False,False,False,False,True,False,False,False,False,False,False,False,False,True,36-45,,Mid Level,Experienced Employee,0.07,Travel Rarely,Research & Development,Life Sciences,Female,Laboratory Technician,Divorced,Medium Risk
28,0,0.47726259511483016,9,3,930,3,0.5466274902799411,3,1,3,-0.8766723181785571,-0.6294973824616731,5,18,3,2,1,6,2,3,2,2,2,2,False,True,True,False,False,False,True,False,False,False,False,False,False,False,False,True,False,False,False,False,False,26-35,,Mid Level,New Employee,0.0,Travel Rarely,Research & Development,Medical,Female,Research Scientist,Divorced,Low Risk
39,1,0.7921085783866348,6,3,932,4,0.20218187638033347,3,1,1,-0.8709353945817558,-1.4068292970001763,7,21,4,4,0,8,2,1,2,2,2,2,False,True,True,False,False,False,True,False,False,True,False,True,False,False,False,False,False,False,True,False,True,36-45,,Mid Level,New Employee,0.07,Travel Rarely,Research & Development,Medical,Male,Laboratory Technician,Married,High Risk
27,0,-0.4573589457786372,4,3,933,2,0.4974209740085685,3,1,3,-0.8892085586308262,0.491176037630539,1,19,3,3,0,1,2,3,1,1,0,0,False,True,True,False,True,False,False,False,False,False,False,False,False,False,False,True,False,False,False,True,False,26-35,,Entry Level,New Employee,0.0,Travel Rarely,Research & Development,Life Sciences,Female,Research Scientist,Single,Low Risk
34,0,-0.6358543063736761,10,3,934,2,0.841866587908176,3,1,2,-0.9550769406681726,-1.042406651113657,1,14,3,2,2,1,3,3,1,0,1,0,False,True,True,False,True,False,False,False,False,True,False,True,False,False,False,False,False,False,False,False,False,26-35,,Entry Level,New Employee,0.0,Travel Rarely,Research & Development,Life Sciences,Male,Laboratory Technician,Divorced,Low Risk
42,0,-0.8440988937345547,14,2,936,3,0.10376884383758846,2,2,3,-0.055017371925593916,-0.9119846629213353,7,17,3,1,0,10,6,3,5,4,0,3,False,True,False,True,False,False,True,False,False,False,False,False,False,False,False,False,True,False,False,True,False,36-45,,Mid Level,Junior Employee,0.0,Travel Rarely,Sales,Medical,Female,Sales Executive,Single,Low Risk
33,0,0.9805203479036203,1,4,939,3,1.6783773645215088,2,1,1,-0.7870063271470725,-1.5423107588723726,3,11,3,2,0,6,1,3,3,2,0,2,False,True,True,False,False,False,False,True,False,True,False,False,False,False,False,True,False,False,False,True,True,26-35,,Mid Level,Junior Employee,0.0,Travel Rarely,Research & Development,Other,Male,Research Scientist,Single,High Risk
58,0,1.1639739129596325,5,3,940,3,-1.4216331605749593,2,3,2,0.8603406597417877,-0.710870584146322,2,13,3,4,1,24,3,3,6,0,0,4,False,True,True,False,False,False,False,False,True,False,False,False,False,False,False,False,False,False,False,False,True,55+,Low Salary,Executive Level,Experienced Employee,0.0,Travel Rarely,Research & Development,Technical Degree,Female,Healthcare Representative,Divorced,High Risk
31,0,-1.6076623807244432,7,4,941,2,-1.2248070954894692,2,1,3,-0.8868712934617591,-0.3620479821060824,3,15,3,2,0,13,2,4,7,7,5,2,False,True,False,True,True,False,False,False,False,True,False,False,False,False,False,False,False,True,True,False,False,26-35,,Senior Level,Experienced Employee,0.0,Travel Rarely,Sales,Life Sciences,Male,Sales Representative,Married,Low Risk
35,0,0.8292951118439346,21,1,942,4,-0.7327419327757442,3,2,4,-0.5288447652910213,0.6825927918524594,1,25,4,4,1,10,2,1,10,6,0,7,False,True,True,False,True,False,False,False,False,False,False,False,False,False,False,False,False,False,True,False,True,26-35,,Mid Level,Experienced Employee,0.0,Travel Rarely,Research & Development,Life Sciences,Female,Healthcare Representative,Married,Medium Risk
49,0,-0.6829572487529224,8,2,944,1,-0.7327419327757442,3,3,2,0.19124538543338832,1.1473616657231573,4,11,3,3,1,29,3,2,26,9,1,7,False,True,True,False,False,False,False,True,False,False,False,True,False,False,False,False,False,False,True,False,False,46-55,Low Salary,Executive Level,Veteran Employee,0.0,Travel Rarely,Research & Development,Other,Female,Laboratory Technician,Married,Medium Risk
48,0,1.6523570523655027,20,4,945,4,-0.7327419327757442,3,1,3,-0.9017447990830953,-1.2325585369156087,4,17,3,1,2,13,2,2,0,0,0,0,False,True,True,False,False,False,True,False,False,True,False,False,False,False,False,True,False,False,True,False,False,46-55,,Senior Level,,0.0,Travel Rarely,Research & Development,Medical,Male,Research Scientist,Married,Medium Risk
31,0,0.9557293255987538,20,2,947,4,-1.0279810304039791,3,2,3,0.09116794046696844,1.4184651304031017,1,13,3,4,1,9,2,2,9,8,0,0,False,False,False,True,False,True,False,False,False,False,False,False,False,False,False,False,True,False,True,False,False,26-35,Low Salary,Mid Level,Experienced Employee,0.0,Non-Travel,Sales,Marketing,Female,Sales Executive,Married,Medium Risk
36,0,-1.523372904887897,7,4,949,2,-0.043850704976529056,3,1,4,-0.38775894054006,1.262043069133647,2,18,3,3,0,8,6,3,6,2,0,1,False,True,True,False,False,False,False,True,False,True,False,False,False,False,False,True,False,False,False,True,False,36-45,,Mid Level,Experienced Employee,0.0,Travel Rarely,Research & Development,Other,Male,Research Scientist,Single,Low Risk
38,0,1.3151991490193182,1,3,950,4,0.6942470390940585,3,3,1,1.5041509744939157,0.27811597933359977,1,13,3,2,1,15,3,3,15,12,5,11,False,True,True,False,False,False,False,False,True,False,False,False,False,False,True,False,False,False,True,False,False,36-45,Low Salary,Senior Level,Loyal Employee,0.0,Travel Rarely,Research & Development,Technical Degree,Female,Research Director,Married,Low Risk
32,0,0.9458129166768071,1,3,951,3,0.20218187638033347,2,1,2,-0.8862338575065589,-1.4530672647968075,6,20,4,3,0,5,3,3,3,0,0,2,False,False,True,False,True,False,False,False,False,False,False,True,False,False,False,False,False,False,True,False,False,26-35,,Entry Level,Junior Employee,0.0,Non-Travel,Research & Development,Life Sciences,Female,Laboratory Technician,Married,Low Risk
25,1,0.15993750961253883,19,2,952,3,-1.4708396768463317,2,1,2,-0.8690230867161555,0.6303115638270891,1,18,3,3,3,1,2,3,1,0,0,0,False,True,False,True,False,True,False,False,False,True,False,False,False,False,False,False,False,True,True,False,True,18-25,,Entry Level,New Employee,0.07,Travel Rarely,Sales,Marketing,Male,Sales Representative,Married,High Risk
40,0,-0.3581948565591712,10,4,954,1,0.05456232756621595,2,3,2,0.6803712417236187,0.8908744583406282,2,12,3,2,1,11,2,2,1,0,0,0,False,True,False,True,False,True,False,False,False,True,False,False,False,False,False,False,True,False,False,False,False,36-45,Low Salary,Senior Level,New Employee,0.0,Travel Rarely,Sales,Marketing,Male,Sales Executive,Divorced,Medium Risk
26,0,1.1912440374949855,1,3,956,3,-0.6835354165043717,2,2,1,-0.4693507428056762,-0.4448265931462521,1,12,3,2,0,7,2,3,7,7,0,7,True,False,False,True,False,False,True,False,False,True,False,False,False,False,False,False,True,False,False,True,False,26-35,,Mid Level,Experienced Employee,0.0,Travel Frequently,Sales,Medical,Male,Sales Executive,Single,Low Risk
41,0,-1.3374402376013983,6,3,957,4,-0.3390898026047641,3,1,1,-0.37862235851552484,-1.573229764693828,2,13,3,3,0,20,3,3,18,13,2,17,False,True,True,False,False,False,True,False,False,True,False,True,False,False,False,False,False,False,False,True,True,36-45,,Senior Level,Loyal Employee,0.0,Travel Rarely,Research & Development,Medical,Male,Laboratory Technician,Single,High Risk
36,0,0.33595376797709103,2,4,958,3,0.645040522822686,3,1,3,-0.8465003496324177,-0.28475046755244354,4,21,4,3,0,16,6,3,11,8,3,9,False,True,True,False,False,False,True,False,False,True,False,True,False,False,False,False,False,False,False,True,False,36-45,,Senior Level,Loyal Employee,0.0,Travel Rarely,Research & Development,Medical,Male,Laboratory Technician,Single,Low Risk
19,1,-0.9507002896454807,21,3,959,4,-1.4216331605749593,2,1,2,-0.9310668530223012,-0.6136162567442891,1,13,3,2,0,1,3,4,1,0,0,0,False,True,False,True,False,False,False,True,False,True,False,False,False,False,False,False,False,True,False,True,True,18-25,,Entry Level,New Employee,0.07,Travel Rarely,Sales,Other,Male,Sales Representative,Single,High Risk
20,1,-1.6696399364866095,4,3,960,1,0.8910731041795485,3,1,1,-0.7500350417454652,-0.18342045301940052,1,19,3,2,0,1,2,3,1,0,0,0,False,True,True,False,False,False,False,False,True,True,False,True,False,False,False,False,False,False,False,True,False,18-25,,Entry Level,New Employee,0.07,Travel Rarely,Research & Development,Technical Degree,Male,Laboratory Technician,Single,Low Risk
31,0,-0.4623171502396105,12,3,961,4,-1.2248070954894692,3,2,4,-0.137671567449877,0.42947856692318,0,11,3,3,2,10,2,1,9,7,8,5,False,True,True,False,False,False,True,False,False,False,False,False,False,False,False,False,False,False,True,False,True,26-35,,Mid Level,Experienced Employee,0.0,Travel Rarely,Research & Development,Medical,Female,Healthcare Representative,Married,Medium Risk
40,0,1.6523570523655027,9,4,964,4,-1.5200461931177043,3,1,2,-0.6131987900291714,1.5108005250608123,8,14,3,4,1,3,2,3,1,1,0,0,True,False,True,False,False,False,True,False,False,True,False,False,False,False,False,True,False,False,False,False,True,36-45,,Entry Level,New Employee,0.0,Travel Frequently,Research & Development,Medical,Male,Research Scientist,Divorced,High Risk
32,0,-0.7548512134370353,3,4,966,3,1.333931750621901,3,2,1,0.04718485955815971,-0.10668510220796991,1,12,3,3,1,8,2,4,8,7,6,3,False,True,True,False,False,False,True,False,False,False,False,False,False,True,False,False,False,False,True,False,False,26-35,Low Salary,Mid Level,Experienced Employee,0.0,Travel Rarely,Research & Development,Medical,Female,Manufacturing Director,Married,Low Risk
36,1,-0.6755199420614625,3,1,967,3,-0.7327419327757442,2,3,4,0.8121080057983115,-1.2360720603044104,1,11,3,1,1,16,6,3,16,7,3,7,False,True,False,True,True,False,False,False,False,True,False,False,False,False,False,False,True,False,True,False,True,36-45,Low Salary,Senior Level,Loyal Employee,0.07,Travel Rarely,Sales,Life Sciences,Male,Sales Executive,Married,Medium Risk
33,0,0.6607161601708423,1,3,969,2,-1.1756005792180968,2,2,4,0.09478007754643582,-0.28418830381023524,0,14,3,1,0,6,3,3,5,0,1,4,False,True,True,False,True,False,False,False,False,False,False,False,False,False,False,False,False,False,False,True,False,26-35,Low Salary,Mid Level,Junior Employee,0.0,Travel Rarely,Research & Development,Life Sciences,Female,Healthcare Representative,Single,Low Risk
37,1,-0.4400052301652307,1,4,970,1,-0.9787745141326066,2,3,3,0.8724519428905902,0.08557489762726286,5,11,3,3,0,17,2,1,14,1,11,7,False,True,False,True,True,False,False,False,False,True,False,False,False,False,False,False,True,False,True,False,False,36-45,Low Salary,Senior Level,Loyal Employee,0.07,Travel Rarely,Sales,Life Sciences,Male,Sales Executive,Married,Medium Risk
45,0,0.006233171322366485,4,2,972,3,-0.4375028351475091,3,2,2,-0.4368415090904697,1.2437727475118778,1,12,3,2,0,9,5,2,9,7,0,8,False,False,True,False,True,False,False,False,False,True,False,True,False,False,False,False,False,False,True,False,False,36-45,,Mid Level,Experienced Employee,0.0,Non-Travel,Research & Development,Life Sciences,Male,Laboratory Technician,Married,Medium Risk
29,0,1.4912154073838704,20,3,974,3,0.8910731041795485,3,1,4,-0.9234176215598996,0.546689707173607,1,15,3,2,1,3,5,3,3,1,0,2,True,False,False,True,False,False,False,False,True,False,False,False,False,False,False,False,False,True,True,False,False,26-35,,Entry Level,Junior Employee,0.0,Travel Frequently,Sales,Technical Degree,Female,Sales Representative,Married,Low Risk
35,0,1.0325814947438399,18,3,975,3,0.9894861367222936,3,2,3,-0.4041197967235299,-1.1431745019044917,1,16,3,2,0,5,3,3,5,2,1,0,False,True,False,True,False,False,True,False,False,False,False,False,False,False,False,False,True,False,True,False,False,26-35,,Entry Level,Junior Employee,0.0,Travel Rarely,Sales,Medical,Female,Sales Executive,Married,Low Risk
52,0,0.6210505244830559,1,2,976,4,0.20218187638033347,3,4,4,2.251438392640197,-0.06803634493115045,2,15,3,2,1,26,2,2,9,8,7,8,False,True,True,False,True,False,False,False,False,True,False,False,True,False,False,False,False,False,True,False,False,46-55,Low Salary,Executive Level,Experienced Employee,0.0,Travel Rarely,Research & Development,Life Sciences,Male,Manager,Married,Medium Risk
58,1,-1.2729835796087454,2,3,977,4,-0.7327419327757442,3,1,3,-0.8549994957017527,1.6743901740434226,4,24,4,1,0,7,4,3,1,0,0,0,False,True,True,False,False,False,False,False,True,True,False,False,False,False,False,True,False,False,False,True,False,55+,,Mid Level,New Employee,0.07,Travel Rarely,Research & Development,Technical Degree,Male,Research Scientist,Single,Low Risk
53,0,1.4218005449302442,2,2,981,3,-1.0279810304039791,3,4,3,1.7739988621953025,-0.05271738295597474,6,13,3,3,1,22,3,4,17,13,15,2,False,True,False,True,False,False,True,False,False,True,False,False,True,False,False,False,False,False,False,False,False,46-55,Low Salary,Executive Level,Loyal Employee,0.0,Travel Rarely,Sales,Medical,Male,Manager,Divorced,Low Risk
30,0,-1.416771508976971,8,2,982,3,-0.19147025379064658,3,3,3,0.1617108528424491,-0.6094000286777269,5,11,3,1,1,10,2,4,8,4,7,7,False,True,False,True,False,False,False,True,False,True,False,False,False,False,False,False,True,False,False,False,False,26-35,Low Salary,Mid Level,Experienced Employee,0.0,Travel Rarely,Sales,Other,Male,Sales Executive,Divorced,Low Risk
38,0,-1.6126205851854165,10,3,983,3,0.9402796204509211,3,2,4,-0.17783003262748495,0.785047133869919,1,13,3,2,0,6,1,3,5,3,1,3,False,False,False,True,False,False,False,False,True,False,False,False,False,False,False,False,True,False,False,True,True,36-45,,Mid Level,Junior Employee,0.0,Non-Travel,Sales,Technical Degree,Female,Sales Executive,Single,Medium Risk
35,0,0.1971240430698386,3,4,984,4,1.2847252343505287,3,3,4,0.28048641916140604,-1.0542120897000309,6,13,3,2,1,12,2,3,10,9,0,8,False,True,False,True,True,False,False,False,False,True,False,False,False,False,False,False,True,False,False,False,False,26-35,Low Salary,Senior Level,Experienced Employee,0.0,Travel Rarely,Sales,Life Sciences,Male,Sales Executive,Divorced,Low Risk
39,0,0.24918518991005828,2,5,985,1,-1.2248070954894692,4,3,3,0.29259770231020843,-1.6517921476674355,0,18,3,4,0,9,3,3,8,7,0,7,False,True,False,True,True,False,False,False,False,True,False,False,False,False,False,False,True,False,False,True,False,36-45,Low Salary,Mid Level,Experienced Employee,0.0,Travel Rarely,Sales,Life Sciences,Male,Sales Executive,Single,Low Risk
40,1,1.677148074670369,24,3,986,2,1.6783773645215088,4,4,2,1.421709257621366,0.3875973681286629,4,16,3,4,0,22,2,2,1,0,0,0,False,False,False,True,True,False,False,False,False,False,False,False,False,False,False,False,True,False,False,True,True,36-45,Low Salary,Executive Level,New Employee,0.07,Non-Travel,Sales,Life Sciences,Female,Sales Executive,Single,High Risk
47,0,1.4292378516217041,16,4,987,3,-0.09305722124790157,4,2,3,-0.3051047450157769,-1.0616607592842906,1,19,3,3,0,20,3,4,19,10,2,7,True,False,True,False,False,False,True,False,False,True,False,False,False,True,False,False,False,False,False,False,True,46-55,,Senior Level,Loyal Employee,0.0,Travel Frequently,Research & Development,Medical,Male,Manufacturing Director,Divorced,Medium Risk
36,0,1.0573725170487065,8,4,990,1,0.8910731041795485,3,2,4,-0.3025550011949764,1.6357414167666031,4,13,3,4,2,12,3,3,7,7,0,7,False,False,False,True,False,False,False,False,True,True,False,False,False,False,False,False,True,False,False,False,False,36-45,,Senior Level,Experienced Employee,0.0,Non-Travel,Sales,Technical Degree,Male,Sales Executive,Divorced,Low Risk
31,1,-1.1589448770063595,9,2,991,3,-0.9787745141326066,2,1,1,-0.8885711226756261,-0.5609134059122626,0,22,4,1,0,4,0,3,3,2,1,2,False,False,True,False,False,False,True,False,False,True,False,False,False,False,False,True,False,False,False,True,True,26-35,,Entry Level,Junior Employee,0.07,Non-Travel,Research & Development,Medical,Male,Research Scientist,Single,High Risk
33,0,-0.19953231380802552,17,3,992,4,-1.3724266443035866,3,4,3,2.324743527488212,0.8679662858456406,1,11,3,4,0,10,2,3,10,8,6,0,False,False,False,True,True,False,False,False,False,True,False,False,True,False,False,False,False,False,False,True,False,26-35,Low Salary,Mid Level,Experienced Employee,0.0,Non-Travel,Sales,Life Sciences,Male,Manager,Single,Low Risk
29,1,0.2566224966015182,10,3,994,4,1.2847252343505287,2,1,1,-0.8709353945817558,-0.3983075434785167,6,20,4,3,0,3,5,3,0,0,0,0,False,True,True,False,True,False,False,False,False,False,False,False,False,False,False,True,False,False,False,True,True,26-35,,Entry Level,,0.07,Travel Rarely,Research & Development,Life Sciences,Female,Research Scientist,Single,High Risk
33,0,-0.8465779959650415,13,1,995,2,-0.6343289002329991,3,1,4,-0.6482577675651784,0.4114893271725149,3,18,3,1,0,5,4,3,3,2,0,2,False,True,True,False,True,False,False,False,False,False,False,False,False,False,False,True,False,False,False,True,False,26-35,,Entry Level,Junior Employee,0.0,Travel Rarely,Research & Development,Life Sciences,Female,Research Scientist,Single,Low Risk
45,0,0.4252014482746105,1,4,996,4,1.235518718079156,3,1,4,-0.8994075339140282,-0.46492394693019823,3,14,3,4,2,8,2,3,5,3,0,2,False,True,True,False,False,False,True,False,False,False,False,True,False,False,False,False,False,False,False,False,False,36-45,,Mid Level,Junior Employee,0.0,Travel Rarely,Research & Development,Medical,Female,Laboratory Technician,Divorced,Low Risk
50,0,0.8020249873085814,1,2,997,4,0.005355811294843447,3,4,4,2.31518198816021,-1.0818986540037887,9,22,4,3,1,32,1,2,5,4,1,3,False,True,True,False,False,False,True,False,False,True,False,False,False,False,True,False,False,False,False,False,False,46-55,Low Salary,Executive Level,Junior Employee,0.0,Travel Rarely,Research & Development,Medical,Male,Research Director,Divorced,Medium Risk
33,0,0.060773420393072805,1,4,998,3,0.8910731041795485,4,2,2,-0.2156512326360258,0.8218688589845614,1,13,3,1,1,6,2,3,6,5,1,2,True,False,True,False,False,False,False,True,False,False,False,False,False,False,False,False,False,False,True,False,True,26-35,,Mid Level,Experienced Employee,0.0,Travel Frequently,Research & Development,Other,Female,Healthcare Representative,Married,High Risk
41,0,0.09300174938939927,9,3,999,1,-0.09305722124790157,3,5,3,2.7443888646616283,-1.4866565483937524,2,17,3,2,1,21,2,4,18,16,0,11,True,False,True,False,False,False,True,False,False,True,False,False,False,False,True,False,False,False,False,False,False,36-45,Low Salary,Executive Level,Loyal Employee,0.0,Travel Frequently,Research & Development,Medical,Male,Research Director,Divorced,Low Risk
27,0,0.8218578051524746,16,4,1001,3,-1.4216331605749593,3,1,2,-0.7844565833262721,-0.3129991955984098,9,14,3,2,1,4,2,3,2,2,2,2,False,True,True,False,False,False,False,False,True,False,False,True,False,False,False,False,False,False,True,False,False,26-35,,Entry Level,New Employee,0.0,Travel Rarely,Research & Development,Technical Degree,Female,Laboratory Technician,Married,Low Risk
45,0,-1.3746267710586981,23,2,1002,4,-1.1756005792180968,3,2,1,-0.6097991316014374,-0.0385227484652156,1,15,3,3,1,9,2,3,9,8,0,8,False,False,True,False,True,False,False,False,False,True,False,True,False,False,False,False,False,False,True,False,True,36-45,,Mid Level,Experienced Employee,0.0,Non-Travel,Research & Development,Life Sciences,Male,Laboratory Technician,Married,High Risk
47,0,0.3780985058953641,4,2,1003,4,0.841866587908176,3,2,4,-0.49718544618274835,-0.8070005840639384,1,17,3,3,0,9,0,3,9,0,0,7,False,True,False,True,True,False,False,False,False,False,False,False,False,False,False,False,True,False,False,True,True,46-55,,Mid Level,Experienced Employee,0.0,Travel Rarely,Sales,Life Sciences,Female,Sales Executive,Single,Medium Risk
30,1,-1.6473280164122297,22,3,1004,1,-0.8803614815898617,3,1,3,-0.928729587853234,-0.38987508734539245,4,11,3,2,0,7,2,3,5,2,0,1,False,True,True,False,True,False,False,False,False,False,False,False,False,False,False,True,False,False,True,False,True,26-35,,Mid Level,Junior Employee,0.07,Travel Rarely,Research & Development,Life Sciences,Female,Research Scientist,Married,Medium Risk
50,0,0.33843287020757773,24,3,1005,4,1.432344783164646,3,4,3,1.5872301273216654,-1.4267861098485703,3,18,3,4,1,22,2,3,12,11,1,5,False,True,True,False,True,False,False,False,False,True,False,False,False,True,False,False,False,False,True,False,True,46-55,Low Salary,Executive Level,Loyal Employee,0.0,Travel Rarely,Research & Development,Life Sciences,Male,Manufacturing Director,Married,Medium Risk
38,0,1.4589870783875438,10,1,1006,3,0.005355811294843447,3,1,3,-0.8114413720964108,-0.30723701724077485,0,17,3,2,1,3,0,2,2,1,0,2,True,False,True,False,False,False,True,False,False,True,False,False,False,False,False,True,False,False,True,False,False,36-45,,Entry Level,New Employee,0.0,Travel Frequently,Research & Development,Medical,Male,Research Scientist,Married,Medium Risk
46,0,-0.5862722617639431,7,2,1007,4,0.448214457737196,3,3,3,0.9225969046996668,1.3906380251637918,6,13,3,2,1,13,3,3,8,7,0,7,False,True,True,False,False,False,True,False,False,True,False,False,False,True,False,False,False,False,False,False,False,46-55,Low Salary,Senior Level,Experienced Employee,0.0,Travel Rarely,Research & Development,Medical,Male,Manufacturing Director,Divorced,Low Risk
24,0,1.0003531657475135,17,1,1009,4,-1.2248070954894692,2,2,3,-0.451715014711806,1.3778488000285534,1,15,3,2,2,5,6,3,4,2,3,2,False,True,True,False,False,False,True,False,False,False,False,False,False,True,False,False,False,False,False,False,False,18-25,,Entry Level,Junior Employee,0.0,Travel Rarely,Research & Development,Medical,Female,Manufacturing Director,Divorced,Low Risk
35,1,-0.4474425368566906,14,4,1010,3,-1.3232201280322142,2,1,2,-0.586426479910766,-0.5957675579291761,1,24,4,4,1,5,2,1,4,2,0,2,False,True,True,False,False,False,False,True,False,True,False,True,False,False,False,False,False,False,False,False,True,26-35,,Entry Level,Junior Employee,0.07,Travel Rarely,Research & Development,Other,Male,Laboratory Technician,Divorced,High Risk
31,0,0.12523007838572572,1,1,1011,3,1.4815512994360187,3,2,1,-0.500372625958749,-0.42697789433113914,1,12,3,3,1,4,1,3,4,3,0,3,True,False,True,False,True,False,False,False,False,False,False,False,False,True,False,False,False,False,True,False,False,26-35,,Entry Level,Junior Employee,0.0,Travel Frequently,Research & Development,Life Sciences,Female,Manufacturing Director,Married,Low Risk
18,0,-1.2779417840697187,5,2,1012,2,0.349801425194451,3,1,4,-1.158419010377013,-0.11525809927664622,1,15,3,4,0,0,2,3,0,0,0,0,False,False,True,False,True,False,False,False,False,True,False,False,False,False,False,True,False,False,False,True,False,,,,,0.0,Non-Travel,Research & Development,Life Sciences,Male,Research Scientist,Single,Low Risk
54,0,1.5829421899118765,17,3,1013,3,-0.4867093514188816,3,3,3,0.9000741676159291,-0.052014678278214384,8,11,3,3,1,22,2,3,10,7,0,8,False,True,True,False,False,False,False,False,True,False,False,False,False,True,False,False,False,False,True,False,False,46-55,Low Salary,Executive Level,Experienced Employee,0.0,Travel Rarely,Research & Development,Technical Degree,Female,Manufacturing Director,Married,Low Risk
35,0,-0.54412752384567,25,4,1014,3,-0.4375028351475091,3,3,3,0.8254941608575143,-1.0313039172050433,1,11,3,3,1,16,3,2,16,10,10,1,False,True,True,False,False,False,True,False,False,False,False,False,False,False,False,False,False,False,False,False,True,26-35,Low Salary,Senior Level,Loyal Employee,0.0,Travel Rarely,Research & Development,Medical,Female,Healthcare Representative,Divorced,Medium Risk
30,0,-1.6101414829549299,8,2,1015,2,0.349801425194451,4,3,1,1.0439222148394243,0.49033279201722657,0,12,3,3,3,9,4,2,8,7,1,7,False,True,True,False,True,False,False,False,False,False,False,False,False,False,True,False,False,False,True,False,True,26-35,Low Salary,Mid Level,Experienced Employee,0.0,Travel Rarely,Research & Development,Life Sciences,Female,Research Director,Married,High Risk
20,1,0.7301310226244685,11,3,1016,4,1.5799643319787637,2,1,1,-0.8292895788420143,0.556808654533356,1,15,3,1,0,1,2,3,1,0,0,0,False,True,True,False,False,False,True,False,False,False,False,False,False,False,False,True,False,False,False,True,True,18-25,,Entry Level,New Employee,0.07,Travel Rarely,Research & Development,Medical,Female,Research Scientist,Single,High Risk
30,1,-1.7192219810963425,5,3,1017,2,-0.2898832863333916,3,1,2,-0.8671107788505551,1.603838624396283,0,17,3,1,0,4,3,3,3,2,1,2,True,False,True,False,False,False,True,False,False,False,False,True,False,False,False,False,False,False,False,True,False,26-35,,Entry Level,Junior Employee,0.07,Travel Frequently,Research & Development,Medical,Female,Laboratory Technician,Single,Low Risk
26,0,0.6532788534793824,2,2,1018,4,-1.6676657419318217,4,2,4,-0.2190508910637598,-1.543013463550133,1,12,3,2,0,8,2,3,8,7,1,3,False,True,True,False,False,False,True,False,False,True,False,False,False,True,False,False,False,False,True,False,False,26-35,,Mid Level,Experienced Employee,0.0,Travel Rarely,Research & Development,Medical,Male,Manufacturing Director,Married,Low Risk
22,0,-1.4514789402037842,8,1,1019,2,1.3831382668932737,1,1,1,-0.8609488979502873,-1.044514765146938,1,15,3,1,1,4,3,2,4,3,1,1,False,True,True,False,True,False,False,False,False,True,False,True,False,False,False,False,False,False,True,False,False,18-25,,Entry Level,Junior Employee,0.0,Travel Rarely,Research & Development,Life Sciences,Male,Laboratory Technician,Married,Medium Risk
48,0,-1.302732806374585,6,3,1022,1,1.5307578157073911,2,2,3,-0.48082458999927846,-0.1678204091731207,2,13,3,4,0,19,0,3,2,2,2,2,False,True,True,False,True,False,False,False,False,True,False,False,False,False,False,False,False,False,False,True,False,46-55,,Senior Level,New Employee,0.0,Travel Rarely,Research & Development,Life Sciences,Male,Healthcare Representative,Single,Low Risk
48,0,1.3697393980900245,4,4,1024,3,0.5958340065513135,2,3,3,0.9553186170666066,1.1147561686750769,7,14,3,2,0,27,3,3,15,11,4,8,False,True,True,False,True,False,False,False,False,True,False,False,False,False,False,False,False,False,False,True,False,46-55,Low Salary,Executive Level,Loyal Employee,0.0,Travel Rarely,Research & Development,Life Sciences,Male,Healthcare Representative,Single,Low Risk
41,0,-0.6284169996822161,7,2,1025,4,-1.1756005792180968,3,2,3,-0.31870337872671295,1.2730052621067085,6,14,3,2,0,8,6,3,2,2,2,1,False,True,True,False,False,False,True,False,False,False,False,False,False,True,False,False,False,False,False,True,False,36-45,,Mid Level,New Employee,0.0,Travel Rarely,Research & Development,Medical,Female,Manufacturing Director,Single,Low Risk
39,0,-0.8341824848126081,1,1,1026,4,-0.043850704976529056,2,4,4,1.3256689070378802,-1.0193579376831172,1,16,3,3,1,21,3,3,21,6,11,8,False,True,True,False,True,False,False,False,False,False,False,False,False,True,False,False,False,False,True,False,False,36-45,Low Salary,Executive Level,Veteran Employee,0.0,Travel Rarely,Research & Development,Life Sciences,Female,Manufacturing Director,Married,Low Risk
27,0,0.6260087289440293,2,4,1027,1,-0.9295679978612341,3,2,4,-0.48358681247181234,-1.356937264879191,0,18,3,2,1,4,2,3,3,2,2,2,False,True,True,False,True,False,False,False,False,False,False,False,False,True,False,False,False,False,True,False,False,26-35,,Entry Level,Junior Employee,0.0,Travel Rarely,Research & Development,Life Sciences,Female,Manufacturing Director,Married,Low Risk
35,0,-0.0012041353690934679,10,3,1028,2,-1.0279810304039791,3,1,4,-0.5494551945091587,-0.6706758765784298,1,20,4,1,1,3,4,2,3,2,1,2,False,True,True,False,False,False,False,True,False,True,False,True,False,False,False,False,False,False,False,False,False,26-35,,Entry Level,Junior Employee,0.0,Travel Rarely,Research & Development,Other,Male,Laboratory Technician,Divorced,Medium Risk
42,0,-1.332482033140425,5,2,1029,4,1.1863122018077836,3,5,3,2.5072626893271814,-0.919573873441147,6,13,3,2,0,21,3,4,1,0,0,0,False,True,False,True,False,True,False,False,False,True,False,False,True,False,False,False,False,False,True,False,False,36-45,Low Salary,Executive Level,New Employee,0.0,Travel Rarely,Sales,Marketing,Male,Manager,Married,Low Risk
50,0,0.003754069091879834,9,3,1030,1,-0.09305722124790157,3,1,4,-0.8760348822233569,0.8224310227267697,4,18,3,2,0,8,5,3,1,0,0,0,False,True,True,False,True,False,False,False,False,True,False,True,False,False,False,False,False,False,True,False,False,46-55,,Mid Level,New Employee,0.0,Travel Rarely,Research & Development,Life Sciences,Male,Laboratory Technician,Married,Low Risk
59,0,-0.2168860294214321,2,3,1032,3,0.15297536010896096,2,4,4,1.5347479003435216,1.0562911394854155,3,13,3,1,0,30,4,3,5,3,4,3,False,True,True,False,True,False,False,False,False,False,False,False,False,True,False,False,False,False,False,True,True,55+,Low Salary,Executive Level,Junior Employee,0.0,Travel Rarely,Research & Development,Life Sciences,Female,Manufacturing Director,Single,Medium Risk
37,1,0.8392115207658811,11,2,1033,1,-0.2406767700620191,1,2,2,-0.3667235540184558,0.009682792429144669,5,15,3,1,0,15,2,1,1,0,0,0,False,True,True,False,False,False,True,False,False,False,False,False,False,False,False,False,False,False,True,False,False,36-45,,Senior Level,New Employee,0.07,Travel Rarely,Research & Development,Medical,Female,Healthcare Representative,Married,Medium Risk
55,0,-1.6547653231036896,18,4,1034,3,-0.19147025379064658,3,2,2,-0.02505788203118797,-0.18566910798823366,3,14,3,4,2,17,3,3,8,7,6,7,True,False,True,False,False,False,True,False,False,True,False,False,False,False,False,False,False,False,True,False,True,46-55,,Senior Level,Experienced Employee,0.0,Travel Frequently,Research & Development,Medical,Male,Healthcare Representative,Married,High Risk
41,0,-1.3771058732891848,7,1,1035,2,-0.5359158676902541,1,5,3,2.8621020377219186,0.8391553940574662,1,22,4,2,2,21,3,3,21,16,5,10,False,False,True,False,True,False,False,False,False,False,False,False,False,False,True,False,False,False,False,False,False,36-45,Low Salary,Executive Level,Veteran Employee,0.0,Non-Travel,Research & Development,Life Sciences,Female,Research Director,Divorced,Low Risk
38,0,0.5764266843342962,3,4,1036,2,-1.1756005792180968,3,2,4,0.07608195619389878,-1.3115425426958724,8,12,3,3,0,19,1,3,1,0,0,0,False,True,False,True,True,False,False,False,False,True,False,False,False,False,False,False,True,False,False,True,True,36-45,Low Salary,Senior Level,New Employee,0.0,Travel Rarely,Sales,Life Sciences,Male,Sales Executive,Single,Medium Risk
26,1,-1.332482033140425,29,2,1037,2,0.645040522822686,1,2,1,-0.3259276528856477,1.0540424845165823,8,18,3,4,0,7,6,3,2,2,2,2,False,False,False,True,False,False,True,False,False,True,False,False,False,False,False,False,True,False,False,True,False,26-35,,Mid Level,New Employee,0.07,Non-Travel,Sales,Medical,Male,Sales Executive,Single,Low Risk
52,1,-1.3300029309099384,2,1,1038,1,-0.4375028351475091,1,5,4,2.8349047703000463,1.6208440775980837,1,15,3,4,1,33,3,3,32,14,6,9,False,True,False,True,False,True,False,False,False,False,False,False,True,False,False,False,False,False,True,False,False,46-55,Low Salary,Executive Level,Veteran Employee,0.07,Travel Rarely,Sales,Marketing,Female,Manager,Married,Low Risk
44,0,1.600295905525283,28,3,1039,4,-0.6343289002329991,4,4,4,1.448481567739771,-0.3620479821060824,3,18,3,3,1,23,2,3,12,11,11,11,False,True,False,True,False,False,True,False,False,False,False,False,False,False,False,False,True,False,True,False,True,36-45,Low Salary,Executive Level,Loyal Employee,0.0,Travel Rarely,Sales,Medical,Female,Sales Executive,Married,Medium Risk
50,0,-1.629974300798823,1,3,1040,4,1.432344783164646,3,2,3,-0.03313207079705624,1.4907031712768661,0,12,3,1,1,19,3,3,18,7,0,13,False,False,False,True,True,False,False,False,False,False,False,False,False,False,False,False,True,False,True,False,False,46-55,,Senior Level,Loyal Employee,0.0,Non-Travel,Sales,Life Sciences,Female,Sales Executive,Married,Low Risk
36,1,0.20456134976129856,16,4,1042,3,-1.1263940629467242,4,1,1,-0.7989051316441416,-0.8494439466006638,1,16,3,3,0,18,1,3,17,13,15,14,False,True,True,False,True,False,False,False,False,False,False,True,False,False,False,False,False,False,False,True,False,36-45,,Senior Level,Loyal Employee,0.07,Travel Rarely,Research & Development,Life Sciences,Female,Laboratory Technician,Single,Low Risk
39,0,0.35330748359049763,22,3,1043,4,0.7926600716368035,3,3,1,0.930033657510335,-1.2972073672695612,1,13,3,3,0,21,2,3,21,6,2,8,True,False,True,False,False,False,True,False,False,False,False,False,False,True,False,False,False,False,False,True,True,36-45,Low Salary,Executive Level,Veteran Employee,0.0,Travel Frequently,Research & Development,Medical,Female,Manufacturing Director,Single,High Risk
33,0,0.5838639910257561,8,1,1044,2,1.0878991692650386,2,1,4,-0.8841090709892252,1.0011990927490038,0,19,3,4,0,3,2,2,2,2,2,2,False,False,False,True,True,False,False,False,False,False,False,False,False,False,False,False,False,True,False,True,False,26-35,,Entry Level,New Employee,0.0,Non-Travel,Sales,Life Sciences,Female,Sales Representative,Single,Medium Risk
45,0,1.0697680282011397,11,2,1045,4,1.1863122018077836,3,4,4,2.368514129745287,-1.2520937269573464,3,13,3,2,1,26,4,4,9,3,1,1,False,True,False,True,True,False,False,False,False,False,False,False,True,False,False,False,False,False,True,False,False,36-45,Low Salary,Executive Level,Experienced Employee,0.0,Travel Rarely,Sales,Life Sciences,Female,Manager,Married,Low Risk
32,0,0.7598802493903084,29,4,1046,4,0.15297536010896096,3,1,3,-0.5265075001219541,-0.446653625308429,9,12,3,2,0,10,2,3,8,7,7,7,False,False,True,False,False,False,True,False,False,False,False,True,False,False,False,False,False,False,False,True,False,26-35,,Mid Level,Experienced Employee,0.0,Non-Travel,Research & Development,Medical,Female,Laboratory Technician,Single,Low Risk
34,0,-1.4539580424342708,1,4,1047,2,0.448214457737196,4,2,4,0.6846208147582863,-0.2860153359724122,0,11,3,4,1,16,2,2,15,1,0,9,False,True,False,True,False,True,False,False,False,True,False,False,False,False,False,False,True,False,False,False,False,26-35,Low Salary,Senior Level,Loyal Employee,0.0,Travel Rarely,Sales,Marketing,Male,Sales Executive,Divorced,Medium Risk
59,0,0.7102982047805754,1,2,1048,2,0.005355811294843447,3,3,4,1.1476117968853115,-0.4602860960569799,3,14,3,3,1,14,1,1,6,4,0,4,False,True,False,True,False,False,False,False,True,True,False,False,True,False,False,False,False,False,True,False,True,55+,Low Salary,Senior Level,Experienced Employee,0.0,Travel Rarely,Sales,Technical Degree,Male,Manager,Married,Medium Risk
45,0,-0.03591156659590658,24,4,1049,2,-1.4708396768463317,3,1,2,-0.9191680485252322,-0.8425574407586123,1,16,3,1,0,6,3,3,6,3,0,4,False,True,False,False,False,False,True,False,False,True,True,False,False,False,False,False,False,False,False,True,False,36-45,,Mid Level,Experienced Employee,0.0,Travel Rarely,Human Resources,Medical,Male,Human Resources,Single,Low Risk
53,0,-1.6820354476390427,2,3,1050,3,-1.3724266443035866,2,3,2,0.2171677809448601,1.2963350574083523,2,12,3,1,1,30,2,3,15,7,6,12,True,False,False,True,False,True,False,False,False,False,False,False,False,False,False,False,True,False,True,False,False,46-55,Low Salary,Executive Level,Loyal Employee,0.0,Travel Frequently,Sales,Marketing,Female,Sales Executive,Married,Low Risk
36,1,-0.3532366520981979,15,3,1052,1,0.743453555365431,3,2,3,-0.3546122708696534,-0.9072062711125648,7,14,3,2,1,9,3,2,1,0,0,0,False,True,True,False,False,False,False,True,False,True,False,True,False,False,False,False,False,False,False,False,False,36-45,,Mid Level,New Employee,0.07,Travel Rarely,Research & Development,Other,Male,Laboratory Technician,Divorced,Medium Risk
26,1,-1.1415911613929528,2,3,1053,1,-0.4375028351475091,3,1,1,-0.9478526665092378,0.14516425430134086,6,14,3,2,1,6,2,3,3,2,1,2,True,False,True,False,True,False,False,False,False,True,False,False,False,False,False,True,False,False,True,False,True,26-35,,Mid Level,Junior Employee,0.07,Travel Frequently,Research & Development,Life Sciences,Male,Research Scientist,Married,High Risk
34,0,1.3151991490193182,10,4,1055,3,1.038692652993666,3,1,3,-0.910031466500697,0.5757816808328856,1,19,3,4,1,1,2,3,1,1,0,0,False,True,False,True,True,False,False,False,False,False,False,False,False,False,False,False,False,True,True,False,True,26-35,,Entry Level,New Employee,0.0,Travel Rarely,Sales,Life Sciences,Female,Sales Representative,Married,Medium Risk
28,0,0.8466488274573412,10,1,1056,4,0.3990079414658235,3,1,2,-1.1582065317252797,1.2748322942688854,1,22,4,2,0,1,5,3,1,0,0,0,False,True,False,True,False,False,True,False,False,True,False,False,False,False,False,False,False,True,True,False,False,26-35,,Entry Level,New Employee,0.0,Travel Rarely,Sales,Medical,Male,Sales Representative,Married,Low Risk
38,0,0.9507711211377805,3,4,1060,3,-1.0771875466753518,3,1,3,-0.7823317968089383,-1.5903757588311807,3,16,3,1,1,8,2,3,2,2,2,2,True,False,True,False,False,False,False,True,False,True,False,False,False,False,False,True,False,False,True,False,False,36-45,,Mid Level,New Employee,0.0,Travel Frequently,Research & Development,Other,Male,Research Scientist,Married,Low Risk
50,0,1.6399615412130695,2,4,1061,2,-0.19147025379064658,3,5,3,2.705717750046154,-0.20520429802997148,2,11,3,4,1,29,2,2,8,1,7,7,False,True,True,False,False,False,True,False,False,True,False,False,False,False,True,False,False,False,True,False,True,46-55,Low Salary,Executive Level,Experienced Employee,0.0,Travel Rarely,Research & Development,Medical,Male,Research Director,Married,Medium Risk
37,0,-1.6820354476390427,3,3,1062,4,-1.5200461931177043,3,2,2,-0.5090842506798174,-0.06536606715566111,3,15,3,1,0,8,3,2,4,3,0,1,False,True,True,False,False,False,False,True,False,False,False,False,False,False,False,False,False,False,False,True,False,36-45,,Mid Level,Junior Employee,0.0,Travel Rarely,Research & Development,Other,Female,Healthcare Representative,Single,Medium Risk
40,0,-1.2457134550733922,26,3,1066,3,0.3990079414658235,3,2,1,0.4022366866046302,1.110821022479619,1,14,3,2,1,8,3,2,7,7,7,5,False,True,False,True,False,True,False,False,False,True,False,False,False,False,False,False,True,False,True,False,False,36-45,Low Salary,Mid Level,Experienced Employee,0.0,Travel Rarely,Sales,Marketing,Male,Sales Executive,Married,Medium Risk
26,0,0.293809030058818,1,1,1068,1,0.005355811294843447,2,1,3,-0.955289419319906,1.5391897940423305,1,13,3,3,2,5,5,3,5,3,1,3,True,False,True,False,False,False,True,False,False,False,False,False,False,False,False,True,False,False,False,False,False,26-35,,Entry Level,Junior Employee,0.0,Travel Frequently,Research & Development,Medical,Female,Research Scientist,Divorced,Low Risk
46,0,-0.9234301651101275,1,4,1069,4,-1.2740136117608418,3,5,4,2.7885844242221705,1.0023234202334204,9,17,3,4,2,23,0,3,2,2,2,2,False,True,True,False,False,False,True,False,False,True,False,False,False,False,True,False,False,False,False,False,False,46-55,Low Salary,Executive Level,New Employee,0.0,Travel Rarely,Research & Development,Medical,Male,Research Director,Divorced,Low Risk
54,0,0.6929444891671688,2,4,1070,3,-1.2248070954894692,2,3,3,0.8888127990740601,-0.832157411527759,6,11,3,2,1,13,4,3,9,4,7,0,False,True,False,True,True,False,False,False,False,False,False,False,False,False,False,False,True,False,True,False,False,46-55,Low Salary,Senior Level,Experienced Employee,0.0,Travel Rarely,Sales,Life Sciences,Female,Sales Executive,Married,Low Risk
56,0,1.0846426415840595,9,3,1071,1,-0.14226373751927407,3,1,3,-0.7566218799491998,-0.30344241198086896,2,19,3,2,1,18,4,3,5,4,0,3,True,False,True,False,False,False,True,False,False,False,False,False,False,False,False,True,False,False,True,False,False,55+,,Senior Level,Junior Employee,0.0,Travel Frequently,Research & Development,Medical,Female,Research Scientist,Married,Low Risk
36,0,-0.016078748752013372,12,5,1073,4,-0.7327419327757442,2,3,4,0.5004018237054497,0.19055897648465972,0,11,3,2,0,15,2,2,14,8,7,8,False,True,True,False,False,False,True,False,False,False,False,False,False,True,False,False,False,False,False,True,False,36-45,Low Salary,Senior Level,Loyal Employee,0.0,Travel Rarely,Research & Development,Medical,Female,Manufacturing Director,Single,Medium Risk
55,0,-0.8887227338833145,2,1,1074,3,-1.2740136117608418,2,4,1,2.1785582150956495,0.4230136838877847,7,15,3,2,0,31,3,4,9,7,6,2,False,False,True,False,False,False,True,False,False,True,False,False,True,False,False,False,False,False,False,True,False,46-55,Low Salary,Executive Level,Experienced Employee,0.0,Non-Travel,Research & Development,Medical,Male,Manager,Single,Low Risk
43,0,-0.9606166985674274,25,3,1076,3,0.645040522822686,2,3,4,0.9126104080681982,-1.271207294192428,5,13,3,3,1,18,5,3,1,0,0,0,False,True,False,True,False,False,True,False,False,True,False,False,False,False,False,False,True,False,False,False,False,36-45,Low Salary,Senior Level,New Employee,0.0,Travel Rarely,Sales,Medical,Male,Sales Executive,Divorced,Low Risk
20,1,-0.08301450897515295,9,3,1077,4,-0.5851223839616266,3,1,4,-0.8881461653721593,0.4064298534926404,1,14,3,2,0,2,3,3,2,2,0,2,True,False,False,True,False,True,False,False,False,False,False,False,False,False,False,False,False,True,False,True,True,18-25,,Entry Level,New Employee,0.07,Travel Frequently,Sales,Marketing,Female,Sales Representative,Single,Medium Risk
21,1,1.3176782512498049,10,3,1079,3,-1.4708396768463317,2,1,1,-1.080864302494331,0.4138785230769001,1,13,3,1,0,1,6,2,1,0,1,0,False,True,True,False,True,False,False,False,False,False,False,True,False,False,False,False,False,False,False,True,False,18-25,,Entry Level,New Employee,0.07,Travel Rarely,Research & Development,Life Sciences,Female,Laboratory Technician,Single,Medium Risk
46,0,0.49709541295872334,8,4,1080,4,0.3990079414658235,2,2,1,-0.40114509559926265,0.9438583910437589,8,23,4,1,3,19,2,3,16,13,1,7,False,True,True,False,True,False,False,False,False,False,False,False,False,False,False,True,False,False,False,False,True,46-55,,Senior Level,Loyal Employee,0.0,Travel Rarely,Research & Development,Life Sciences,Female,Research Scientist,Divorced,High Risk
51,1,1.2904081267144516,4,4,1081,1,-1.5692527093890767,3,1,3,-0.8588241114329535,-0.5595079965567418,9,12,3,3,3,18,2,4,10,0,2,7,False,True,True,False,True,False,False,False,False,True,False,False,False,False,False,True,False,False,True,False,True,46-55,,Senior Level,Experienced Employee,0.07,Travel Rarely,Research & Development,Life Sciences,Male,Research Scientist,Married,Medium Risk
28,1,1.3970095226253776,24,2,1082,2,0.3005949089230785,2,3,1,0.4715047270697106,-0.27519368393490273,1,12,3,1,0,10,2,2,10,7,1,9,False,False,True,False,False,False,False,False,True,True,False,False,False,False,False,False,False,False,False,True,False,26-35,Low Salary,Mid Level,Experienced Employee,0.07,Non-Travel,Research & Development,Technical Degree,Male,Healthcare Representative,Single,Medium Risk
26,0,-1.5134564959659504,1,2,1083,1,-0.3390898026047641,2,1,1,-0.5413810057432905,-0.4458103796951166,1,16,3,1,2,6,2,3,5,3,1,3,False,True,True,False,False,False,True,False,False,True,False,True,False,False,False,False,False,False,True,False,False,26-35,,Mid Level,Junior Employee,0.0,Travel Rarely,Research & Development,Medical,Male,Laboratory Technician,Married,Low Risk
30,0,0.925980098832914,20,3,1084,3,0.9402796204509211,3,2,1,0.7339158619604293,-0.7332165928991012,0,15,3,3,1,7,1,2,6,2,0,2,False,True,True,False,False,False,False,True,False,True,False,False,False,True,False,False,False,False,True,False,False,26-35,Low Salary,Mid Level,Experienced Employee,0.0,Travel Rarely,Research & Development,Other,Male,Manufacturing Director,Married,Medium Risk
41,0,-0.7275810889016822,7,2,1085,2,-1.1263940629467242,4,1,3,-0.6644061450969149,0.6394467246379737,1,13,3,3,0,10,3,3,10,6,0,8,False,True,True,False,False,False,False,False,True,False,False,False,False,False,False,True,False,False,True,False,False,36-45,,Mid Level,Experienced Employee,0.0,Travel Rarely,Research & Development,Technical Degree,Female,Research Scientist,Married,Low Risk
38,0,-1.1713403881587927,17,1,1088,3,-0.043850704976529056,2,3,3,0.49296507089478153,1.4468543993846201,0,18,3,1,1,20,4,2,19,9,1,9,False,True,True,False,True,False,False,False,False,False,False,False,False,False,False,False,False,False,True,False,False,36-45,Low Salary,Senior Level,Loyal Employee,0.0,Travel Rarely,Research & Development,Life Sciences,Female,Healthcare Representative,Married,Medium Risk
40,0,1.7093764036666956,20,4,1092,1,-0.2406767700620191,3,3,4,0.8114705698431114,1.7186605687423249,4,20,4,4,1,14,6,3,11,10,11,1,False,True,True,False,False,False,False,False,True,True,False,False,False,False,False,False,False,False,True,False,False,36-45,Low Salary,Senior Level,Loyal Employee,0.0,Travel Rarely,Research & Development,Technical Degree,Male,Healthcare Representative,Married,Low Risk
27,0,1.1763694241120657,8,5,1094,1,1.038692652993666,1,1,3,-0.3998702236888624,-1.1867421919256336,1,19,3,4,3,3,4,3,3,2,1,2,False,False,True,False,True,False,False,False,False,True,False,True,False,False,False,False,False,False,True,False,False,26-35,,Entry Level,Junior Employee,0.0,Non-Travel,Research & Development,Life Sciences,Male,Laboratory Technician,Married,Low Risk
55,0,0.7152564092415487,2,1,1096,4,-0.043850704976529056,3,3,2,0.950431608076739,0.21079687120415788,3,18,3,2,1,23,4,3,3,2,1,2,True,False,True,False,True,False,False,False,False,True,False,False,False,True,False,False,False,False,True,False,False,46-55,Low Salary,Executive Level,Junior Employee,0.0,Travel Frequently,Research & Development,Life Sciences,Male,Manufacturing Director,Married,Low Risk
28,0,0.13514648730767234,10,3,1097,3,-0.3390898026047641,3,2,3,-0.6040622080046363,-0.9000386833994092,3,13,3,4,0,10,4,4,8,7,1,7,False,True,True,False,False,False,False,True,False,False,False,False,False,False,False,True,False,False,False,True,False,26-35,,Mid Level,Experienced Employee,0.0,Travel Rarely,Research & Development,Other,Female,Research Scientist,Single,Low Risk
44,1,1.4218005449302442,1,2,1098,2,1.235518718079156,2,3,1,0.8454671541204515,-1.68467872658662,9,14,3,4,1,24,1,3,20,6,3,6,False,True,False,False,False,False,True,False,False,True,True,False,False,False,False,False,False,False,True,False,False,36-45,Low Salary,Executive Level,Loyal Employee,0.07,Travel Rarely,Human Resources,Medical,Male,Human Resources,Married,Low Risk
33,0,-0.3681112654811178,5,3,1099,4,-1.5692527093890767,2,3,4,0.13090144834110964,0.9698584641208919,4,15,3,3,1,9,2,3,3,2,1,2,False,True,True,False,True,False,False,False,False,True,False,False,False,False,False,False,False,False,False,False,False,26-35,Low Salary,Mid Level,Junior Employee,0.0,Travel Rarely,Research & Development,Life Sciences,Male,Healthcare Representative,Divorced,Low Risk
35,1,0.9953949612865401,4,3,1100,4,0.9894861367222936,3,3,1,0.6542363675604136,-0.5593674556211897,0,22,4,1,0,9,2,3,8,7,4,7,False,True,False,True,False,False,False,False,True,True,False,False,False,False,False,False,True,False,False,True,True,26-35,Low Salary,Mid Level,Experienced Employee,0.07,Travel Rarely,Sales,Technical Degree,Male,Sales Executive,Single,High Risk
33,1,0.060773420393072805,29,4,1101,1,-0.5851223839616266,2,2,3,-0.4238803113347338,-1.5718243553383073,1,22,4,2,0,14,4,3,13,7,3,8,True,False,True,False,False,False,True,False,False,False,False,False,False,False,False,True,False,False,False,True,False,26-35,,Senior Level,Loyal Employee,0.07,Travel Frequently,Research & Development,Medical,Female,Research Scientist,Single,Low Risk
28,0,0.22935237206616507,15,2,1102,1,-0.7819484490471167,3,1,3,-0.9127936889732309,1.1480643704009177,1,16,3,4,1,4,5,2,4,2,2,2,False,True,True,False,True,False,False,False,False,True,False,True,False,False,False,False,False,False,False,False,False,26-35,,Entry Level,Junior Employee,0.0,Travel Rarely,Research & Development,Life Sciences,Male,Laboratory Technician,Divorced,Medium Risk
34,0,-0.4573589457786372,3,1,1103,1,-1.0279810304039791,3,2,4,0.2662503494952699,1.1177075283216704,0,17,3,3,0,7,1,2,6,2,0,4,True,False,True,False,True,False,False,False,False,True,False,False,False,False,False,False,False,False,False,True,False,26-35,Low Salary,Mid Level,Experienced Employee,0.0,Travel Frequently,Research & Development,Life Sciences,Male,Healthcare Representative,Single,Medium Risk
37,0,-1.2234015349990124,10,4,1105,4,1.0878991692650386,2,2,4,0.040598021354425064,1.3927461391970728,2,14,3,3,3,8,5,3,1,0,0,0,False,True,False,True,True,False,False,False,False,False,False,False,False,False,False,False,True,False,False,False,True,36-45,Low Salary,Mid Level,New Employee,0.0,Travel Rarely,Sales,Life Sciences,Female,Sales Executive,Divorced,Medium Risk
25,1,1.0325814947438399,4,1,1106,4,-1.6676657419318217,3,1,4,-0.5974753698009015,-1.364385934463451,1,15,3,2,1,7,3,4,7,7,5,6,False,True,True,False,False,False,False,False,True,True,False,True,False,False,False,False,False,False,True,False,True,18-25,,Mid Level,Experienced Employee,0.07,Travel Rarely,Research & Development,Technical Degree,Male,Laboratory Technician,Married,Medium Risk
26,1,1.3077618423278583,21,3,1107,1,-1.4216331605749593,3,1,3,-0.8766723181785571,0.7111226017695297,1,20,4,3,1,1,0,2,1,1,0,0,False,True,True,False,False,False,True,False,False,True,False,True,False,False,False,False,False,False,False,False,False,26-35,,Entry Level,New Employee,0.07,Travel Rarely,Research & Development,Medical,Male,Laboratory Technician,Divorced,Medium Risk
33,1,0.5318028441855365,25,3,1108,1,-0.5359158676902541,2,1,2,-0.890270951889493,-1.590937922573389,4,20,4,2,0,5,0,3,2,2,2,2,False,True,True,False,False,False,True,False,False,True,False,False,False,False,False,True,False,False,False,True,True,26-35,,Entry Level,New Employee,0.07,Travel Rarely,Research & Development,Medical,Male,Research Scientist,Single,High Risk
42,0,-0.8267451781211482,2,2,1109,4,-1.5200461931177043,3,4,1,2.371701309521288,0.012071988333529871,0,17,3,4,1,23,3,3,22,6,13,7,False,True,True,False,False,False,True,False,False,True,False,False,True,False,False,False,False,False,True,False,False,36-45,Low Salary,Executive Level,Veteran Employee,0.0,Travel Rarely,Research & Development,Medical,Male,Manager,Married,Low Risk
28,1,0.5119700263416432,1,3,1111,1,-1.0279810304039791,2,1,2,-0.8301394934489478,-1.0053038441279103,1,15,3,1,2,1,2,3,1,0,0,0,True,False,True,False,False,False,True,False,False,True,False,True,False,False,False,False,False,False,False,False,False,26-35,,Entry Level,New Employee,0.07,Travel Frequently,Research & Development,Medical,Male,Laboratory Technician,Divorced,Low Risk
50,1,0.3880149148173107,1,4,1113,4,0.743453555365431,3,2,3,-0.37713500795339117,0.4128947365280356,3,14,3,4,0,5,4,3,0,0,0,0,True,False,False,True,False,False,False,True,False,True,False,False,False,False,False,False,True,False,False,True,True,46-55,,Entry Level,,0.07,Travel Frequently,Sales,Other,Male,Sales Executive,Single,Medium Risk
33,0,0.41528503935266387,7,3,1114,4,-1.7660787744745667,3,2,2,-0.46765091359180916,-0.12818786534743673,0,17,3,3,1,4,3,3,3,2,0,2,True,False,False,True,True,False,False,False,False,False,False,False,False,False,False,False,True,False,True,False,False,26-35,,Entry Level,Junior Employee,0.0,Travel Frequently,Sales,Life Sciences,Female,Sales Executive,Married,Low Risk
34,0,-0.2615098695701918,3,4,1115,3,-1.2740136117608418,2,1,4,-0.748760169835065,1.1475022066587093,3,17,3,4,3,6,2,3,0,0,0,0,False,False,True,False,True,False,False,False,False,True,False,False,False,False,False,True,False,False,True,False,False,26-35,,Mid Level,,0.0,Non-Travel,Research & Development,Life Sciences,Male,Research Scientist,Married,Low Risk
48,0,1.1391828906547659,1,4,1116,1,-1.5200461931177043,4,4,4,2.205967961169255,0.258721330227414,2,22,4,3,0,27,3,2,5,4,2,1,False,False,True,False,False,False,True,False,False,True,False,False,True,False,False,False,False,False,False,True,False,46-55,Low Salary,Executive Level,Junior Employee,0.0,Non-Travel,Research & Development,Medical,Male,Manager,Single,Medium Risk
45,0,0.6136132177915959,9,4,1117,2,-0.043850704976529056,2,2,3,-0.19334097420402138,0.5139436691899745,1,13,3,4,1,15,2,3,15,10,4,12,False,False,False,True,True,False,False,False,False,False,False,False,False,False,False,False,True,False,True,False,False,36-45,,Senior Level,Loyal Employee,0.0,Non-Travel,Sales,Life Sciences,Female,Sales Executive,Married,Low Risk
52,0,0.4747834928843435,7,4,1118,2,1.038692652993666,3,3,2,0.8376054440063166,0.14179127184809115,7,19,3,4,0,18,4,3,8,6,4,0,False,True,True,False,True,False,False,False,False,True,False,False,False,False,False,False,False,False,False,True,False,46-55,Low Salary,Senior Level,Experienced Employee,0.0,Travel Rarely,Research & Development,Life Sciences,Male,Healthcare Representative,Single,Low Risk
38,0,-0.08053540674466629,10,4,1119,3,0.349801425194451,2,3,3,0.4753293428009114,-1.2289044725912548,0,14,3,2,2,9,2,3,8,7,2,7,False,True,False,True,False,True,False,False,False,True,False,False,False,False,False,False,True,False,False,False,True,36-45,Low Salary,Mid Level,Experienced Employee,0.0,Travel Rarely,Sales,Marketing,Male,Sales Executive,Divorced,Medium Risk
29,0,0.754922044929335,28,4,1120,3,1.333931750621901,3,1,4,-0.8475627428910846,1.778531007287507,4,22,4,1,1,11,1,3,7,5,1,7,False,True,True,False,True,False,False,False,False,False,False,False,False,False,False,True,False,False,False,False,False,26-35,,Senior Level,Experienced Employee,0.0,Travel Rarely,Research & Development,Life Sciences,Female,Research Scientist,Divorced,Low Risk
28,0,0.3657029947429309,3,3,1121,4,1.333931750621901,3,3,2,0.24479000567019893,-0.8817683617776401,0,17,3,2,3,10,3,2,9,7,1,7,False,True,True,False,False,False,True,False,False,False,False,False,False,True,False,False,False,False,False,False,False,26-35,Low Salary,Mid Level,Experienced Employee,0.0,Travel Rarely,Research & Development,Medical,Female,Manufacturing Director,Divorced,Medium Risk
46,0,-0.9829286186418073,3,1,1124,1,-0.6835354165043717,3,4,3,2.3292055791746127,0.18029948818935854,3,12,3,4,1,23,3,3,12,9,4,9,False,True,False,True,False,True,False,False,False,True,False,False,True,False,False,False,False,False,True,False,False,46-55,Low Salary,Executive Level,Loyal Employee,0.0,Travel Rarely,Sales,Marketing,Male,Manager,Married,Low Risk
38,0,-1.6671608342561228,2,2,1125,4,-1.6676657419318217,3,3,2,0.1801964955432528,0.8862366074674098,7,16,3,3,0,10,2,3,1,0,0,0,False,True,False,True,False,True,False,False,False,True,False,False,False,False,False,False,True,False,False,True,False,36-45,Low Salary,Mid Level,New Employee,0.0,Travel Rarely,Sales,Marketing,Male,Sales Executive,Single,Low Risk
43,0,0.6929444891671688,27,3,1126,3,0.841866587908176,3,3,1,0.9172849384063324,-0.39043725108760075,8,11,3,3,1,18,1,3,8,7,0,1,True,False,True,False,True,False,False,False,False,False,False,False,False,True,False,False,False,False,True,False,False,36-45,Low Salary,Senior Level,Experienced Employee,0.0,Travel Frequently,Research & Development,Life Sciences,Female,Manufacturing Director,Married,Low Risk
39,1,-1.4861863714305974,2,3,1127,1,0.8910731041795485,3,4,4,1.203918639594656,-0.1076688887568344,7,11,3,4,3,21,4,3,18,7,11,5,True,False,True,False,True,False,False,False,False,True,False,False,False,False,False,False,False,False,False,False,False,36-45,Low Salary,Executive Level,Loyal Employee,0.07,Travel Frequently,Research & Development,Life Sciences,Male,Healthcare Representative,Divorced,Low Risk
40,0,1.2532215932571518,14,3,1128,3,-1.0771875466753518,2,5,3,2.788371945570437,0.4540732306447923,1,14,3,1,0,21,2,4,20,7,4,9,False,True,True,False,False,False,True,False,False,True,False,False,False,False,True,False,False,False,False,True,False,36-45,Low Salary,Executive Level,Loyal Employee,0.0,Travel Rarely,Research & Development,Medical,Male,Research Director,Single,Low Risk
21,0,0.449992470579477,1,1,1131,4,0.20218187638033347,2,1,2,-0.9419032642607033,1.5477627911110068,1,11,3,3,0,2,6,4,2,2,2,2,False,True,True,False,False,False,False,False,True,False,False,False,False,False,False,True,False,False,False,True,True,18-25,,Entry Level,New Employee,0.0,Travel Rarely,Research & Development,Technical Degree,Female,Research Scientist,Single,High Risk
39,0,-0.9011182450357478,9,3,1132,3,0.20218187638033347,3,2,2,0.05929614270696211,-0.7790329378890763,9,15,3,3,0,9,2,2,5,4,0,3,False,False,True,False,True,False,False,False,False,True,False,True,False,False,False,False,False,False,False,True,False,36-45,Low Salary,Mid Level,Junior Employee,0.0,Non-Travel,Research & Development,Life Sciences,Male,Laboratory Technician,Single,Medium Risk
36,0,-1.4514789402037842,18,4,1133,1,0.5958340065513135,3,2,4,0.2711373584851375,1.254313317678283,2,20,4,1,0,18,0,3,11,9,0,9,False,False,True,False,True,False,False,False,False,True,False,False,False,True,False,False,False,False,False,True,False,36-45,Low Salary,Senior Level,Loyal Employee,0.0,Non-Travel,Research & Development,Life Sciences,Male,Manufacturing Director,Single,Low Risk
31,0,-0.023516055443473325,20,3,1135,3,0.05456232756621595,4,1,4,-0.7887061563609395,1.0776533616893302,0,12,3,1,1,3,4,3,2,2,2,2,True,False,False,True,True,False,False,False,False,True,False,False,False,False,False,False,False,True,True,False,False,26-35,,Entry Level,New Employee,0.0,Travel Frequently,Sales,Life Sciences,Male,Sales Representative,Married,Low Risk
28,0,1.607733212216743,2,1,1136,1,0.05456232756621595,2,1,2,-0.7015899091502557,0.7867336250965438,0,17,3,1,0,6,2,1,5,3,0,4,False,True,True,False,True,False,False,False,False,True,False,False,False,False,False,True,False,False,True,False,False,26-35,,Mid Level,Junior Employee,0.0,Travel Rarely,Research & Development,Life Sciences,Male,Research Scientist,Married,Medium Risk
35,0,0.9408547122158338,11,2,1137,4,-0.5851223839616266,3,2,4,-0.3261401315373811,0.588430365032572,1,11,3,4,1,5,3,3,5,2,0,2,True,False,False,True,False,True,False,False,False,True,False,False,False,False,False,False,True,False,False,False,False,26-35,,Entry Level,Junior Employee,0.0,Travel Frequently,Sales,Marketing,Male,Sales Executive,Divorced,Low Risk
49,0,-1.5580803361147102,8,4,1138,4,-0.4867093514188816,2,4,2,1.405985837393096,-0.3420911692576884,6,17,3,2,1,22,3,3,9,8,2,3,False,True,False,True,False,False,False,False,True,True,False,False,False,False,False,False,True,False,True,False,False,46-55,Low Salary,Executive Level,Experienced Employee,0.0,Travel Rarely,Sales,Technical Degree,Male,Sales Executive,Married,Low Risk
34,0,0.49709541295872334,2,2,1140,4,1.432344783164646,3,2,3,-0.5248076709080872,0.21374823085075137,2,11,3,4,0,5,3,2,3,2,0,2,True,False,True,False,True,False,False,False,False,True,False,False,False,True,False,False,False,False,False,True,False,26-35,,Entry Level,Junior Employee,0.0,Travel Frequently,Research & Development,Life Sciences,Male,Manufacturing Director,Single,Medium Risk
29,0,-0.7746840312809286,10,3,1143,4,-0.2406767700620191,3,1,2,-0.6824668304942518,0.5097274411234124,0,14,3,4,2,8,2,2,7,5,1,1,True,False,True,False,True,False,False,False,False,False,False,False,False,False,False,True,False,False,False,False,False,26-35,,Mid Level,Experienced Employee,0.0,Travel Frequently,Research & Development,Life Sciences,Female,Research Scientist,Divorced,Medium Risk
42,0,-1.523372904887897,29,3,1148,2,-0.4867093514188816,1,2,4,-0.47402527314381043,-0.6682866806740446,4,19,3,1,0,16,3,3,1,0,0,0,False,True,True,False,False,False,True,False,False,True,False,True,False,False,False,False,False,False,False,True,False,36-45,,Senior Level,New Employee,0.0,Travel Rarely,Research & Development,Medical,Male,Laboratory Technician,Single,Low Risk
29,0,-0.20944872272997214,8,1,1150,2,0.645040522822686,2,2,4,-0.307442010184844,0.4744516662998426,1,15,3,3,1,10,2,2,10,7,1,2,False,True,True,False,False,False,True,False,False,True,False,False,False,True,False,False,False,False,True,False,True,26-35,,Mid Level,Experienced Employee,0.0,Travel Rarely,Research & Development,Medical,Male,Manufacturing Director,Married,Medium Risk
38,0,-0.9159928584186676,1,3,1152,3,-1.4216331605749593,4,1,3,-0.7774447878190707,-1.167769165626104,1,13,3,4,1,7,2,4,7,6,5,0,False,True,False,False,False,False,False,False,False,True,True,False,False,False,False,False,False,False,True,False,False,36-45,,Mid Level,Experienced Employee,0.0,Travel Rarely,Human Resources,Human Resources,Male,Human Resources,Married,Low Risk
28,0,-0.07309810005320634,6,3,1154,3,-1.3232201280322142,2,1,3,-0.8074042777134766,1.0926912417934018,1,14,3,4,1,3,2,3,3,1,0,2,True,False,True,False,True,False,False,False,False,True,False,False,False,False,False,True,False,False,False,False,True,26-35,,Entry Level,Junior Employee,0.0,Travel Frequently,Research & Development,Life Sciences,Male,Research Scientist,Divorced,Medium Risk
18,1,-1.3771058732891848,8,1,1156,3,0.6942470390940585,3,1,3,-0.9771747204484437,-0.10640402033686576,1,12,3,4,0,0,0,3,0,0,0,0,False,False,True,False,False,False,True,False,False,True,False,True,False,False,False,False,False,False,False,True,False,,,,,0.07,Non-Travel,Research & Development,Medical,Male,Laboratory Technician,Single,Low Risk
33,1,-0.494545479235937,9,4,1157,1,0.5466274902799411,3,2,1,0.3656903585064896,0.5722681574440839,0,17,3,1,0,6,3,3,5,2,0,3,False,True,False,True,False,True,False,False,False,False,False,False,False,False,False,False,True,False,False,True,True,26-35,Low Salary,Mid Level,Junior Employee,0.07,Travel Rarely,Sales,Marketing,Female,Sales Executive,Single,High Risk
41,0,-1.5754340517281167,12,4,1158,2,-0.9787745141326066,3,1,4,-0.3690608191875229,-0.7395409349989445,3,11,3,1,1,6,4,3,1,0,0,0,False,True,True,False,True,False,False,False,False,True,False,True,False,False,False,False,False,False,True,False,True,36-45,,Mid Level,New Employee,0.0,Travel Rarely,Research & Development,Life Sciences,Male,Laboratory Technician,Married,Medium Risk
31,1,0.1772912252259454,15,3,1160,3,0.3005949089230785,3,1,3,-0.8271647923246805,-1.1355852913846798,1,12,3,3,1,2,5,2,2,2,2,2,True,False,True,False,False,False,True,False,False,True,False,True,False,False,False,False,False,False,True,False,False,26-35,,Entry Level,New Employee,0.07,Travel Frequently,Research & Development,Medical,Male,Laboratory Technician,Married,Medium Risk
37,0,-1.0796136056307866,25,2,1161,3,-0.6835354165043717,2,2,4,-0.16401892026481554,0.40165146168386995,7,13,3,3,2,9,2,3,6,2,1,3,False,True,True,False,False,False,True,False,False,False,False,False,False,False,False,False,False,False,False,False,False,36-45,,Mid Level,Experienced Employee,0.0,Travel Rarely,Research & Development,Medical,Female,Healthcare Representative,Divorced,Low Risk
27,0,-1.496102780352544,6,3,1162,4,-0.5359158676902541,2,1,3,-0.8422507765977502,-0.8942765050417744,1,13,3,3,1,4,0,3,4,2,2,2,False,True,True,False,True,False,False,False,False,True,False,False,False,False,False,True,False,False,True,False,False,26-35,,Entry Level,Junior Employee,0.0,Travel Rarely,Research & Development,Life Sciences,Male,Research Scientist,Married,Low Risk
34,0,1.4812989984619238,9,1,1163,2,0.20218187638033347,3,2,3,-0.16763105734428294,-1.1923638293477163,1,20,4,1,0,6,3,2,6,5,1,3,False,True,False,True,True,False,False,False,False,False,False,False,False,False,False,False,True,False,True,False,False,26-35,,Mid Level,Experienced Employee,0.0,Travel Rarely,Sales,Life Sciences,Female,Sales Executive,Married,Medium Risk
35,0,-0.6804781465224358,8,4,1164,3,1.6783773645215088,3,1,3,-0.46318886190540826,-1.0126119727766179,1,17,3,2,0,6,2,1,5,4,1,4,False,True,False,False,False,False,False,False,True,True,True,False,False,False,False,False,False,False,False,True,False,26-35,,Mid Level,Junior Employee,0.0,Travel Rarely,Human Resources,Technical Degree,Male,Human Resources,Single,Medium Risk
29,1,-0.977970414180834,23,1,1165,4,-1.0279810304039791,2,3,1,0.17700931576725215,-0.4428590200485231,1,13,3,1,1,11,3,1,11,8,3,10,False,True,False,True,True,False,False,False,False,False,False,False,False,False,False,False,True,False,True,False,False,26-35,Low Salary,Senior Level,Loyal Employee,0.07,Travel Rarely,Sales,Life Sciences,Female,Sales Executive,Married,Medium Risk
40,0,-0.5193365015408035,9,4,1166,2,1.0878991692650386,3,3,3,1.4865152464000455,-0.07464176890209777,9,17,3,3,0,20,3,2,18,7,2,13,True,False,True,False,False,False,True,False,False,False,False,False,False,False,True,False,False,False,False,True,False,36-45,Low Salary,Senior Level,Loyal Employee,0.0,Travel Frequently,Research & Development,Medical,Female,Research Director,Single,Medium Risk
42,1,-0.7969959513553084,12,3,1167,3,-1.0771875466753518,3,4,1,1.5415472171989897,-1.6676732733848196,0,12,3,2,0,22,2,2,21,9,13,14,True,False,False,True,True,False,False,False,False,True,False,False,False,False,False,False,True,False,False,True,True,36-45,Low Salary,Executive Level,Veteran Employee,0.07,Travel Frequently,Sales,Life Sciences,Male,Sales Executive,Single,High Risk
42,0,-0.3854649810945244,4,4,1171,2,-1.0279810304039791,3,2,1,-0.2864066236632398,-1.6949382148819214,7,13,3,4,0,9,3,4,6,4,1,5,False,True,False,True,False,True,False,False,False,True,False,False,False,False,False,False,True,False,False,True,False,36-45,,Mid Level,Experienced Employee,0.0,Travel Rarely,Sales,Marketing,Male,Sales Executive,Single,Low Risk
35,0,0.44503426611850366,1,4,1172,4,-0.3882963188761366,2,1,3,-0.9019572777348287,0.2848619442400992,6,12,3,2,1,10,2,3,8,0,1,7,False,True,True,False,False,False,True,False,False,True,False,True,False,False,False,False,False,False,True,False,False,26-35,,Mid Level,Experienced Employee,0.0,Travel Rarely,Research & Development,Medical,Male,Laboratory Technician,Married,Low Risk
24,0,-0.806912360277255,24,3,1173,4,-0.8311549653184892,3,1,2,-0.6174483630638389,-1.1108500867275153,8,22,4,4,0,6,2,3,4,3,1,2,False,True,True,False,False,False,True,False,False,True,False,True,False,False,False,False,False,False,False,True,False,18-25,,Mid Level,Junior Employee,0.0,Travel Rarely,Research & Development,Medical,Male,Laboratory Technician,Single,Low Risk
28,1,1.6920226880532891,12,1,1175,3,0.645040522822686,3,1,4,-0.8473502642393512,1.2145402329170472,1,11,3,4,0,1,4,2,1,1,0,0,False,True,True,False,True,False,False,False,False,False,False,True,False,False,False,False,False,False,True,False,True,26-35,,Entry Level,New Employee,0.07,Travel Rarely,Research & Development,Life Sciences,Female,Laboratory Technician,Married,Medium Risk
26,0,1.4416333627741373,3,4,1177,1,0.7926600716368035,4,1,4,-0.4425784326872709,-0.12537704663639532,1,22,4,2,1,8,2,3,8,7,0,7,False,True,True,False,False,False,True,False,False,True,False,True,False,False,False,False,False,False,True,False,False,26-35,,Mid Level,Experienced Employee,0.0,Travel Rarely,Research & Development,Medical,Male,Laboratory Technician,Married,Low Risk
30,0,0.12275097615523907,10,3,1179,3,0.3005949089230785,2,2,3,0.015950497753353506,-1.6312731710768333,1,18,3,1,1,10,3,3,10,3,1,4,False,True,False,True,False,True,False,False,False,True,False,False,False,False,False,False,True,False,True,False,False,26-35,Low Salary,Mid Level,Experienced Employee,0.0,Travel Rarely,Sales,Marketing,Male,Sales Executive,Married,Low Risk
40,0,0.2467060876795716,26,2,1180,3,1.2847252343505287,2,2,4,-0.4421534753838041,0.9683125138298192,3,13,3,4,1,16,3,1,1,1,0,0,True,False,True,False,False,False,True,False,False,False,False,False,False,False,False,True,False,False,True,False,True,36-45,,Senior Level,New Employee,0.0,Travel Frequently,Research & Development,Medical,Female,Research Scientist,Married,Medium Risk
35,0,0.0409406025491796,2,3,1182,3,-1.0771875466753518,2,3,2,0.8012715945599094,0.7413389029132249,2,18,3,2,1,15,2,4,7,7,6,4,False,True,True,False,True,False,False,False,False,True,False,False,False,True,False,False,False,False,False,False,False,26-35,Low Salary,Senior Level,Experienced Employee,0.0,Travel Rarely,Research & Development,Life Sciences,Male,Manufacturing Director,Divorced,Low Risk
34,0,-0.33092473202381806,1,3,1184,4,1.5307578157073911,2,2,1,-0.24646063713736524,1.608054852462845,0,20,4,3,0,14,3,3,13,9,4,9,True,False,True,False,False,False,True,False,False,True,False,False,False,False,False,False,False,False,False,True,False,26-35,,Senior Level,Loyal Employee,0.0,Travel Frequently,Research & Development,Medical,Male,Healthcare Representative,Single,Low Risk
35,0,-0.41273510562987753,4,4,1185,4,-0.9295679978612341,2,1,4,-0.8768847968302904,1.7179578640645645,1,13,3,2,1,2,2,4,2,2,2,2,True,False,True,False,False,False,False,True,False,True,False,True,False,False,False,False,False,False,True,False,False,26-35,,Entry Level,New Employee,0.0,Travel Frequently,Research & Development,Other,Male,Laboratory Technician,Married,Low Risk
43,1,1.4118841360082974,9,3,1188,1,0.9402796204509211,1,2,3,-0.24582320118216514,-0.6779840052271374,8,13,3,2,0,7,2,2,4,3,1,3,False,True,False,True,False,True,False,False,False,False,False,False,False,False,False,False,True,False,False,True,False,36-45,,Mid Level,Junior Employee,0.07,Travel Rarely,Sales,Marketing,Female,Sales Executive,Single,Medium Risk
32,0,0.14754199846010557,2,1,1190,3,0.4974209740085685,3,1,1,-0.7810569248985381,0.08908842101606464,1,12,3,3,3,1,3,3,1,0,0,0,False,False,False,True,True,False,False,False,False,False,False,False,False,False,False,False,False,True,False,False,False,26-35,,Entry Level,New Employee,0.0,Non-Travel,Sales,Life Sciences,Female,Sales Representative,Divorced,Low Risk
56,0,-0.20944872272997214,4,4,1191,4,1.2847252343505287,3,5,1,2.855727678169917,0.5989709351989773,4,13,3,4,1,28,2,3,5,2,4,2,False,True,True,False,False,False,False,False,True,False,False,False,True,False,False,False,False,False,False,False,False,55+,Low Salary,Executive Level,Junior Employee,0.0,Travel Rarely,Research & Development,Technical Degree,Female,Manager,Divorced,Low Risk
29,0,1.4837781006924105,6,1,1192,2,-0.5851223839616266,3,1,4,-0.7164634147715919,1.6905523816319108,1,13,3,1,1,10,5,3,10,8,0,8,False,True,True,False,False,False,True,False,False,False,False,True,False,False,False,False,False,False,True,False,False,26-35,,Mid Level,Experienced Employee,0.0,Travel Rarely,Research & Development,Medical,Female,Laboratory Technician,Married,Low Risk
19,0,-0.39042318555549765,9,2,1193,3,-0.5851223839616266,3,1,1,-0.8394885541252163,-1.0036173529012853,1,25,4,3,0,1,4,3,1,1,0,0,False,True,True,False,True,False,False,False,False,True,False,False,False,False,False,True,False,False,False,True,False,18-25,,Entry Level,New Employee,0.0,Travel Rarely,Research & Development,Life Sciences,Male,Research Scientist,Single,Low Risk
45,0,1.6226078255996628,7,3,1195,1,0.841866587908176,3,1,3,-0.43046714953846843,0.8132958619158851,4,19,3,3,1,7,2,2,3,2,0,2,False,True,True,False,False,False,True,False,False,False,False,False,False,False,False,True,False,False,True,False,True,36-45,,Mid Level,Junior Employee,0.0,Travel Rarely,Research & Development,Medical,Female,Research Scientist,Married,Medium Risk
37,0,0.43263875496607046,1,3,1196,4,-0.4867093514188816,2,2,4,-0.0061472820269175485,-0.6116486836465601,1,13,3,2,1,14,2,2,14,8,3,11,False,True,True,False,True,False,False,False,False,False,False,False,False,True,False,False,False,False,True,False,False,36-45,,Senior Level,Loyal Employee,0.0,Travel Rarely,Research & Development,Life Sciences,Female,Manufacturing Director,Married,Medium Risk
20,0,0.006233171322366485,3,3,1198,1,1.038692652993666,2,1,3,-0.7372863226414627,-0.20871782141877326,1,12,3,1,0,2,2,2,2,2,1,2,False,True,True,False,True,False,False,False,False,True,False,True,False,False,False,False,False,False,False,True,False,18-25,,Entry Level,New Employee,0.0,Travel Rarely,Research & Development,Life Sciences,Male,Laboratory Technician,Single,Medium Risk
44,1,0.7301310226244685,10,4,1200,3,1.4815512994360187,3,1,3,-0.7578967518596001,-0.49008077439401887,1,11,3,3,0,6,4,3,6,4,0,2,False,True,True,False,True,False,False,False,False,True,False,False,False,False,False,True,False,False,False,True,True,36-45,,Mid Level,Experienced Employee,0.07,Travel Rarely,Research & Development,Life Sciences,Male,Research Scientist,Single,Medium Risk
53,0,1.0424979036657867,7,2,1201,4,-0.7819484490471167,3,5,3,2.571643720802394,0.6081060960098619,3,18,3,2,1,26,6,3,7,7,4,7,False,True,True,False,False,False,True,False,False,False,False,False,True,False,False,False,False,False,False,False,False,46-55,Low Salary,Executive Level,Experienced Employee,0.0,Travel Rarely,Research & Development,Medical,Female,Manager,Divorced,Low Risk
29,0,0.34587017689903765,15,1,1202,2,0.15297536010896096,1,1,4,-0.9210803563908325,1.7736120745431845,0,18,3,1,1,6,2,2,5,4,1,3,False,True,True,False,True,False,False,False,False,False,False,False,False,False,False,True,False,False,True,False,True,26-35,,Mid Level,Junior Employee,0.0,Travel Rarely,Research & Development,Life Sciences,Female,Research Scientist,Married,Medium Risk
22,1,1.124308277271846,3,4,1203,3,-0.8803614815898617,2,1,4,-0.7755324799534703,-1.4180725718443419,0,11,3,2,1,1,5,3,0,0,0,0,True,False,True,False,True,False,False,False,False,True,False,False,False,False,False,True,False,False,True,False,True,18-25,,Entry Level,,0.07,Travel Frequently,Research & Development,Life Sciences,Male,Research Scientist,Married,Medium Risk
46,0,1.486257202922897,2,3,1204,3,0.15297536010896096,3,4,1,2.2406019814017952,1.375037981317512,8,23,4,1,0,28,2,3,26,15,15,9,False,True,False,True,False,True,False,False,False,False,False,False,True,False,False,False,False,False,True,False,False,46-55,Low Salary,Executive Level,Veteran Employee,0.0,Travel Rarely,Sales,Marketing,Female,Manager,Married,Low Risk
44,0,-1.7142637766353692,17,3,1206,4,0.3990079414658235,1,1,3,-0.8951579608793607,-1.410202279453426,2,13,3,4,0,6,3,3,0,0,0,0,False,False,True,False,True,False,False,False,False,True,False,False,False,False,False,True,False,False,False,True,False,36-45,,Mid Level,,0.0,Non-Travel,Research & Development,Life Sciences,Male,Research Scientist,Single,Low Risk
33,0,-1.6250160963378497,2,3,1207,2,1.6291708482501361,3,1,3,-0.6168109271086387,-0.8269573969123324,1,13,3,4,1,5,2,3,5,4,1,4,False,True,False,False,False,False,False,False,False,True,True,False,False,False,False,False,False,False,True,False,False,26-35,,Entry Level,Junior Employee,0.0,Travel Rarely,Human Resources,Human Resources,Male,Human Resources,Married,Low Risk
41,1,0.2566224966015182,5,2,1210,1,1.432344783164646,2,1,1,-0.9340415541465684,0.8404202624774348,6,17,3,1,1,5,2,1,1,0,0,0,False,False,True,False,True,False,False,False,False,True,False,False,False,False,False,True,False,False,False,False,False,36-45,,Entry Level,New Employee,0.07,Non-Travel,Research & Development,Life Sciences,Male,Research Scientist,Divorced,Medium Risk
30,0,1.3052827400973714,29,4,1211,3,-0.2406767700620191,3,2,1,-0.5073844214659504,-0.1575609208778195,8,19,3,3,3,8,3,3,4,3,0,3,False,True,False,True,True,False,False,False,False,True,False,False,False,False,False,False,True,False,False,False,False,26-35,,Mid Level,Junior Employee,0.0,Travel Rarely,Sales,Life Sciences,Male,Sales Executive,Divorced,Low Risk
40,0,0.9458129166768071,2,4,1212,2,-0.19147025379064658,3,2,2,-0.4623389472984748,1.5637844577639428,5,12,3,4,3,5,2,3,0,0,0,0,True,False,False,True,False,False,True,False,False,True,False,False,False,False,False,False,True,False,True,False,False,36-45,,Entry Level,,0.0,Travel Frequently,Sales,Medical,Male,Sales Executive,Married,Low Risk
50,0,1.5333601453021435,2,3,1215,4,-1.7660787744745667,3,4,1,2.4122847320023624,-0.6778434642915854,2,22,4,3,1,32,3,3,2,2,2,2,True,False,True,False,False,False,True,False,False,False,False,False,True,False,False,False,False,False,True,False,False,46-55,Low Salary,Executive Level,New Employee,0.0,Travel Frequently,Research & Development,Medical,Female,Manager,Married,Low Risk
28,0,0.9334174055243739,19,4,1216,4,0.5958340065513135,2,1,1,-0.7026523024089225,-0.2619828359930081,1,12,3,3,3,6,2,3,6,5,3,3,False,True,True,False,False,False,True,False,False,True,False,True,False,False,False,False,False,False,True,False,False,26-35,,Mid Level,Experienced Employee,0.0,Travel Rarely,Research & Development,Medical,Male,Laboratory Technician,Married,Low Risk
46,0,1.6052541099862563,15,2,1217,4,-0.6835354165043717,3,5,2,2.6725710803757474,-0.48684833287632123,5,11,3,1,1,25,2,3,4,2,0,3,False,True,True,False,True,False,False,False,False,True,False,False,False,False,True,False,False,False,True,False,False,46-55,Low Salary,Executive Level,Junior Employee,0.0,Travel Rarely,Research & Development,Life Sciences,Male,Research Director,Married,Low Risk
35,0,1.3846140114729444,17,4,1218,3,1.3831382668932737,3,2,1,0.5233495180926542,0.9434367682371027,3,15,3,4,3,15,2,3,7,7,1,7,False,True,False,True,True,False,False,False,False,True,False,False,False,False,False,False,True,False,True,False,True,26-35,Low Salary,Senior Level,Experienced Employee,0.0,Travel Rarely,Sales,Life Sciences,Male,Sales Executive,Married,High Risk
24,1,0.449992470579477,17,2,1219,4,1.5307578157073911,3,1,2,-0.9121562530180307,-1.5376729079991542,1,13,3,1,1,1,3,1,1,0,0,0,False,True,True,False,True,False,False,False,False,False,False,True,False,False,False,False,False,False,True,False,False,18-25,,Entry Level,New Employee,0.07,Travel Rarely,Research & Development,Life Sciences,Female,Laboratory Technician,Married,Medium Risk
33,0,0.8516070319183144,25,3,1220,2,0.7926600716368035,3,2,3,-0.4172934731309992,-1.3222236537978298,1,12,3,1,1,10,3,2,10,7,0,1,True,False,False,True,False,False,True,False,False,False,False,False,False,False,False,False,True,False,True,False,False,26-35,,Mid Level,Experienced Employee,0.0,Travel Frequently,Sales,Medical,Female,Sales Executive,Married,Medium Risk
36,0,0.28389262113687136,6,4,1221,3,-0.2898832863333916,1,1,3,-0.7993300889476084,-1.0467634201157712,1,14,3,3,1,7,4,3,7,7,1,7,False,True,True,False,True,False,False,False,False,True,False,True,False,False,False,False,False,False,False,False,False,36-45,,Mid Level,Experienced Employee,0.0,Travel Rarely,Research & Development,Life Sciences,Male,Laboratory Technician,Divorced,Low Risk
30,0,0.12523007838572572,7,4,1224,3,-0.8311549653184892,3,2,3,-0.6399711001475767,-0.4221995025223687,1,13,3,1,3,10,4,2,10,7,8,9,False,True,True,False,True,False,False,False,False,True,False,True,False,False,False,False,False,False,False,False,False,26-35,,Mid Level,Experienced Employee,0.0,Travel Rarely,Research & Development,Life Sciences,Male,Laboratory Technician,Divorced,Medium Risk
44,0,-1.4936236781220573,29,4,1225,4,-1.6676657419318217,3,2,4,-0.4168685158275324,-0.9232279377655009,1,25,4,2,0,20,3,3,20,11,13,17,False,True,True,False,False,False,False,True,False,True,False,False,False,False,False,True,False,False,False,True,False,36-45,,Senior Level,Loyal Employee,0.0,Travel Rarely,Research & Development,Other,Male,Research Scientist,Single,Low Risk
20,0,-0.3681112654811178,21,3,1226,3,-1.1263940629467242,4,1,4,-0.812716244006811,-1.3018452181427795,1,17,3,4,0,2,2,3,2,1,2,2,False,True,False,True,False,True,False,False,False,True,False,False,False,False,False,False,False,True,False,True,False,18-25,,Entry Level,New Employee,0.0,Travel Rarely,Sales,Marketing,Male,Sales Representative,Single,Low Risk
46,0,-1.6175787896463898,2,4,1228,4,-0.2898832863333916,3,2,4,0.18614589779178728,0.4384731867985125,2,11,3,3,1,12,3,2,6,3,1,4,False,True,True,False,False,False,False,False,True,True,False,False,False,True,False,False,False,False,False,False,False,46-55,Low Salary,Senior Level,Experienced Employee,0.0,Travel Rarely,Research & Development,Technical Degree,Male,Manufacturing Director,Divorced,Medium Risk
42,0,-1.545684824962277,2,5,1231,4,0.645040522822686,4,2,1,-0.049067969677059405,-0.20450159335221113,7,16,3,1,1,10,3,4,4,3,0,3,False,False,False,False,False,False,True,False,False,True,True,False,False,False,False,False,False,False,True,False,False,36-45,,Mid Level,Junior Employee,0.0,Non-Travel,Human Resources,Medical,Male,Human Resources,Married,Low Risk
60,0,-0.2639889718006785,7,4,1233,2,-0.6835354165043717,4,2,4,-0.2725955113005704,-0.48066453171203016,0,18,3,2,1,12,3,3,11,7,1,9,False,True,False,True,False,True,False,False,False,True,False,False,False,False,False,False,True,False,False,False,True,55+,,Senior Level,Loyal Employee,0.0,Travel Rarely,Sales,Marketing,Male,Sales Executive,Divorced,Medium Risk
32,0,-1.701868265482936,13,3,1234,3,0.5466274902799411,2,1,2,-0.7989051316441416,-0.9812713441485061,1,20,4,3,1,2,2,3,2,2,2,2,True,False,True,False,False,False,False,True,False,False,False,True,False,False,False,False,False,False,True,False,False,26-35,,Entry Level,New Employee,0.0,Travel Frequently,Research & Development,Other,Female,Laboratory Technician,Married,Low Risk
32,0,1.2730544111010451,2,2,1235,4,-1.3724266443035866,3,2,3,-0.3197657719853798,-1.6829922353599953,4,14,3,4,0,10,2,3,8,7,0,7,True,False,True,False,True,False,False,False,False,False,False,False,False,False,False,True,False,False,False,True,True,26-35,,Mid Level,Experienced Employee,0.0,Travel Frequently,Research & Development,Life Sciences,Female,Research Scientist,Single,Medium Risk
36,0,-1.0895300145527331,1,3,1237,3,0.5466274902799411,1,3,1,0.7965970642217751,-1.416386080617717,2,21,4,3,1,17,2,3,7,7,7,7,False,True,True,False,False,False,False,False,True,False,False,False,False,True,False,False,False,False,False,False,True,36-45,Low Salary,Senior Level,Experienced Employee,0.0,Travel Rarely,Research & Development,Technical Degree,Female,Manufacturing Director,Divorced,High Risk
33,0,-1.6993891632524494,9,3,1238,1,-0.2898832863333916,3,1,4,-0.7908309428782733,-1.1246230984116183,0,13,3,2,1,15,5,3,14,10,4,10,False,True,True,False,False,False,True,False,False,True,False,False,False,False,False,True,False,False,True,False,False,26-35,,Senior Level,Loyal Employee,0.0,Travel Rarely,Research & Development,Medical,Male,Research Scientist,Married,Low Risk
40,0,-1.7241801855573158,10,3,1239,2,0.8910731041795485,2,2,2,0.0741696483282984,-0.3825669586966848,7,12,3,2,1,7,2,4,5,1,1,3,False,True,False,True,False,False,False,False,True,False,False,False,False,False,False,False,True,False,False,False,False,36-45,Low Salary,Mid Level,Junior Employee,0.0,Travel Rarely,Sales,Technical Degree,Female,Sales Executive,Divorced,Low Risk
25,0,1.3722185003205112,10,4,1240,3,-0.4375028351475091,3,2,4,-0.3299647472685818,0.8867987712096181,0,14,3,2,0,5,4,3,4,3,1,1,False,True,False,True,True,False,False,False,False,True,False,False,False,False,False,False,True,False,False,True,False,18-25,,Entry Level,Junior Employee,0.0,Travel Rarely,Sales,Life Sciences,Male,Sales Executive,Single,Low Risk
30,0,1.6424406434435561,1,3,1241,4,-0.14226373751927407,3,1,2,-0.6212729787950396,-0.694848917493386,0,21,4,1,1,12,2,3,11,9,5,7,False,True,True,False,False,False,True,False,False,True,False,False,False,False,False,True,False,False,True,False,True,26-35,,Senior Level,Loyal Employee,0.0,Travel Rarely,Research & Development,Medical,Male,Research Scientist,Married,High Risk
42,0,-0.8540153026565014,26,5,1242,1,-0.2898832863333916,3,3,1,1.4210718216661657,1.2603565779070223,3,17,3,3,0,20,6,3,1,0,0,0,True,False,True,False,False,False,True,False,False,False,False,False,False,False,True,False,False,False,True,False,True,36-45,Low Salary,Senior Level,New Employee,0.0,Travel Frequently,Research & Development,Medical,Female,Research Director,Married,High Risk
35,0,1.0152277791304334,8,2,1243,3,0.5958340065513135,2,3,4,0.8231568956884471,-0.07843637416200369,4,11,3,2,1,16,6,2,13,2,4,12,False,False,False,True,False,True,False,False,False,False,False,False,False,False,False,False,True,False,True,False,True,26-35,Low Salary,Senior Level,Loyal Employee,0.0,Non-Travel,Sales,Marketing,Female,Sales Executive,Married,Medium Risk
27,0,0.7450056360073884,14,3,1244,1,-1.1756005792180968,3,1,1,-0.9068442867246963,0.008980087751384315,1,14,3,4,2,9,3,2,9,7,6,8,False,True,True,False,True,False,False,False,False,True,False,False,False,False,False,True,False,False,True,False,True,26-35,,Mid Level,Experienced Employee,0.0,Travel Rarely,Research & Development,Life Sciences,Male,Research Scientist,Married,High Risk
54,0,0.4053686304307173,1,4,1245,4,-0.6343289002329991,3,3,3,0.849716727155119,-0.6540920461832854,7,17,3,1,1,33,2,1,5,4,1,4,True,False,True,False,True,False,False,False,False,False,False,False,False,True,False,False,False,False,False,False,False,46-55,Low Salary,Executive Level,Junior Employee,0.0,Travel Frequently,Research & Development,Life Sciences,Female,Manufacturing Director,Divorced,Medium Risk
44,0,0.7797130672342015,2,1,1246,1,0.3005949089230785,4,1,4,-0.9544395047129725,0.7967120315207408,1,13,3,4,1,10,5,3,10,5,7,7,False,True,True,False,True,False,False,False,False,False,False,False,False,False,False,True,False,False,True,False,False,36-45,,Mid Level,Experienced Employee,0.0,Travel Rarely,Research & Development,Life Sciences,Female,Research Scientist,Married,Low Risk
19,1,-0.7399766000541155,10,3,1248,1,1.4815512994360187,2,1,2,-0.9867362597764455,-1.147531270906606,1,25,4,2,0,1,2,4,1,1,0,0,False,False,True,False,False,False,True,False,False,False,False,False,False,False,False,True,False,False,False,True,True,18-25,,Entry Level,New Employee,0.07,Non-Travel,Research & Development,Medical,Female,Research Scientist,Single,High Risk
29,0,0.5144491285721299,1,3,1249,1,1.5307578157073911,3,1,4,-0.5828143428312987,-1.2248287854602447,1,15,3,1,3,3,5,3,3,2,1,2,False,True,True,False,True,False,False,False,False,False,False,False,False,False,False,True,False,False,False,False,False,26-35,,Entry Level,Junior Employee,0.0,Travel Rarely,Research & Development,Life Sciences,Female,Research Scientist,Divorced,Low Risk
54,0,-0.29125909633603164,3,3,1250,4,0.9402796204509211,3,4,4,2.3959238758188928,1.287480978468572,3,14,3,1,0,36,2,3,10,9,0,9,False,True,True,False,True,False,False,False,False,True,False,False,False,False,True,False,False,False,True,False,False,46-55,Low Salary,Executive Level,Experienced Employee,0.0,Travel Rarely,Research & Development,Life Sciences,Male,Research Director,Married,Low Risk
31,0,1.3127200467888316,11,2,1251,3,0.6942470390940585,3,2,1,0.07013255394536426,0.39012710496860015,1,12,3,4,0,6,2,2,6,5,0,1,False,True,True,False,False,False,True,False,False,True,False,False,False,False,False,False,False,False,True,False,True,26-35,Low Salary,Mid Level,Experienced Employee,0.0,Travel Rarely,Research & Development,Medical,Male,Healthcare Representative,Married,High Risk
31,0,0.6433624445574357,24,3,1252,3,1.4815512994360187,2,2,1,0.06567050225896337,0.4054460669437759,1,19,3,2,0,10,2,3,10,9,1,8,False,True,True,False,False,False,True,False,False,False,False,False,False,False,False,False,False,False,False,True,False,26-35,Low Salary,Mid Level,Experienced Employee,0.0,Travel Rarely,Research & Development,Medical,Female,Healthcare Representative,Single,Low Risk
59,0,-1.1812567970807393,3,3,1254,3,-0.8803614815898617,2,2,4,-0.28300696523550584,0.3059430845729098,5,17,3,4,0,13,2,3,6,1,0,5,False,True,False,True,True,False,False,False,False,False,False,False,False,False,False,False,True,False,False,True,False,55+,,Senior Level,Experienced Employee,0.0,Travel Rarely,Sales,Life Sciences,Female,Sales Executive,Single,Low Risk
43,0,0.29132992782833134,3,3,1255,3,1.4815512994360187,1,5,4,2.812594511868042,0.6059979819765808,3,14,3,2,1,25,2,3,8,7,0,7,False,True,True,False,True,False,False,False,False,True,False,False,False,False,True,False,False,False,True,False,False,36-45,Low Salary,Executive Level,Experienced Employee,0.0,Travel Rarely,Research & Development,Life Sciences,Male,Research Director,Married,Low Risk
49,0,0.7326101248549552,4,2,1256,1,0.9402796204509211,2,5,3,2.5939539792343984,-0.30765864004743104,2,13,3,3,1,23,2,4,1,0,0,0,False,True,True,False,False,False,True,False,False,True,False,False,True,False,False,False,False,False,True,False,False,46-55,Low Salary,Executive Level,New Employee,0.0,Travel Rarely,Research & Development,Medical,Male,Manager,Married,Low Risk
36,0,-0.8267451781211482,3,3,1257,3,-0.9787745141326066,3,1,2,-0.5972628911491682,-0.7107300432107699,1,12,3,3,0,12,2,2,11,10,0,7,True,False,True,False,False,False,False,False,True,True,False,False,False,False,False,True,False,False,True,False,False,36-45,,Senior Level,Loyal Employee,0.0,Travel Frequently,Research & Development,Technical Degree,Male,Research Scientist,Married,Medium Risk
48,0,0.4128059371221772,2,2,1258,4,0.4974209740085685,4,1,2,-0.8380012035630827,0.324213406194679,5,11,3,3,0,7,4,2,1,0,0,0,False,True,True,False,False,False,False,False,True,True,False,True,False,False,False,False,False,False,False,True,False,46-55,,Mid Level,New Employee,0.0,Travel Rarely,Research & Development,Technical Degree,Male,Laboratory Technician,Single,Medium Risk
27,0,0.9036681787585341,4,2,1259,1,0.4974209740085685,3,1,3,-0.8469253069358844,-1.5607216214296937,1,11,3,2,3,5,2,3,5,3,0,3,False,True,True,False,True,False,False,False,False,True,False,False,False,False,False,True,False,False,False,False,False,26-35,,Entry Level,Junior Employee,0.0,Travel Rarely,Research & Development,Life Sciences,Male,Research Scientist,Divorced,Low Risk
29,0,1.3052827400973714,7,3,1260,3,0.7926600716368035,3,2,4,0.025512037081355403,-1.4207428496198313,1,11,3,2,2,6,2,3,6,0,1,0,False,True,True,False,True,False,False,False,False,True,False,False,False,False,False,False,False,False,False,False,True,26-35,Low Salary,Mid Level,Experienced Employee,0.0,Travel Rarely,Research & Development,Life Sciences,Male,Healthcare Representative,Divorced,Medium Risk
48,0,-0.2168860294214321,1,3,1263,4,0.4974209740085685,2,5,4,2.499188500561313,-0.784232952504503,6,12,3,3,0,25,3,4,1,0,0,0,False,True,True,False,True,False,False,False,False,True,False,False,False,False,True,False,False,False,False,True,False,46-55,Low Salary,Executive Level,New Employee,0.0,Travel Rarely,Research & Development,Life Sciences,Male,Research Director,Single,Low Risk
29,0,-0.26894717626165177,1,3,1264,4,1.038692652993666,2,4,4,2.044271707200156,-1.5305053202859986,3,14,3,2,2,9,2,2,7,7,1,7,False,True,True,False,True,False,False,False,False,False,False,False,False,False,True,False,False,False,False,False,False,26-35,Low Salary,Mid Level,Experienced Employee,0.0,Travel Rarely,Research & Development,Life Sciences,Female,Research Director,Divorced,Medium Risk
34,0,1.2829708200229917,20,3,1265,3,1.137105685536411,4,1,3,-0.832476758618015,1.0301505254727303,0,17,3,4,0,2,5,2,1,0,0,0,False,True,True,False,False,False,False,False,True,False,False,False,False,False,False,True,False,False,True,False,False,26-35,,Entry Level,New Employee,0.0,Travel Rarely,Research & Development,Technical Degree,Female,Research Scientist,Married,Medium Risk
44,0,0.7350892270854419,5,3,1267,2,1.0878991692650386,3,5,2,2.4881396106711775,-0.7817032156645657,7,11,3,3,1,26,5,3,22,9,3,10,False,True,False,True,False,True,False,False,False,True,False,False,True,False,False,False,False,False,True,False,False,36-45,Low Salary,Executive Level,Veteran Employee,0.0,Travel Rarely,Sales,Marketing,Male,Manager,Married,Low Risk
33,0,-0.6606453286785426,10,5,1268,4,0.7926600716368035,4,3,3,0.3988370281768962,1.0392856862836148,0,14,3,4,2,10,3,3,9,8,0,8,False,True,False,True,False,True,False,False,False,True,False,False,False,False,False,False,True,False,False,False,True,26-35,Low Salary,Mid Level,Experienced Employee,0.0,Travel Rarely,Sales,Marketing,Male,Sales Executive,Divorced,Medium Risk
19,0,-1.332482033140425,25,3,1269,2,-0.4375028351475091,4,1,4,-0.7455729900590643,0.9708422506697565,1,12,3,4,0,1,2,3,1,0,0,1,False,True,True,False,True,False,False,False,False,False,False,False,False,False,False,True,False,False,False,True,True,18-25,,Entry Level,New Employee,0.0,Travel Rarely,Research & Development,Life Sciences,Female,Research Scientist,Single,Medium Risk
23,0,-1.0647389922478667,1,2,1270,4,-0.9295679978612341,3,1,3,-1.1218726822788723,0.36370540908481086,1,22,4,4,1,1,2,3,1,0,0,1,False,True,True,False,True,False,False,False,False,True,False,False,False,False,False,True,False,False,True,False,False,18-25,,Entry Level,New Employee,0.0,Travel Rarely,Research & Development,Life Sciences,Male,Research Scientist,Married,Low Risk
25,1,-0.5044618881578836,24,1,1273,3,0.349801425194451,1,1,4,-1.1441829407108768,-0.8816278208420879,1,14,3,4,0,1,4,3,1,0,1,0,True,False,False,True,True,False,False,False,False,True,False,False,False,False,False,False,False,True,False,True,True,18-25,,Entry Level,New Employee,0.07,Travel Frequently,Sales,Life Sciences,Male,Sales Representative,Single,Medium Risk
26,0,-0.54412752384567,4,2,1275,3,-0.6343289002329991,3,1,4,-0.770857949615336,-0.6099621924199352,1,20,4,2,0,8,2,2,8,5,2,2,False,True,True,False,True,False,False,False,False,True,False,False,False,False,False,True,False,False,False,True,True,26-35,,Mid Level,Experienced Employee,0.0,Travel Rarely,Research & Development,Life Sciences,Male,Research Scientist,Single,Medium Risk
45,1,1.6027750077557696,2,3,1277,1,1.3831382668932737,1,5,2,2.61796406688027,-1.6612083903494244,2,16,3,1,0,26,2,3,24,10,1,11,False,True,False,True,False,True,False,False,False,False,False,False,True,False,False,False,False,False,False,True,True,36-45,Low Salary,Executive Level,Veteran Employee,0.07,Travel Rarely,Sales,Marketing,Female,Manager,Single,High Risk
55,0,-1.5506430294232503,8,1,1278,4,-1.4216331605749593,2,4,2,1.5030885812352488,1.5851466799678577,1,15,3,4,1,34,3,3,33,9,15,0,False,False,True,False,False,False,True,False,False,True,False,False,False,False,False,False,False,False,False,False,True,46-55,Low Salary,Executive Level,Veteran Employee,0.0,Non-Travel,Research & Development,Medical,Male,Healthcare Representative,Divorced,High Risk
21,1,-1.3671894643672382,10,2,1279,1,-1.0279810304039791,2,1,3,-0.8239776125486798,1.5452330542710695,1,20,4,3,0,2,2,1,2,2,2,2,True,False,True,False,True,False,False,False,False,False,False,True,False,False,False,False,False,False,False,True,False,18-25,,Entry Level,New Employee,0.07,Travel Frequently,Research & Development,Life Sciences,Female,Laboratory Technician,Single,Medium Risk
46,0,-1.57295494949763,4,2,1280,4,-1.6184592256604493,2,5,2,2.6105273140696017,-0.6137567976798411,2,14,3,3,1,26,2,3,11,4,0,8,False,True,False,True,False,True,False,False,False,False,False,False,True,False,False,False,False,False,True,False,False,46-55,Low Salary,Executive Level,Loyal Employee,0.0,Travel Rarely,Sales,Marketing,Female,Manager,Married,Low Risk
34,0,-1.6646817320256362,2,3,1281,3,0.9894861367222936,3,2,1,-0.41750595178273253,-1.1628502328817816,0,12,3,4,0,4,3,3,3,2,0,2,False,True,False,True,False,True,False,False,False,False,False,False,False,False,False,False,True,False,False,True,True,26-35,,Entry Level,Junior Employee,0.0,Travel Rarely,Sales,Marketing,Female,Sales Executive,Single,High Risk
51,0,-1.4018968955940512,9,3,1282,4,0.841866587908176,3,5,2,2.835329727603513,0.6862468561768132,4,24,4,1,1,31,5,2,29,10,11,10,True,False,False,True,True,False,False,False,False,True,False,False,True,False,False,False,False,False,False,False,True,46-55,Low Salary,Executive Level,Veteran Employee,0.0,Travel Frequently,Sales,Life Sciences,Male,Manager,Divorced,High Risk
59,0,1.5531929631460366,18,4,1283,4,0.05456232756621595,3,3,4,0.8518415136724528,0.7995228502317823,6,12,3,4,0,25,6,2,9,7,5,4,False,True,True,False,False,False,True,False,False,True,False,False,False,True,False,False,False,False,False,True,False,55+,Low Salary,Executive Level,Experienced Employee,0.0,Travel Rarely,Research & Development,Medical,Male,Manufacturing Director,Single,Medium Risk
34,0,-1.6547653231036896,19,3,1285,3,-0.9787745141326066,3,2,2,-0.43747894504566986,1.1553724990496252,4,13,3,3,2,15,2,4,11,8,5,10,True,False,True,False,False,False,True,False,False,False,False,True,False,False,False,False,False,False,False,False,False,26-35,,Senior Level,Loyal Employee,0.0,Travel Frequently,Research & Development,Medical,Female,Laboratory Technician,Divorced,Low Risk
28,0,-0.028474259904446627,1,4,1286,4,-1.0771875466753518,3,1,3,-0.9240550575150998,-1.0499958616334688,0,11,3,3,0,5,2,2,4,2,0,2,True,False,True,False,False,False,True,False,False,True,False,True,False,False,False,False,False,False,False,True,True,26-35,,Entry Level,Junior Employee,0.0,Travel Frequently,Research & Development,Medical,Male,Laboratory Technician,Single,Medium Risk
44,0,0.982999450134107,4,2,1288,3,1.2847252343505287,4,5,1,2.6957312534146856,0.4446569879628036,1,14,3,4,2,26,4,2,25,9,14,13,False,True,True,False,True,False,False,False,False,True,False,False,True,False,False,False,False,False,False,False,False,36-45,Low Salary,Executive Level,Veteran Employee,0.0,Travel Rarely,Research & Development,Life Sciences,Male,Manager,Divorced,Medium Risk
34,0,-0.3829858788640377,11,3,1289,3,-0.4867093514188816,2,2,2,-0.42770492706593455,1.0568533032276237,4,11,3,4,2,14,5,4,10,9,1,8,True,False,False,False,True,False,False,False,False,True,True,False,False,False,False,False,False,False,True,False,False,26-35,,Senior Level,Experienced Employee,0.0,Travel Frequently,Human Resources,Life Sciences,Male,Human Resources,Married,Low Risk
35,0,-0.16730398481169909,6,1,1291,3,0.005355811294843447,3,1,3,-0.636783920371576,-1.1655205106572708,0,14,3,4,0,4,3,3,3,2,2,2,False,True,True,False,True,False,False,False,False,True,False,False,False,False,False,True,False,False,True,False,True,26-35,,Entry Level,Junior Employee,0.0,Travel Rarely,Research & Development,Life Sciences,Male,Research Scientist,Married,Medium Risk
42,0,-0.494545479235937,7,4,1292,2,0.5958340065513135,4,2,2,-0.8777347114372239,-1.2206125573936826,6,16,3,4,0,18,2,3,1,0,0,0,False,True,True,False,False,False,True,False,False,False,False,False,False,False,False,True,False,False,True,False,True,36-45,,Senior Level,New Employee,0.0,Travel Rarely,Research & Development,Medical,Female,Research Scientist,Married,High Risk
43,0,-0.6730408398309758,4,4,1293,4,-0.4867093514188816,2,3,4,0.7921350125353742,0.8503986689016318,3,14,3,4,0,23,3,4,21,7,15,17,False,True,False,True,False,True,False,False,False,False,False,False,False,False,False,False,True,False,False,True,False,36-45,Low Salary,Executive Level,Veteran Employee,0.0,Travel Rarely,Sales,Marketing,Female,Sales Executive,Single,Low Risk
36,0,-0.9259092673406143,2,4,1294,3,-0.6343289002329991,3,2,2,-0.2322245674712291,-1.6851003493932764,9,11,3,4,0,18,2,3,16,14,5,12,False,True,True,False,True,False,False,False,False,False,False,False,False,True,False,False,False,False,False,True,True,36-45,,Senior Level,Loyal Employee,0.0,Travel Rarely,Research & Development,Life Sciences,Female,Manufacturing Director,Single,High Risk
44,1,-0.44992163908717725,15,3,1295,1,0.349801425194451,3,3,4,0.3134206101800792,-0.03346327478534105,1,11,3,4,1,10,2,3,10,7,0,5,False,True,True,False,False,False,True,False,False,False,False,False,False,False,False,False,False,False,True,False,False,36-45,Low Salary,Mid Level,Experienced Employee,0.07,Travel Rarely,Research & Development,Medical,Female,Healthcare Representative,Married,Low Risk
28,0,-1.5109773937354638,2,3,1296,4,-0.6835354165043717,2,1,4,-0.5600791270958275,-0.01280375725918665,1,12,3,2,1,2,2,3,2,2,2,2,True,False,True,False,True,False,False,False,False,True,False,True,False,False,False,False,False,False,True,False,True,26-35,,Entry Level,New Employee,0.0,Travel Frequently,Research & Development,Life Sciences,Male,Laboratory Technician,Married,Medium Risk
51,0,0.4103268348916906,6,2,1297,2,-1.2740136117608418,2,1,3,-0.7787196597294709,-1.4132941800355716,0,14,3,2,0,8,6,2,7,0,7,7,True,False,True,False,False,False,True,False,False,False,False,True,False,False,False,False,False,False,False,True,False,46-55,,Mid Level,Experienced Employee,0.0,Travel Frequently,Research & Development,Medical,Female,Laboratory Technician,Single,Medium Risk
30,0,0.18968673637837866,9,2,1298,3,0.3005949089230785,3,2,3,-0.3841468034605926,-0.20450159335221113,7,18,3,3,0,10,3,3,8,4,1,7,False,False,True,False,False,False,True,False,False,False,False,False,False,True,False,False,False,False,False,True,True,26-35,,Mid Level,Experienced Employee,0.0,Non-Travel,Research & Development,Medical,Female,Manufacturing Director,Single,Medium Risk
29,1,0.008712273552853136,7,3,1299,2,-1.3232201280322142,3,1,3,-0.6722678552110498,0.41767312833680603,3,13,3,1,2,10,2,3,7,7,7,7,False,True,True,False,False,False,False,False,True,False,False,True,False,False,False,False,False,False,False,False,True,26-35,,Mid Level,Experienced Employee,0.07,Travel Rarely,Research & Development,Technical Degree,Female,Laboratory Technician,Divorced,Medium Risk
28,0,-0.4028186967079309,1,3,1301,4,0.8910731041795485,3,1,1,-0.9397784777433695,-1.346537235648338,2,11,3,2,0,5,2,2,3,2,1,2,False,True,True,False,False,False,False,False,True,True,False,False,False,False,False,True,False,False,False,True,False,26-35,,Entry Level,Junior Employee,0.0,Travel Rarely,Research & Development,Technical Degree,Male,Research Scientist,Single,Medium Risk
25,0,-1.3300029309099384,1,3,1303,4,-1.2740136117608418,3,1,2,-0.9363788193156355,0.6348088737647554,1,18,3,4,0,2,3,2,2,2,2,1,False,True,True,False,False,False,True,False,False,False,False,False,False,False,False,True,False,False,False,True,False,18-25,,Entry Level,New Employee,0.0,Travel Rarely,Research & Development,Medical,Female,Research Scientist,Single,Medium Risk
32,0,-0.49206637700545036,8,3,1304,3,-0.4867093514188816,4,2,4,-0.06245412473626206,-0.36823178327037354,1,15,3,3,2,10,4,4,10,7,0,8,False,True,False,True,False,False,True,False,False,True,False,False,False,False,False,False,True,False,True,False,False,26-35,,Mid Level,Experienced Employee,0.0,Travel Rarely,Sales,Medical,Male,Sales Executive,Married,Low Risk
45,0,-1.0870509123222465,25,3,1306,2,0.841866587908176,3,5,2,2.4558428556077043,-0.1796258477594946,3,22,4,3,0,22,4,3,0,0,0,0,True,False,True,False,False,False,True,False,False,False,False,False,True,False,False,False,False,False,False,True,False,36-45,Low Salary,Executive Level,,0.0,Travel Frequently,Research & Development,Medical,Female,Manager,Single,Low Risk
39,0,-0.9680540052588873,13,4,1307,3,1.3831382668932737,2,4,2,2.2565378802817984,0.4245596341788575,6,13,3,4,2,21,4,3,19,9,15,2,False,True,True,False,False,False,True,False,False,False,False,False,True,False,False,False,False,False,False,False,True,36-45,Low Salary,Executive Level,Loyal Employee,0.0,Travel Rarely,Research & Development,Medical,Female,Manager,Divorced,High Risk
58,0,0.11283456723329248,23,4,1308,1,1.0878991692650386,3,1,3,-0.8777347114372239,1.6531684927750598,1,12,3,4,2,2,3,3,2,2,2,2,False,True,True,False,True,False,False,False,False,True,False,False,False,False,False,True,False,False,False,False,False,55+,,Entry Level,New Employee,0.0,Travel Rarely,Research & Development,Life Sciences,Male,Research Scientist,Divorced,Low Risk
32,1,0.7102982047805754,7,2,1309,4,0.645040522822686,3,2,3,-0.344200816934718,1.1990807300063193,1,18,3,1,1,10,3,3,10,4,1,1,False,True,True,False,True,False,False,False,False,True,False,True,False,False,False,False,False,False,True,False,False,26-35,,Mid Level,Experienced Employee,0.07,Travel Rarely,Research & Development,Life Sciences,Male,Laboratory Technician,Married,Low Risk
39,1,-1.096967321244193,23,3,1310,3,1.333931750621901,3,1,1,-0.5522174169816926,1.1019669435398385,0,13,3,1,0,6,2,3,5,2,0,3,False,True,True,False,False,False,True,False,False,True,False,False,False,False,False,True,False,False,False,True,False,36-45,,Mid Level,Junior Employee,0.07,Travel Rarely,Research & Development,Medical,Male,Research Scientist,Single,Low Risk
30,0,0.8317742140744212,6,3,1311,1,-0.8803614815898617,2,2,4,-0.3985953517784621,1.309545905350247,0,12,3,1,1,10,6,3,9,2,6,7,False,True,True,False,False,False,False,False,True,False,False,True,False,False,False,False,False,False,True,False,False,26-35,,Mid Level,Experienced Employee,0.0,Travel Rarely,Research & Development,Technical Degree,Female,Laboratory Technician,Married,Low Risk
36,0,-1.183735899311226,10,4,1312,4,-0.14226373751927407,3,3,3,0.12558948204777526,-1.2038881860629862,3,12,3,1,0,10,0,3,7,7,1,7,False,True,True,False,False,False,False,False,True,False,False,False,False,False,False,False,False,False,True,False,False,36-45,Low Salary,Mid Level,Experienced Employee,0.0,Travel Rarely,Research & Development,Technical Degree,Female,Healthcare Representative,Married,Low Risk
46,0,0.46734618619288354,1,2,1314,4,-1.0771875466753518,3,1,1,-0.6544196484654462,1.2148213147881513,6,12,3,3,0,10,3,4,7,6,5,7,False,True,False,False,True,False,False,False,False,False,True,False,False,False,False,False,False,False,False,True,False,46-55,,Mid Level,Experienced Employee,0.0,Travel Rarely,Human Resources,Life Sciences,Female,Human Resources,Single,Low Risk
28,0,1.6697107679789092,1,3,1315,3,-0.5359158676902541,1,2,4,0.03634844831975755,0.29217007288880686,0,11,3,1,3,10,6,3,9,8,7,5,False,False,True,False,True,False,False,False,False,False,False,True,False,False,False,False,False,False,True,False,False,26-35,Low Salary,Mid Level,Experienced Employee,0.0,Non-Travel,Research & Development,Life Sciences,Female,Laboratory Technician,Married,Low Risk
50,0,1.287929024483965,28,3,1317,4,-1.1263940629467242,3,4,1,2.204905567910588,1.1396319142677933,4,11,3,2,0,25,2,3,3,2,1,2,False,True,True,False,True,False,False,False,False,False,False,False,False,False,True,False,False,False,True,False,True,46-55,Low Salary,Executive Level,Junior Employee,0.0,Travel Rarely,Research & Development,Life Sciences,Female,Research Director,Married,High Risk
40,1,-1.2481925573038788,25,4,1318,4,-0.4375028351475091,2,3,2,0.5505467855145263,0.41064608155920246,2,12,3,3,0,9,2,3,5,4,1,0,False,True,False,True,False,True,False,False,False,True,False,False,False,False,False,False,True,False,False,True,True,36-45,Low Salary,Mid Level,Junior Employee,0.07,Travel Rarely,Sales,Marketing,Male,Sales Executive,Single,High Risk
52,1,0.5640311731818629,5,3,1319,2,-0.09305722124790157,3,3,2,0.41286061919129896,1.0148315634975547,9,19,3,3,0,10,2,2,8,7,7,7,False,True,False,True,True,False,False,False,False,True,False,False,False,False,False,False,True,False,False,True,True,46-55,Low Salary,Mid Level,Experienced Employee,0.07,Travel Rarely,Sales,Life Sciences,Male,Sales Executive,Single,High Risk
30,0,-0.4176933100908508,17,4,1321,2,1.432344783164646,3,3,1,1.150161540706112,1.6322278933778014,1,23,4,4,2,9,2,3,9,1,0,8,False,True,True,False,False,False,True,False,False,False,False,False,True,False,False,False,False,False,True,False,True,26-35,Low Salary,Mid Level,Experienced Employee,0.0,Travel Rarely,Research & Development,Medical,Female,Manager,Married,High Risk
39,0,-0.6903945554443824,18,2,1322,1,-1.6676657419318217,3,2,3,-0.41835586638966604,-0.1350743711894882,0,11,3,1,0,9,6,3,8,7,1,7,False,True,True,False,True,False,False,False,False,True,False,False,False,True,False,False,False,False,False,True,False,36-45,,Mid Level,Experienced Employee,0.0,Travel Rarely,Research & Development,Life Sciences,Male,Manufacturing Director,Single,Low Risk
31,0,-0.5342111149237234,2,4,1324,4,-0.4375028351475091,3,3,3,0.711605603528425,-0.7558436835229847,1,19,3,1,1,10,5,2,10,8,9,6,False,False,False,True,True,False,False,False,False,False,False,False,False,False,False,False,True,False,False,False,True,26-35,Low Salary,Mid Level,Experienced Employee,0.0,Non-Travel,Sales,Life Sciences,Female,Sales Executive,Divorced,Medium Risk
41,0,-1.3547939532148048,10,2,1329,3,-1.2740136117608418,1,2,2,-0.07477788653679784,1.0907236686956727,1,13,3,1,0,19,4,3,19,2,11,9,False,False,False,True,False,False,True,False,False,True,False,False,False,False,False,False,True,False,False,True,False,36-45,,Senior Level,Loyal Employee,0.0,Non-Travel,Sales,Medical,Male,Sales Executive,Single,Low Risk
31,1,0.6384042400964625,1,3,1331,4,-0.5851223839616266,3,1,2,-0.8926082170585602,-0.8424168998230602,1,11,3,1,0,3,2,4,3,2,2,2,True,False,False,True,True,False,False,False,False,False,False,False,False,False,False,False,False,True,False,True,True,26-35,,Entry Level,Junior Employee,0.07,Travel Frequently,Sales,Life Sciences,Female,Sales Representative,Single,High Risk
44,1,0.3285164612856311,3,3,1333,1,1.137105685536411,3,1,1,-0.8798594979545576,0.05001804093258897,4,12,3,3,0,10,4,4,3,2,1,2,False,True,True,False,True,False,False,False,False,True,False,True,False,False,False,False,False,False,True,False,False,36-45,,Mid Level,Junior Employee,0.07,Travel Rarely,Research & Development,Life Sciences,Male,Laboratory Technician,Married,Low Risk
42,0,-0.7622885201284952,2,1,1334,3,-1.4216331605749593,3,4,3,2.4133471252610295,1.7242822061644076,0,13,3,4,0,21,3,2,20,8,2,10,False,False,True,False,True,False,False,False,False,True,False,False,True,False,False,False,False,False,True,False,True,36-45,Low Salary,Executive Level,Loyal Employee,0.0,Non-Travel,Research & Development,Life Sciences,Male,Manager,Married,Medium Risk
55,0,-1.290337295222152,2,2,1336,4,-0.3882963188761366,1,5,3,2.6950938174594854,-1.0289147213006582,4,14,3,4,1,23,5,3,19,9,9,11,False,True,True,False,False,False,True,False,False,False,False,False,True,False,False,False,False,False,True,False,False,46-55,Low Salary,Executive Level,Loyal Employee,0.0,Travel Rarely,Research & Development,Medical,Female,Manager,Married,Low Risk
56,0,-1.4787490647391375,8,4,1338,4,1.6291708482501361,3,5,2,2.8077075028781744,-1.446321299890308,6,14,3,1,0,36,4,3,7,3,7,7,False,True,False,False,True,False,False,False,False,True,False,False,True,False,False,False,False,False,False,True,False,55+,Low Salary,Executive Level,Experienced Employee,0.0,Travel Rarely,Human Resources,Life Sciences,Male,Manager,Single,Low Risk
40,0,-0.8540153026565014,16,2,1340,3,0.3990079414658235,3,1,3,-0.6287097316057078,-0.8124816805504691,9,16,3,2,1,6,0,3,4,2,0,0,False,False,True,False,True,False,False,False,False,True,False,False,False,False,False,True,False,False,False,False,False,36-45,,Mid Level,Junior Employee,0.0,Non-Travel,Research & Development,Life Sciences,Male,Research Scientist,Divorced,Low Risk
34,0,0.3483492791295243,9,3,1344,4,0.9894861367222936,3,3,4,0.42433446638490124,-1.23944504275766,0,11,3,4,1,10,0,2,9,7,1,6,False,True,True,False,True,False,False,False,False,True,False,False,False,False,False,False,False,False,False,False,False,26-35,Low Salary,Mid Level,Experienced Employee,0.0,Travel Rarely,Research & Development,Life Sciences,Male,Healthcare Representative,Divorced,Medium Risk
40,0,-0.6928736576748691,2,3,1346,3,1.5799643319787637,3,2,4,-0.39137107761952733,1.1442697651410116,1,13,3,3,0,9,4,3,9,8,8,8,False,True,True,False,True,False,False,False,False,True,False,False,False,False,False,True,False,False,False,True,False,36-45,,Mid Level,Experienced Employee,0.0,Travel Rarely,Research & Development,Life Sciences,Male,Research Scientist,Single,Low Risk
41,0,0.5342819464160231,1,3,1349,3,0.005355811294843447,3,2,1,-0.5099341652867508,-1.4076725426134886,0,17,3,4,1,10,2,3,9,3,1,7,True,False,False,True,False,True,False,False,False,False,False,False,False,False,False,False,True,False,False,False,False,36-45,,Mid Level,Experienced Employee,0.0,Travel Frequently,Sales,Marketing,Female,Sales Executive,Divorced,Low Risk
35,0,-0.7945168491248218,4,4,1350,3,1.038692652993666,3,2,3,-0.4789122821336781,-1.6335218260456663,1,11,3,2,0,9,3,3,9,6,1,1,True,False,True,False,True,False,False,False,False,True,False,False,False,False,False,True,False,False,False,True,True,26-35,,Mid Level,Experienced Employee,0.0,Travel Frequently,Research & Development,Life Sciences,Male,Research Scientist,Single,Medium Risk
51,0,-0.08053540674466629,5,3,1352,3,0.8910731041795485,3,4,2,1.5984914958635343,0.46025703180908345,1,11,3,2,1,33,2,3,33,9,0,10,False,True,False,False,True,False,False,False,False,True,False,False,True,False,False,False,False,False,False,False,True,46-55,Low Salary,Executive Level,Veteran Employee,0.0,Travel Rarely,Human Resources,Life Sciences,Male,Manager,Divorced,High Risk
38,0,0.5119700263416432,2,2,1355,2,-1.7168722582031943,3,2,1,0.0828812730493668,0.7234902040981119,3,15,3,4,1,11,3,3,7,7,1,7,False,True,False,True,True,False,False,False,False,False,False,False,False,False,False,False,True,False,False,False,False,36-45,Low Salary,Senior Level,Experienced Employee,0.0,Travel Rarely,Sales,Life Sciences,Female,Sales Executive,Divorced,Low Risk
34,0,-0.7325392933626554,15,2,1356,3,0.005355811294843447,3,2,1,-0.08030233148186561,1.2985837123771855,1,12,3,4,0,10,6,4,10,8,9,6,False,True,False,True,False,False,True,False,False,False,False,False,False,False,False,False,True,False,False,True,False,26-35,,Mid Level,Experienced Employee,0.0,Travel Rarely,Sales,Medical,Female,Sales Executive,Single,Low Risk
25,0,0.1971240430698386,19,1,1358,4,0.05456232756621595,3,1,4,-0.6021499001390359,-0.7361679525456948,3,11,3,3,3,7,6,2,3,2,1,2,False,True,True,False,False,False,True,False,False,True,False,True,False,False,False,False,False,False,True,False,False,18-25,,Mid Level,Junior Employee,0.0,Travel Rarely,Research & Development,Medical,Male,Laboratory Technician,Married,Medium Risk
58,1,-0.4995036836969103,7,4,1360,3,-0.6343289002329991,2,3,1,0.7447522731988315,-0.3218532745381902,7,14,3,4,0,31,0,2,10,9,5,9,False,True,True,False,False,False,True,False,False,False,False,False,False,True,False,False,False,False,True,False,True,55+,Low Salary,Executive Level,Experienced Employee,0.07,Travel Rarely,Research & Development,Medical,Female,Manufacturing Director,Married,High Risk
40,0,-1.1738194903892794,1,4,1361,2,1.0878991692650386,3,1,2,-0.8745475316612232,-1.0612391364776343,3,22,4,3,1,7,3,3,4,2,0,3,False,True,True,False,True,False,False,False,False,True,False,True,False,False,False,False,False,False,True,False,False,36-45,,Mid Level,Junior Employee,0.0,Travel Rarely,Research & Development,Life Sciences,Male,Laboratory Technician,Married,Low Risk
36,0,-0.4846290703139904,7,3,1362,1,0.841866587908176,4,2,1,-0.39604560795766164,-1.6938138873975048,2,16,3,4,1,17,2,2,15,7,6,13,True,False,False,True,False,True,False,False,False,False,False,False,False,False,False,False,True,False,True,False,False,36-45,,Senior Level,Loyal Employee,0.0,Travel Frequently,Sales,Marketing,Female,Sales Executive,Married,Medium Risk
48,0,0.13018828284669903,4,3,1363,4,-0.5851223839616266,3,3,4,0.29642231804140917,0.6173817977562985,1,11,3,3,0,11,2,3,10,9,0,8,False,True,True,False,True,False,False,False,False,True,False,False,False,True,False,False,False,False,False,True,False,46-55,Low Salary,Senior Level,Experienced Employee,0.0,Travel Rarely,Research & Development,Life Sciences,Male,Manufacturing Director,Single,Low Risk
27,0,1.2110768553388789,11,3,1364,3,1.5799643319787637,4,1,4,-0.843313169856417,-1.094266256332371,8,14,3,2,1,5,4,3,1,0,0,0,False,True,False,True,False,False,True,False,False,False,False,False,False,False,False,False,False,True,True,False,False,26-35,,Entry Level,New Employee,0.0,Travel Rarely,Sales,Medical,Female,Sales Representative,Married,Low Risk
51,0,1.493694509614357,11,2,1367,4,0.7926600716368035,2,4,2,1.4106603677312304,1.42310298127632,3,16,3,2,0,29,1,2,5,2,0,3,False,True,True,False,False,False,False,False,True,False,False,False,False,True,False,False,False,False,False,True,False,46-55,Low Salary,Executive Level,Junior Employee,0.0,Travel Rarely,Research & Development,Technical Degree,Female,Manufacturing Director,Single,Medium Risk
18,0,0.7970667828476081,1,3,1368,4,1.5307578157073911,3,1,4,-1.0394309654063227,0.7015658181519889,1,15,3,3,0,0,5,4,0,0,0,0,False,False,True,False,True,False,False,False,False,False,False,True,False,False,False,False,False,False,False,True,False,,,,,0.0,Non-Travel,Research & Development,Life Sciences,Female,Laboratory Technician,Single,Low Risk
35,0,0.035982398088206295,1,3,1369,4,-0.2898832863333916,2,2,4,-0.24221106410269774,-0.4872699556829775,0,12,3,2,1,10,0,3,9,7,0,0,False,True,True,False,False,False,True,False,False,False,False,True,False,False,False,False,False,False,True,False,False,26-35,,Mid Level,Experienced Employee,0.0,Travel Rarely,Research & Development,Medical,Female,Laboratory Technician,Married,Low Risk
27,0,-0.023516055443473325,2,1,1371,4,-1.1263940629467242,1,2,4,-0.3042548304088434,0.8543338150970898,3,20,4,2,0,8,3,3,6,2,0,0,True,False,False,True,True,False,False,False,False,True,False,False,False,False,False,False,True,False,False,True,False,26-35,,Mid Level,Experienced Employee,0.0,Travel Frequently,Sales,Life Sciences,Male,Sales Executive,Single,Low Risk
55,1,-1.3275238286794517,13,4,1372,1,0.9402796204509211,4,4,3,1.528161062139787,-0.7077786835641765,6,17,3,3,0,24,2,2,19,7,3,8,False,True,False,True,False,True,False,False,False,True,False,False,False,False,False,False,True,False,False,True,True,46-55,Low Salary,Executive Level,Loyal Employee,0.07,Travel Rarely,Sales,Marketing,Male,Sales Executive,Single,Medium Risk
56,0,1.4044468293168375,23,3,1373,4,0.10376884383758846,3,4,2,1.465904817181908,0.5511870171112733,4,12,3,1,1,33,0,3,19,16,15,9,False,True,True,False,True,False,False,False,False,True,False,False,False,True,False,False,False,False,True,False,True,55+,Low Salary,Executive Level,Loyal Employee,0.0,Travel Rarely,Research & Development,Life Sciences,Male,Manufacturing Director,Married,High Risk
34,0,0.4871790040367768,26,1,1374,1,1.2847252343505287,2,1,3,-0.9506148889817717,0.2217590641772194,1,20,4,3,3,5,2,3,5,4,0,0,False,False,True,False,False,False,False,False,True,False,False,False,False,False,False,True,False,False,False,False,False,26-35,,Entry Level,Junior Employee,0.0,Non-Travel,Research & Development,Technical Degree,Female,Research Scientist,Divorced,Low Risk
40,0,0.9904367568255669,2,1,1375,2,1.137105685536411,4,2,3,-0.026757711245054973,-0.059744429733578276,5,20,4,2,3,15,0,3,12,11,11,8,False,True,True,False,False,False,True,False,False,False,False,False,False,False,False,False,False,False,False,False,False,36-45,,Senior Level,Loyal Employee,0.0,Travel Rarely,Research & Development,Medical,Female,Healthcare Representative,Divorced,Low Risk
34,0,-1.282899988530692,29,3,1377,2,0.9894861367222936,3,2,3,-0.22818747308829496,0.4466245610605326,4,13,3,1,2,10,1,3,8,7,7,7,False,True,True,False,False,False,True,False,False,True,False,True,False,False,False,False,False,False,True,False,False,26-35,,Mid Level,Experienced Employee,0.0,Travel Rarely,Research & Development,Medical,Male,Laboratory Technician,Married,Low Risk
31,1,-0.24663525618727192,2,3,1379,3,1.1863122018077836,2,1,4,-0.7899810282713399,-0.3416695464510322,7,14,3,3,0,3,3,4,1,0,0,0,True,False,False,True,True,False,False,False,False,False,False,False,False,False,False,False,False,True,False,True,False,26-35,,Entry Level,New Employee,0.07,Travel Frequently,Sales,Life Sciences,Female,Sales Representative,Single,Low Risk
35,1,-0.3482784476372246,18,4,1380,4,0.05456232756621595,3,2,3,-0.401357574250996,1.2613403644558867,0,18,3,3,1,5,0,2,4,2,3,2,True,False,False,True,False,True,False,False,False,False,False,False,False,False,False,False,True,False,True,False,True,26-35,,Entry Level,Junior Employee,0.07,Travel Frequently,Sales,Marketing,Female,Sales Executive,Married,Medium Risk
38,0,-0.2714262784921384,7,3,1382,4,-0.4375028351475091,4,1,3,-0.8271647923246805,0.2016617103932733,1,11,3,4,3,4,2,3,4,2,0,3,True,False,True,False,True,False,False,False,False,True,False,False,False,False,False,True,False,False,False,False,False,36-45,,Entry Level,Junior Employee,0.0,Travel Frequently,Research & Development,Life Sciences,Male,Research Scientist,Divorced,Low Risk
34,0,-0.9878868231027805,2,4,1383,3,1.5799643319787637,3,2,4,0.039110670792291434,-1.1454231568733246,1,11,3,4,0,14,2,4,14,11,4,11,False,True,True,False,False,False,False,False,True,False,False,False,False,False,False,False,False,False,False,True,False,26-35,Low Salary,Senior Level,Loyal Employee,0.0,Travel Rarely,Research & Development,Technical Degree,Female,Healthcare Representative,Single,Low Risk
28,0,-0.16482488258121242,26,3,1387,3,-0.8803614815898617,2,2,1,-0.3779849225603247,1.3940110076170416,1,11,3,3,1,5,0,3,5,3,0,4,False,True,False,True,True,False,False,False,False,True,False,False,False,False,False,False,True,False,True,False,False,26-35,,Entry Level,Junior Employee,0.0,Travel Rarely,Sales,Life Sciences,Male,Sales Executive,Married,Low Risk
31,1,-1.1713403881587927,22,4,1389,4,1.5799643319787637,3,2,3,-0.06882848428826333,0.9477935372392169,1,15,3,4,2,10,3,2,10,2,6,7,False,True,True,False,False,False,True,False,False,True,False,False,False,True,False,False,False,False,True,False,True,26-35,,Mid Level,Experienced Employee,0.07,Travel Rarely,Research & Development,Medical,Male,Manufacturing Director,Married,Medium Risk
39,0,1.7242510170496155,21,4,1390,1,-1.0771875466753518,2,2,4,-0.08136472474053248,-1.5102674255665003,3,12,3,4,2,8,2,4,5,4,1,4,False,True,False,True,True,False,False,False,False,True,False,False,False,False,False,False,True,False,True,False,True,36-45,,Mid Level,Junior Employee,0.0,Travel Rarely,Sales,Life Sciences,Male,Sales Executive,Married,Medium Risk
51,0,-0.6482498175261093,2,3,1391,2,-0.6835354165043717,3,3,2,0.8696897204180564,0.15205076014339233,2,11,3,2,0,14,5,3,4,2,3,2,True,False,False,True,False,True,False,False,False,True,False,False,False,False,False,False,True,False,True,False,False,46-55,Low Salary,Senior Level,Junior Employee,0.0,Travel Frequently,Sales,Marketing,Male,Sales Executive,Married,Low Risk
41,0,0.9854785523645936,22,3,1392,4,0.448214457737196,3,2,4,-0.2201132843224267,-0.05060926892269368,3,14,3,1,2,12,4,2,6,2,3,3,True,False,True,False,True,False,False,False,False,False,False,False,False,False,False,True,False,False,False,False,True,36-45,,Senior Level,Experienced Employee,0.0,Travel Frequently,Research & Development,Life Sciences,Female,Research Scientist,Divorced,Medium Risk
37,0,1.5779839854509032,4,1,1394,3,-0.5851223839616266,3,1,3,-0.7451480327555976,-1.2832938146499062,7,15,3,4,0,8,2,3,6,4,1,3,False,True,True,False,True,False,False,False,False,True,False,False,False,False,False,True,False,False,True,False,True,36-45,,Mid Level,Experienced Employee,0.0,Travel Rarely,Research & Development,Life Sciences,Male,Research Scientist,Married,Medium Risk
33,0,0.7648384538512817,5,1,1395,2,-0.2406767700620191,3,2,4,0.7426274866814978,0.699879326925364,6,13,3,1,0,8,2,4,5,4,1,2,True,False,False,True,True,False,False,False,False,True,False,False,False,False,False,False,True,False,True,False,False,26-35,Low Salary,Mid Level,Junior Employee,0.0,Travel Frequently,Sales,Life Sciences,Male,Sales Executive,Married,Low Risk
32,0,-0.7523721112065487,2,1,1396,3,-1.4708396768463317,3,2,2,-0.5152461315800853,0.8690906133300572,0,13,3,1,3,4,3,2,3,2,1,2,False,True,False,True,False,True,False,False,False,True,False,False,False,False,False,False,True,False,True,False,True,26-35,,Entry Level,Junior Employee,0.0,Travel Rarely,Sales,Marketing,Male,Sales Executive,Married,High Risk
39,0,1.6920226880532891,25,2,1397,3,0.251388392651706,3,3,3,0.93853280357967,-1.5268512559616447,3,21,4,2,1,13,2,3,6,4,0,5,False,False,True,False,True,False,False,False,False,True,False,False,False,False,False,False,False,False,True,False,False,36-45,Low Salary,Senior Level,Experienced Employee,0.0,Non-Travel,Research & Development,Life Sciences,Male,Healthcare Representative,Married,Low Risk
25,0,1.4118841360082974,18,1,1399,1,1.333931750621901,4,2,3,-0.05756711574639442,-0.2580476897975501,2,11,3,2,0,6,3,2,3,2,1,2,False,True,False,True,True,False,False,False,False,True,False,False,False,False,False,False,True,False,True,False,False,18-25,,Mid Level,Junior Employee,0.0,Travel Rarely,Sales,Life Sciences,Male,Sales Executive,Married,Medium Risk
52,0,-1.1911732060026858,28,2,1401,4,-0.3390898026047641,4,4,3,1.432970626163235,-0.6439730988235364,2,11,3,2,1,24,3,2,5,3,0,2,True,False,True,False,False,False,True,False,False,False,False,False,False,True,False,False,False,False,True,False,True,46-55,Low Salary,Executive Level,Junior Employee,0.0,Travel Frequently,Research & Development,Medical,Female,Manufacturing Director,Married,Medium Risk
43,0,0.31612095013319785,6,3,1402,1,0.349801425194451,2,2,3,-0.5146086956248852,0.7996633911673343,1,14,3,1,0,20,3,1,20,7,1,8,False,True,True,False,False,False,True,False,False,False,False,False,False,False,False,True,False,False,False,True,True,36-45,,Senior Level,Loyal Employee,0.0,Travel Rarely,Research & Development,Medical,Female,Research Scientist,Single,Medium Risk
27,0,-1.4812281669696241,10,3,1403,4,1.5799643319787637,2,2,4,-0.15594473149894728,-1.0137363002610345,1,11,3,4,0,6,3,3,6,2,4,4,False,True,False,True,False,True,False,False,False,False,False,False,False,False,False,False,True,False,True,False,True,26-35,,Mid Level,Experienced Employee,0.0,Travel Rarely,Sales,Marketing,Female,Sales Executive,Married,Medium Risk
27,1,-1.6547653231036896,17,4,1405,4,-0.7327419327757442,3,1,3,-0.8730601810990897,1.597654823231992,1,13,3,4,0,8,2,3,8,2,7,7,False,True,True,False,True,False,False,False,False,False,False,False,False,False,False,True,False,False,False,True,True,26-35,,Mid Level,Experienced Employee,0.07,Travel Rarely,Research & Development,Life Sciences,Female,Research Scientist,Single,Medium Risk
26,0,-0.2962173007970049,2,1,1407,1,-1.4708396768463317,2,1,4,-0.5522174169816926,-1.4423861536948501,0,12,3,4,0,5,2,3,4,3,1,1,False,True,True,False,False,False,True,False,False,True,False,False,False,False,False,True,False,False,False,True,False,26-35,,Entry Level,Junior Employee,0.0,Travel Rarely,Research & Development,Medical,Male,Research Scientist,Single,Low Risk
42,0,0.8540861341488011,10,3,1408,3,-1.7168722582031943,3,4,1,2.1876947971201846,0.3236512424524707,0,14,3,3,1,21,5,3,20,7,0,9,False,True,False,False,False,False,False,False,False,False,False,False,True,False,False,False,False,False,True,False,False,36-45,Low Salary,Executive Level,Loyal Employee,0.0,Travel Rarely,Human Resources,Human Resources,Female,Manager,Married,Low Risk
52,0,-1.3498357487538315,8,4,1409,3,-0.5851223839616266,3,1,1,-0.7549220507353328,0.42863532130986753,9,13,3,3,0,12,2,1,5,4,0,4,False,True,True,False,False,False,False,True,False,False,False,True,False,False,False,False,False,False,True,False,False,46-55,,Senior Level,Junior Employee,0.0,Travel Rarely,Research & Development,Other,Female,Laboratory Technician,Married,Medium Risk
37,0,1.6350033367520962,11,3,1411,1,1.3831382668932737,3,1,3,-0.6106490462083709,0.6735981719771268,4,18,3,1,0,8,6,3,3,2,0,2,False,True,True,False,False,False,True,False,False,False,False,True,False,False,False,False,False,False,False,True,False,36-45,,Mid Level,Junior Employee,0.0,Travel Rarely,Research & Development,Medical,Female,Laboratory Technician,Single,Low Risk
35,0,-1.4936236781220573,18,2,1412,3,-0.2898832863333916,3,3,4,0.607491064179071,0.7913714759697621,2,11,3,3,0,10,2,3,2,2,2,2,True,False,True,False,True,False,False,False,False,True,False,False,False,True,False,False,False,False,False,True,False,26-35,Low Salary,Mid Level,New Employee,0.0,Travel Frequently,Research & Development,Life Sciences,Male,Manufacturing Director,Single,Low Risk
25,0,0.3632238925124442,1,3,1415,1,0.743453555365431,3,1,4,-0.6956405069017211,-1.3215209491200695,4,11,3,2,1,7,2,2,3,2,0,2,False,True,True,False,False,False,False,False,True,True,False,True,False,False,False,False,False,False,True,False,False,18-25,,Mid Level,Junior Employee,0.0,Travel Rarely,Research & Development,Technical Degree,Male,Laboratory Technician,Married,Medium Risk
26,0,-0.3730694699420911,7,3,1417,3,1.6783773645215088,4,1,1,-0.6214854574467731,1.301956694830435,0,12,3,4,0,8,2,3,7,7,0,7,False,True,True,False,False,False,False,True,False,True,False,True,False,False,False,False,False,False,False,True,False,26-35,,Mid Level,Experienced Employee,0.0,Travel Rarely,Research & Development,Other,Male,Laboratory Technician,Single,Low Risk
29,0,-1.1663821836978194,17,3,1419,2,-0.7327419327757442,2,3,1,0.315545396697413,-0.6386325432725577,1,13,3,1,0,10,3,2,10,9,0,9,False,True,False,False,False,False,False,True,False,True,True,False,False,False,False,False,False,False,False,True,False,26-35,Low Salary,Mid Level,Experienced Employee,0.0,Travel Rarely,Human Resources,Other,Male,Human Resources,Single,Medium Risk
49,1,1.6672316657484225,28,2,1420,1,1.5307578157073911,2,2,1,-0.4714755293230099,1.1801077037067897,3,20,4,1,0,20,2,3,4,3,1,3,True,False,True,False,True,False,False,False,False,True,False,True,False,False,False,False,False,False,False,True,False,46-55,,Senior Level,Junior Employee,0.07,Travel Frequently,Research & Development,Life Sciences,Male,Laboratory Technician,Single,Low Risk
29,1,-1.1539866725453862,14,1,1421,3,0.8910731041795485,3,3,4,0.22311718319339463,1.2110267095282454,0,12,3,1,0,9,1,3,8,7,7,7,True,False,True,False,False,False,False,True,False,False,False,False,False,False,False,False,False,False,False,True,True,26-35,Low Salary,Mid Level,Experienced Employee,0.07,Travel Frequently,Research & Development,Other,Female,Healthcare Representative,Single,Medium Risk
54,0,0.4177641415831505,1,3,1422,4,-0.5851223839616266,3,4,4,2.3000960038871403,-1.2172395749404328,6,19,3,4,0,29,3,2,20,7,12,7,False,True,True,False,False,False,True,False,False,False,False,False,False,False,True,False,False,False,False,True,False,46-55,Low Salary,Executive Level,Loyal Employee,0.0,Travel Rarely,Research & Development,Medical,Female,Research Director,Single,Medium Risk
58,0,0.6260087289440293,1,3,1423,4,0.4974209740085685,3,5,1,2.8043078444504403,1.1444103060765638,3,21,4,3,1,32,3,3,9,8,1,5,False,True,True,False,False,False,True,False,False,False,False,False,False,False,True,False,False,False,True,False,True,55+,Low Salary,Executive Level,Experienced Employee,0.0,Travel Rarely,Research & Development,Medical,Female,Research Director,Married,High Risk
55,0,0.8268160096134479,1,4,1424,2,0.743453555365431,4,4,4,1.7485014239872974,-0.26690176873733057,2,13,3,4,2,31,4,4,7,7,0,0,False,True,True,False,False,False,True,False,False,True,False,False,False,False,True,False,False,False,False,False,False,46-55,Low Salary,Executive Level,Experienced Employee,0.0,Travel Rarely,Research & Development,Medical,Male,Research Director,Divorced,Low Risk
36,0,0.9210218943719407,3,4,1425,1,1.6291708482501361,3,2,2,0.5896428574334673,0.9064745021869081,3,16,3,4,0,15,3,3,5,4,0,1,False,True,False,True,False,True,False,False,False,False,False,False,False,False,False,False,True,False,False,True,True,36-45,Low Salary,Senior Level,Junior Employee,0.0,Travel Rarely,Sales,Marketing,Female,Sales Executive,Single,High Risk
31,1,-0.33588293648479134,1,4,1427,2,-0.7819484490471167,1,1,3,-1.0929755856431334,0.258721330227414,1,12,3,2,0,1,3,3,1,0,0,0,True,False,False,True,True,False,False,False,False,False,False,False,False,False,False,False,False,True,False,True,False,26-35,,Entry Level,New Employee,0.07,Travel Frequently,Sales,Life Sciences,Female,Sales Representative,Single,Low Risk
30,0,0.13018828284669903,7,4,1428,4,0.349801425194451,3,2,1,-0.36629859671498904,-0.218134064100762,7,14,3,2,2,8,3,3,3,2,0,2,False,True,False,True,False,True,False,False,False,False,False,False,False,False,False,False,True,False,False,False,False,26-35,,Mid Level,Junior Employee,0.0,Travel Rarely,Sales,Marketing,Female,Sales Executive,Divorced,Low Risk
31,0,-1.538247518270817,8,5,1430,1,1.333931750621901,3,4,2,2.107590345416702,-0.7682112858515668,3,11,3,3,0,9,3,4,3,2,1,0,False,True,True,False,True,False,False,False,False,False,False,False,False,False,True,False,False,False,False,True,False,26-35,Low Salary,Mid Level,Junior Employee,0.0,Travel Rarely,Research & Development,Life Sciences,Female,Research Director,Single,Low Risk
34,0,-0.6011468751468629,1,4,1431,4,1.235518718079156,3,1,1,-0.7451480327555976,0.8391553940574662,5,14,3,3,2,10,2,3,4,3,1,3,True,False,True,False,False,False,False,True,False,True,False,False,False,False,False,True,False,False,False,False,False,26-35,,Mid Level,Junior Employee,0.0,Travel Frequently,Research & Development,Other,Male,Research Scientist,Divorced,Low Risk
31,1,-1.488665473661084,8,3,1433,1,-1.5692527093890767,2,1,2,-1.113798493513004,1.117145364579462,1,12,3,3,0,1,3,4,1,0,0,0,False,True,True,False,True,False,False,False,False,False,False,False,False,False,False,True,False,False,False,True,False,26-35,,Entry Level,New Employee,0.07,Travel Rarely,Research & Development,Life Sciences,Female,Research Scientist,Single,Low Risk
27,0,1.4242796471607309,11,1,1434,2,1.235518718079156,3,1,1,-0.9357413833604354,-0.9323630985763854,0,14,3,2,0,6,3,4,5,0,1,4,False,True,True,False,True,False,False,False,False,True,False,True,False,False,False,False,False,False,True,False,False,26-35,,Mid Level,Junior Employee,0.0,Travel Rarely,Research & Development,Life Sciences,Male,Laboratory Technician,Married,Low Risk
36,0,-1.5630385405756835,4,4,1435,1,-1.4216331605749593,2,2,4,-0.14723310677787887,1.1652103645382703,1,16,3,3,0,10,2,2,10,4,1,8,False,True,True,False,True,False,False,False,False,True,False,True,False,False,False,False,False,False,False,True,False,36-45,,Mid Level,Experienced Employee,0.0,Travel Rarely,Research & Development,Life Sciences,Male,Laboratory Technician,Single,Medium Risk
36,0,-1.1738194903892794,16,4,1436,3,1.5799643319787637,2,2,1,-0.1818671270104191,-0.11511755834109415,4,13,3,1,2,11,3,2,3,2,0,2,False,True,False,True,False,True,False,False,False,False,False,False,False,False,False,False,True,False,True,False,False,36-45,,Senior Level,Junior Employee,0.0,Travel Rarely,Sales,Marketing,Female,Sales Executive,Married,Medium Risk
47,0,-0.8366615870430948,1,3,1438,1,0.3990079414658235,3,1,4,-0.6550570844206464,-0.5773566953718549,7,12,3,3,1,17,2,2,6,5,1,2,False,True,True,False,False,False,False,False,True,True,False,False,False,False,False,True,False,False,True,False,False,46-55,,Senior Level,Experienced Employee,0.0,Travel Rarely,Research & Development,Technical Degree,Male,Research Scientist,Married,Medium Risk
25,1,-1.039947969943,9,2,1439,1,0.10376884383758846,2,1,1,-0.44682800572193837,0.12211554087080126,3,12,3,1,0,6,2,3,3,2,2,2,False,True,False,True,True,False,False,False,False,True,False,False,False,False,False,False,False,True,True,False,False,18-25,,Mid Level,Junior Employee,0.07,Travel Rarely,Sales,Life Sciences,Male,Sales Representative,Married,Low Risk
37,0,1.5135273274582501,5,2,1440,3,0.8910731041795485,4,1,3,-0.6380587922819764,1.5680006858305051,0,14,3,1,0,7,2,1,6,5,1,3,False,False,True,False,False,False,False,False,True,True,False,True,False,False,False,False,False,False,False,True,False,36-45,,Mid Level,Experienced Employee,0.0,Non-Travel,Research & Development,Technical Degree,Male,Laboratory Technician,Single,Medium Risk
56,0,1.1218291750413594,1,2,1441,1,1.1863122018077836,3,1,1,-0.9427531788676368,-0.5367403649973064,2,22,4,4,1,5,3,4,3,2,1,0,False,True,True,False,True,False,False,False,False,False,False,False,False,False,False,True,False,False,True,False,False,55+,,Entry Level,Junior Employee,0.0,Travel Rarely,Research & Development,Life Sciences,Female,Research Scientist,Married,Low Risk
47,0,-1.09944642347468,2,4,1443,1,0.7926600716368035,3,4,3,2.2663118982615336,1.7412876593662083,3,19,3,2,2,26,2,4,20,17,5,6,False,True,True,False,False,False,True,False,False,False,False,False,False,False,True,False,False,False,True,False,False,46-55,Low Salary,Executive Level,Loyal Employee,0.0,Travel Rarely,Research & Development,Medical,Female,Research Director,Married,Low Risk
24,0,1.6697107679789092,4,1,1445,4,-1.1756005792180968,3,2,3,-0.49739792483448175,0.12619122800181132,1,12,3,3,2,5,3,3,5,4,0,3,False,True,False,True,False,False,True,False,False,False,False,False,False,False,False,False,True,False,True,False,True,18-25,,Entry Level,Junior Employee,0.0,Travel Rarely,Sales,Medical,Female,Sales Executive,Married,Medium Risk
32,0,-0.4995036836969103,7,5,1446,4,1.5307578157073911,3,2,4,0.5739194372051976,1.2690701159112505,4,12,3,3,1,7,3,2,4,3,0,3,False,True,False,True,False,True,False,False,False,True,False,False,False,False,False,False,True,False,True,False,False,26-35,Low Salary,Mid Level,Junior Employee,0.0,Travel Rarely,Sales,Marketing,Male,Sales Executive,Married,Medium Risk
34,0,-0.9953241297942405,1,3,1447,4,0.9894861367222936,2,1,2,-0.6818293945390517,-1.4904511536536584,5,17,3,1,1,7,2,2,5,4,0,2,False,True,True,False,True,False,False,False,False,False,False,True,False,False,False,False,False,False,True,False,False,26-35,,Mid Level,Junior Employee,0.0,Travel Rarely,Research & Development,Life Sciences,Female,Laboratory Technician,Married,Medium Risk
41,0,1.1912440374949855,5,5,1448,2,1.1863122018077836,4,1,3,-0.9297919811119009,-1.2300288000756714,2,12,3,1,0,7,5,2,4,2,0,3,False,True,True,False,False,False,True,False,False,True,False,False,False,False,False,True,False,False,True,False,True,36-45,,Mid Level,Junior Employee,0.0,Travel Rarely,Research & Development,Medical,Male,Research Scientist,Married,Medium Risk
40,0,-0.34579934540673796,9,4,1449,3,0.743453555365431,3,2,3,-0.537131432708623,1.2347781276365453,3,11,3,3,2,11,2,4,8,7,0,7,False,False,True,False,False,False,False,True,False,True,False,True,False,False,False,False,False,False,False,False,False,36-45,,Senior Level,Experienced Employee,0.0,Non-Travel,Research & Development,Other,Male,Laboratory Technician,Divorced,Low Risk
31,0,-1.1812567970807393,8,2,1453,1,-1.7168722582031943,3,3,4,0.9115480148095313,-0.8330006571410715,1,18,3,1,1,13,5,3,13,7,9,9,False,True,False,True,True,False,False,False,False,True,False,False,False,False,False,False,True,False,False,False,False,26-35,Low Salary,Senior Level,Loyal Employee,0.0,Travel Rarely,Sales,Life Sciences,Male,Sales Executive,Divorced,Low Risk
46,1,-1.0548225833259202,9,3,1457,1,-0.6835354165043717,3,3,4,0.7634503945513685,0.23511045305466613,4,11,3,1,1,28,1,4,7,7,4,3,False,True,False,True,False,True,False,False,False,True,False,False,False,False,False,False,True,False,False,False,False,46-55,Low Salary,Executive Level,Experienced Employee,0.07,Travel Rarely,Sales,Marketing,Male,Sales Executive,Divorced,Low Risk
39,1,-0.5218156037712901,2,3,1458,1,-0.5851223839616266,2,1,1,-0.6070369091289035,0.40305687103939064,2,23,4,2,0,11,2,4,1,0,0,0,False,False,True,False,True,False,False,False,False,False,False,True,False,False,False,False,False,False,False,True,True,36-45,,Senior Level,New Employee,0.07,Non-Travel,Research & Development,Life Sciences,Female,Laboratory Technician,Single,High Risk
31,1,1.592858598833823,1,5,1459,3,1.6783773645215088,4,3,2,0.20038196745792344,-0.7564058472651929,1,11,3,1,0,10,2,3,10,8,4,7,True,False,True,False,True,False,False,False,False,False,False,False,False,True,False,False,False,False,False,True,False,26-35,Low Salary,Mid Level,Experienced Employee,0.07,Travel Frequently,Research & Development,Life Sciences,Female,Manufacturing Director,Single,Low Risk
45,0,0.5838639910257561,20,3,1460,2,1.432344783164646,1,3,1,0.923871776610067,0.7799876601900444,2,18,3,2,1,24,2,3,7,7,0,7,False,True,True,False,False,False,True,False,False,True,False,False,False,False,False,False,False,False,False,False,True,36-45,Low Salary,Executive Level,Experienced Employee,0.0,Travel Rarely,Research & Development,Medical,Male,Healthcare Representative,Divorced,High Risk
31,0,1.4763407940009505,8,2,1461,4,1.4815512994360187,4,1,2,-0.9336165968431016,1.446994940320172,9,18,3,4,0,8,3,3,3,2,0,2,False,True,False,False,False,False,True,False,False,False,True,False,False,False,False,False,False,False,False,True,False,26-35,,Mid Level,Junior Employee,0.0,Travel Rarely,Human Resources,Medical,Female,Human Resources,Single,Low Risk
31,1,-0.6928736576748691,2,3,1464,2,1.3831382668932737,3,1,4,-0.5908885315971669,0.9511665196924666,6,13,3,3,1,7,2,1,2,2,2,2,True,False,True,False,True,False,False,False,False,True,False,True,False,False,False,False,False,False,True,False,True,26-35,,Mid Level,New Employee,0.07,Travel Frequently,Research & Development,Life Sciences,Male,Laboratory Technician,Married,Medium Risk
45,0,1.600295905525283,29,3,1465,2,-0.5359158676902541,3,3,4,0.6113156799102717,0.05718562864574458,4,18,3,4,2,10,4,4,3,1,1,2,False,True,True,False,False,False,False,False,True,True,False,False,False,True,False,False,False,False,True,False,True,36-45,Low Salary,Mid Level,Junior Employee,0.0,Travel Rarely,Research & Development,Technical Degree,Male,Manufacturing Director,Married,Medium Risk
48,0,1.0375396992048131,7,3,1466,3,1.4815512994360187,3,2,1,-0.21607618993949254,1.4731355543328573,4,11,3,1,3,15,3,3,2,2,2,2,False,True,False,True,False,True,False,False,False,True,False,False,False,False,False,False,True,False,False,False,False,46-55,,Senior Level,New Employee,0.0,Travel Rarely,Sales,Marketing,Male,Sales Executive,Divorced,Low Risk
34,1,0.754922044929335,9,4,1467,1,-0.6835354165043717,3,1,3,-0.7991176102958749,-1.5798351886647755,1,15,3,4,0,2,0,3,2,2,2,2,False,True,False,False,False,False,False,False,True,False,True,False,False,False,False,False,False,False,True,False,False,26-35,,Entry Level,New Employee,0.07,Travel Rarely,Human Resources,Technical Degree,Female,Human Resources,Married,Low Risk
40,0,-1.4489998379732976,8,1,1468,4,-0.5359158676902541,2,3,2,1.5413347385472562,1.5269627326493003,2,11,3,3,1,16,5,3,9,8,4,8,False,False,True,False,False,False,True,False,False,True,False,False,False,False,True,False,False,False,False,False,False,36-45,Low Salary,Senior Level,Experienced Employee,0.0,Non-Travel,Research & Development,Medical,Male,Research Director,Divorced,Low Risk
28,0,0.1574584073820522,5,3,1469,4,0.8910731041795485,3,2,1,0.41647275627076635,1.2897296334374049,0,18,3,4,0,6,4,3,5,4,1,3,False,True,False,True,False,False,True,False,False,True,False,False,False,False,False,False,True,False,False,True,False,26-35,Low Salary,Mid Level,Junior Employee,0.0,Travel Rarely,Sales,Medical,Male,Sales Executive,Single,Low Risk
44,0,0.442555163888017,5,3,1471,3,1.1863122018077836,2,1,3,-0.7098765765678573,-0.8910440635240767,3,14,3,4,0,7,5,3,5,2,0,3,False,False,True,False,True,False,False,False,False,True,False,True,False,False,False,False,False,False,False,True,False,36-45,,Mid Level,Junior Employee,0.0,Non-Travel,Research & Development,Life Sciences,Male,Laboratory Technician,Single,Low Risk
53,0,-0.8812854271918545,2,3,1472,4,-1.3232201280322142,4,4,2,2.144986588121776,0.7660741075703894,4,12,3,2,0,35,2,2,9,8,8,8,False,True,True,False,False,False,True,False,False,True,False,False,False,False,True,False,False,False,False,True,False,46-55,Low Salary,Executive Level,Experienced Employee,0.0,Travel Rarely,Research & Development,Medical,Male,Research Director,Single,Medium Risk
49,0,1.7168137103581556,5,4,1473,1,1.4815512994360187,3,2,3,0.031461439329889915,1.0148315634975547,2,14,3,2,1,20,0,2,3,2,1,2,False,True,True,False,False,False,False,False,True,True,False,False,False,False,False,False,False,False,True,False,False,46-55,Low Salary,Senior Level,Junior Employee,0.0,Travel Rarely,Research & Development,Technical Degree,Male,Healthcare Representative,Married,Medium Risk
40,0,0.2318314742966517,2,3,1474,3,0.10376884383758846,3,1,3,-0.883471635034025,-0.8809251161643276,2,14,3,3,1,8,3,4,3,1,1,2,False,True,True,False,False,False,True,False,False,True,False,False,False,False,False,True,False,False,False,False,False,36-45,,Mid Level,Junior Employee,0.0,Travel Rarely,Research & Development,Medical,Male,Research Scientist,Divorced,Low Risk
44,0,1.6473988479045294,20,3,1475,4,-0.8311549653184892,3,1,2,-0.6550570844206464,0.961988171729976,1,13,3,3,0,6,3,2,5,2,1,3,False,True,True,False,True,False,False,False,False,True,False,False,False,False,False,True,False,False,False,True,False,36-45,,Mid Level,Junior Employee,0.0,Travel Rarely,Research & Development,Life Sciences,Male,Research Scientist,Single,Medium Risk
33,0,-0.9234301651101275,7,3,1477,4,-0.5851223839616266,3,2,1,-0.4525649293187395,0.44170562831621013,0,14,3,1,2,5,2,3,4,3,0,3,True,False,False,True,False,False,True,False,False,True,False,False,False,False,False,False,True,False,True,False,False,26-35,,Entry Level,Junior Employee,0.0,Travel Frequently,Sales,Medical,Male,Sales Executive,Married,Low Risk
34,0,1.2978454334059115,3,3,1478,4,0.743453555365431,1,2,1,-0.37054816974965654,0.2217590641772194,3,18,3,4,0,15,2,3,13,9,3,12,False,True,False,True,False,False,False,True,False,True,False,False,False,False,False,False,True,False,False,True,False,26-35,,Senior Level,Loyal Employee,0.0,Travel Rarely,Sales,Other,Male,Sales Executive,Single,Low Risk
30,0,1.3771767047814845,16,1,1479,4,1.4815512994360187,3,2,3,-0.255384740510167,-1.5985271330932007,8,15,3,3,2,4,2,2,2,1,2,2,False,True,False,True,True,False,False,False,False,True,False,False,False,False,False,False,True,False,True,False,False,26-35,,Entry Level,New Employee,0.0,Travel Rarely,Sales,Life Sciences,Male,Sales Executive,Married,Medium Risk
42,0,-0.13507565581537262,9,2,1480,1,0.3990079414658235,3,1,4,-0.6012999855321024,0.3014457746352435,1,13,3,3,0,12,3,3,12,9,5,8,True,False,True,False,False,False,True,False,False,False,False,True,False,False,False,False,False,False,False,True,False,36-45,,Senior Level,Loyal Employee,0.0,Travel Frequently,Research & Development,Medical,Female,Laboratory Technician,Single,Low Risk
44,0,-1.039947969943,1,5,1481,1,0.645040522822686,3,2,3,-0.36863586188405617,-0.707075978886416,7,12,3,3,1,11,4,2,1,0,0,0,True,False,False,True,False,True,False,False,False,False,False,False,False,False,False,False,True,False,True,False,False,36-45,,Senior Level,New Employee,0.0,Travel Frequently,Sales,Marketing,Female,Sales Executive,Married,Medium Risk
30,0,0.4648670839623969,7,3,1482,3,-0.09305722124790157,3,1,3,-1.1110362710404702,-1.0064281716123267,1,13,3,2,2,1,2,2,1,0,0,0,False,False,True,False,False,False,False,False,True,True,False,False,False,False,False,True,False,False,False,False,False,26-35,,Entry Level,New Employee,0.0,Non-Travel,Research & Development,Technical Degree,Male,Research Scientist,Divorced,Medium Risk
57,0,-0.9854077208722939,1,2,1483,2,1.333931750621901,4,2,3,-0.3405886798552506,-1.6291650570435523,0,24,4,1,1,13,2,2,12,9,2,8,False,True,True,False,True,False,False,False,False,True,False,False,False,False,False,True,False,False,True,False,False,55+,,Senior Level,Loyal Employee,0.0,Travel Rarely,Research & Development,Life Sciences,Male,Research Scientist,Married,Medium Risk
49,0,1.7044181992057224,7,4,1484,3,-1.5200461931177043,3,3,2,0.8420674956927175,0.9324745752640411,3,14,3,2,2,29,3,3,8,7,0,7,False,True,True,False,True,False,False,False,False,True,False,False,False,False,False,False,False,False,False,False,False,46-55,Low Salary,Executive Level,Experienced Employee,0.0,Travel Rarely,Research & Development,Life Sciences,Male,Healthcare Representative,Divorced,Low Risk
34,0,0.0657316248540461,15,3,1485,2,0.251388392651706,3,4,1,2.2318903566807267,-0.3350641224800849,7,14,3,4,2,16,3,2,14,8,6,9,True,False,True,False,False,False,True,False,False,True,False,False,False,False,True,False,False,False,False,False,False,26-35,Low Salary,Senior Level,Loyal Employee,0.0,Travel Frequently,Research & Development,Medical,Male,Research Director,Divorced,Medium Risk
28,1,1.7192928125886422,1,3,1486,1,1.2847252343505287,3,1,3,-0.7636336754564013,0.20152116945772122,3,15,3,4,1,5,3,4,3,2,1,2,True,False,False,True,False,False,False,False,True,True,False,False,False,False,False,False,False,True,True,False,False,26-35,,Entry Level,Junior Employee,0.07,Travel Frequently,Sales,Technical Degree,Male,Sales Representative,Married,Low Risk
29,1,-1.7043473677134227,13,3,1487,1,-0.7327419327757442,3,2,2,-0.15679464610588079,0.44578131544722016,5,11,3,1,0,7,4,1,5,3,0,0,True,False,False,True,False,False,False,False,True,False,False,False,False,False,False,False,True,False,False,True,False,26-35,,Mid Level,Junior Employee,0.07,Travel Frequently,Sales,Technical Degree,Female,Sales Executive,Single,Medium Risk
34,1,-0.030953362134933278,24,4,1489,1,-1.2740136117608418,2,2,2,-0.40454475402699663,-0.9132495313413038,0,23,4,3,0,16,2,4,15,9,10,10,False,True,False,True,False,False,True,False,False,False,False,False,False,False,False,False,True,False,False,True,True,26-35,,Senior Level,Loyal Employee,0.07,Travel Rarely,Sales,Medical,Female,Sales Executive,Single,High Risk
35,0,-0.3532366520981979,7,1,1492,4,0.4974209740085685,3,1,3,-0.8709353945817558,0.2640618857783927,1,13,3,1,1,1,3,3,1,0,0,0,False,True,False,True,True,False,False,False,False,True,False,False,False,False,False,False,False,True,True,False,False,26-35,,Entry Level,New Employee,0.0,Travel Rarely,Sales,Life Sciences,Male,Sales Representative,Married,Low Risk
24,1,-1.0449061744039736,9,3,1494,2,1.137105685536411,3,1,1,-0.7077517900505235,0.3773378798333617,2,11,3,3,0,4,2,2,0,0,0,0,True,False,True,False,False,False,True,False,False,True,False,True,False,False,False,False,False,False,False,True,True,18-25,,Entry Level,,0.07,Travel Frequently,Research & Development,Medical,Male,Laboratory Technician,Single,High Risk
24,0,0.06821072708453275,13,2,1495,4,0.5958340065513135,3,1,2,-0.9497649743748382,-1.0133146774543782,1,13,3,3,1,1,2,3,1,0,0,0,False,False,False,True,True,False,False,False,False,False,False,False,False,False,False,False,False,True,True,False,False,18-25,,Entry Level,New Employee,0.0,Non-Travel,Sales,Life Sciences,Female,Sales Representative,Married,Low Risk
44,0,0.968124836751187,2,1,1496,2,0.9894861367222936,3,3,3,0.78746048219724,0.7597497654705462,5,18,3,2,0,16,2,2,2,2,2,2,True,False,True,False,False,False,True,False,False,True,False,False,False,True,False,False,False,False,False,True,True,36-45,Low Salary,Senior Level,New Employee,0.0,Travel Frequently,Research & Development,Medical,Male,Manufacturing Director,Single,Medium Risk
29,0,1.0995172549669796,19,3,1497,3,0.5466274902799411,2,2,3,0.4498319045929063,1.3272540632298078,1,14,3,3,2,10,3,3,10,7,0,4,False,True,False,True,True,False,False,False,False,True,False,False,False,False,False,False,True,False,False,False,False,26-35,Low Salary,Mid Level,Experienced Employee,0.0,Travel Rarely,Sales,Life Sciences,Male,Sales Executive,Divorced,Low Risk
30,0,-1.1713403881587927,1,3,1499,3,-0.9787745141326066,3,1,3,-0.9431781361711036,0.15668861101661066,0,21,4,1,1,6,3,4,5,3,1,3,False,True,False,False,True,False,False,False,False,True,True,False,False,False,False,False,False,False,False,False,False,26-35,,Mid Level,Junior Employee,0.0,Travel Rarely,Human Resources,Life Sciences,Male,Human Resources,Divorced,Low Risk
55,0,1.0573725170487065,4,4,1501,4,-1.7660787744745667,3,2,3,-0.5243827136046204,0.25717537993634126,0,16,3,2,0,4,2,3,3,2,1,2,False,True,True,False,True,False,False,False,False,True,False,False,False,False,False,False,False,False,True,False,True,46-55,,Entry Level,Junior Employee,0.0,Travel Rarely,Research & Development,Life Sciences,Male,Healthcare Representative,Married,Medium Risk
33,0,0.7350892270854419,4,4,1502,1,0.7926600716368035,2,1,2,-0.5662410079960954,-0.8602655986381732,8,11,3,4,0,8,5,3,5,4,0,2,False,True,True,False,False,False,True,False,False,False,False,True,False,False,False,False,False,False,True,False,False,26-35,,Mid Level,Junior Employee,0.0,Travel Rarely,Research & Development,Medical,Female,Laboratory Technician,Married,Low Risk
47,0,-0.5738767506115098,14,3,1503,3,0.5958340065513135,3,2,3,-0.40624458324086365,1.3895136976793752,3,17,3,3,1,11,4,2,5,4,1,2,False,True,False,True,False,False,True,False,False,False,False,False,False,False,False,False,True,False,True,False,True,46-55,,Senior Level,Junior Employee,0.0,Travel Rarely,Sales,Medical,Female,Sales Executive,Married,Medium Risk
28,1,-1.2729835796087454,2,2,1504,3,-1.3724266443035866,2,1,1,-0.8375762462596159,-1.258980232799398,7,11,3,3,0,8,2,2,0,0,0,0,True,False,True,False,False,False,True,False,False,True,False,True,False,False,False,False,False,False,False,True,False,26-35,,Mid Level,,0.07,Travel Frequently,Research & Development,Medical,Male,Laboratory Technician,Single,Medium Risk
28,0,1.5383183497631168,1,3,1506,1,0.3005949089230785,2,1,3,-1.0496299406895246,-0.25059902021329034,1,14,3,4,1,1,2,1,1,0,0,0,False,True,True,False,True,False,False,False,False,True,False,False,False,False,False,True,False,False,False,False,False,26-35,,Entry Level,New Employee,0.0,Travel Rarely,Research & Development,Life Sciences,Male,Research Scientist,Divorced,Medium Risk
28,0,-0.8317033825821215,7,3,1507,3,-0.5359158676902541,3,2,1,-0.34101363715871735,-0.34939929790639607,0,14,3,4,0,5,5,3,4,2,1,3,True,False,False,True,True,False,False,False,False,True,False,False,False,False,False,False,True,False,False,True,False,26-35,,Entry Level,Junior Employee,0.0,Travel Frequently,Sales,Life Sciences,Male,Sales Executive,Single,Low Risk
49,0,-1.3176074197575052,3,2,1509,3,-1.1263940629467242,2,2,1,-0.36417381019765527,1.2307024405055353,4,25,4,1,1,10,3,3,3,2,1,2,False,True,True,False,False,False,True,False,False,False,False,True,False,False,False,False,False,False,True,False,False,46-55,,Mid Level,Junior Employee,0.0,Travel Rarely,Research & Development,Medical,Female,Laboratory Technician,Married,Low Risk
29,0,-0.9730122097198606,2,1,1513,4,1.5307578157073911,3,1,2,-0.7060519608366564,-1.3555318555236704,0,13,3,3,3,4,3,3,3,2,0,2,True,False,True,False,True,False,False,False,False,False,False,True,False,False,False,False,False,False,True,False,False,26-35,,Entry Level,Junior Employee,0.0,Travel Frequently,Research & Development,Life Sciences,Female,Laboratory Technician,Married,Low Risk
28,0,0.6954235913976554,29,1,1514,3,1.4815512994360187,1,2,2,0.009788616853085616,-1.5656405541740162,1,14,3,2,2,8,2,2,8,6,1,7,False,True,True,False,True,False,False,False,False,True,False,False,False,True,False,False,False,False,True,False,False,26-35,Low Salary,Mid Level,Experienced Employee,0.0,Travel Rarely,Research & Development,Life Sciences,Male,Manufacturing Director,Married,Medium Risk
33,0,-0.7102273732882756,8,5,1515,4,0.15297536010896096,3,2,3,-0.024420446075987843,1.087210145306871,2,17,3,1,0,14,6,3,0,0,0,0,False,True,True,False,True,False,False,False,False,True,False,False,False,False,False,False,False,False,False,True,True,26-35,,Senior Level,,0.0,Travel Rarely,Research & Development,Life Sciences,Male,Healthcare Representative,Single,Medium Risk
32,0,-0.7622885201284952,10,3,1516,3,-0.09305722124790157,3,3,4,1.0073758867412836,0.9499016512724979,2,25,4,2,0,10,5,4,5,2,0,0,False,True,True,False,False,False,True,False,False,True,False,False,True,False,False,False,False,False,False,True,False,26-35,Low Salary,Mid Level,Junior Employee,0.0,Travel Rarely,Research & Development,Medical,Male,Manager,Single,Low Risk
54,0,0.6136132177915959,11,4,1520,2,1.038692652993666,3,4,4,2.0247236712406855,1.4254921771807052,3,20,4,1,1,26,2,3,14,9,1,12,True,False,True,False,False,False,True,False,False,False,False,False,True,False,False,False,False,False,False,False,False,46-55,Low Salary,Executive Level,Loyal Employee,0.0,Travel Frequently,Research & Development,Medical,Female,Manager,Divorced,Low Risk
29,1,-1.4341252245903777,1,4,1522,1,1.6783773645215088,2,1,1,-0.8798594979545576,-0.9479631424226653,6,13,3,3,0,11,2,1,9,7,0,7,False,True,True,False,False,False,False,False,True,True,False,False,False,False,False,True,False,False,False,True,False,26-35,,Senior Level,Experienced Employee,0.07,Travel Rarely,Research & Development,Technical Degree,Male,Research Scientist,Single,Medium Risk
44,0,-1.652286220873203,28,3,1523,4,-1.6676657419318217,3,4,1,2.0876173521537646,1.0907236686956727,3,13,3,3,1,24,1,4,20,6,14,17,False,True,True,False,True,False,False,False,False,True,False,False,False,False,True,False,False,False,True,False,False,36-45,Low Salary,Executive Level,Loyal Employee,0.0,Travel Rarely,Research & Development,Life Sciences,Male,Research Director,Married,Low Risk
39,0,0.7102982047805754,6,3,1525,2,-1.6676657419318217,3,3,2,0.3979871135699627,-0.7256273823792895,4,18,3,4,0,9,3,3,2,0,2,2,False,True,True,False,True,False,False,False,False,False,False,False,False,True,False,False,False,False,False,True,False,36-45,Low Salary,Mid Level,New Employee,0.0,Travel Rarely,Research & Development,Life Sciences,Female,Manufacturing Director,Single,Low Risk
46,0,-1.4242088156684312,3,3,1527,3,-0.7327419327757442,3,4,2,2.1466864173356432,-0.4122210960981717,8,12,3,4,1,23,2,4,13,12,5,1,False,True,False,True,True,False,False,False,False,False,False,False,True,False,False,False,False,False,True,False,False,46-55,Low Salary,Executive Level,Loyal Employee,0.0,Travel Rarely,Sales,Life Sciences,Female,Manager,Married,Low Risk
35,0,0.5615520709513763,16,3,1529,4,1.235518718079156,2,3,2,0.44685720346863905,0.9671881863454026,1,19,3,4,0,11,3,1,11,8,3,3,False,True,True,False,True,False,False,False,False,False,False,False,False,False,False,False,False,False,False,True,False,26-35,Low Salary,Senior Level,Loyal Employee,0.0,Travel Rarely,Research & Development,Life Sciences,Female,Healthcare Representative,Single,Medium Risk
23,0,-0.7325392933626554,20,1,1533,1,1.5307578157073911,3,2,3,-0.8989825766105615,1.4755247502372424,0,14,3,2,0,5,2,3,4,3,1,2,False,True,True,False,True,False,False,False,False,True,False,True,False,False,False,False,False,False,False,True,False,18-25,,Entry Level,Junior Employee,0.0,Travel Rarely,Research & Development,Life Sciences,Male,Laboratory Technician,Single,Low Risk
40,1,-0.31357101641041146,9,4,1534,4,0.9894861367222936,3,1,1,-0.9529521541508388,1.0565722213565196,3,14,3,2,0,15,3,1,5,4,1,0,False,True,True,False,True,False,False,False,False,True,False,True,False,False,False,False,False,False,False,True,False,36-45,,Senior Level,Junior Employee,0.07,Travel Rarely,Research & Development,Life Sciences,Male,Laboratory Technician,Single,Medium Risk
34,0,0.4177641415831505,1,3,1535,4,-0.09305722124790157,2,3,3,0.12325221687870815,-0.28460992661689144,1,14,3,4,0,10,3,3,10,9,8,6,False,True,False,True,False,False,False,False,True,True,False,False,False,False,False,False,True,False,True,False,True,26-35,Low Salary,Mid Level,Experienced Employee,0.0,Travel Rarely,Sales,Technical Degree,Male,Sales Executive,Married,Medium Risk
31,1,-0.5986677729163763,3,3,1537,4,-1.6184592256604493,3,1,3,-0.513971259669685,-1.4274888145263307,1,12,3,1,0,7,2,1,7,2,7,7,True,False,True,False,True,False,False,False,False,False,False,False,False,False,False,True,False,False,False,True,False,26-35,,Mid Level,Experienced Employee,0.07,Travel Frequently,Research & Development,Life Sciences,Female,Research Scientist,Single,Medium Risk
50,0,-1.1639030814673328,22,5,1539,3,1.0878991692650386,1,4,4,1.680295776780884,1.424648931567393,1,13,3,4,0,32,2,3,32,6,13,9,True,False,True,False,False,False,True,False,False,True,False,False,False,False,True,False,False,False,False,True,True,46-55,Low Salary,Executive Level,Veteran Employee,0.0,Travel Frequently,Research & Development,Medical,Male,Research Director,Single,Medium Risk
34,0,1.5804630876813899,7,2,1541,2,-0.5359158676902541,3,1,3,-0.89133334514816,-1.316742557311299,0,25,4,2,1,12,4,3,11,10,5,7,False,True,False,True,False,False,False,False,True,True,False,False,False,False,False,False,False,True,True,False,True,26-35,,Senior Level,Loyal Employee,0.0,Travel Rarely,Sales,Technical Degree,Male,Sales Representative,Married,Medium Risk
42,0,1.01026957466946,2,3,1542,3,0.10376884383758846,2,1,2,-0.35312492030751974,1.3687136392176686,4,14,3,2,1,4,3,3,1,0,0,0,False,True,True,False,False,False,True,False,False,True,False,True,False,False,False,False,False,False,True,False,False,36-45,,Entry Level,New Employee,0.0,Travel Rarely,Research & Development,Medical,Male,Laboratory Technician,Married,Low Risk
37,0,-0.3185292208713848,13,3,1543,1,-0.9295679978612341,3,2,4,-0.47126305067127655,-1.5855973670224104,1,17,3,1,0,10,2,3,10,8,3,7,False,True,True,False,False,False,True,False,False,True,False,False,False,False,False,True,False,False,True,False,False,36-45,,Mid Level,Experienced Employee,0.0,Travel Rarely,Research & Development,Medical,Male,Research Scientist,Married,Low Risk
29,0,-0.8961600405747744,8,1,1544,3,-1.3232201280322142,1,2,1,0.6824960282409525,-0.9873146043772452,3,13,3,3,1,9,3,3,7,7,0,7,False,True,True,False,False,False,False,True,False,False,False,False,False,False,False,False,False,False,True,False,False,26-35,Low Salary,Mid Level,Experienced Employee,0.0,Travel Rarely,Research & Development,Other,Female,Healthcare Representative,Married,Low Risk
33,0,-0.5639603416895632,25,3,1545,4,-1.0771875466753518,2,2,2,-0.4638262978606084,1.3827677327728758,1,13,3,4,0,5,2,3,5,3,0,2,False,True,True,False,True,False,False,False,False,True,False,False,False,True,False,False,False,False,False,True,False,26-35,,Entry Level,Junior Employee,0.0,Travel Rarely,Research & Development,Life Sciences,Male,Manufacturing Director,Single,Low Risk
45,0,0.3657029947429309,28,3,1546,4,1.5307578157073911,3,1,4,-0.928729587853234,-1.3671967531744924,4,20,4,4,1,8,3,3,5,4,0,3,False,True,True,False,False,False,False,False,True,True,False,False,False,False,False,True,False,False,True,False,False,36-45,,Mid Level,Junior Employee,0.0,Travel Rarely,Research & Development,Technical Degree,Male,Research Scientist,Married,Low Risk
42,0,-1.275462681839232,2,3,1547,4,-1.2740136117608418,3,3,4,0.7693997967999031,0.6040304088788518,2,14,3,3,1,24,3,1,20,8,13,9,True,False,True,False,True,False,False,False,False,True,False,False,False,False,False,False,False,False,True,False,True,36-45,Low Salary,Executive Level,Loyal Employee,0.0,Travel Frequently,Research & Development,Life Sciences,Male,Healthcare Representative,Married,Medium Risk
40,0,1.337511069093698,9,2,1548,1,-0.9295679978612341,3,2,1,-0.21883841241202642,0.7071874555740717,0,12,3,4,0,9,5,4,8,4,7,1,False,True,False,True,False,False,True,False,False,True,False,False,False,False,False,False,True,False,True,False,False,36-45,,Mid Level,Experienced Employee,0.0,Travel Rarely,Sales,Medical,Male,Sales Executive,Married,Low Risk
33,0,-0.5292529104627501,28,4,1549,2,0.645040522822686,3,2,3,-0.2753577337731043,1.2136969873037347,1,12,3,2,1,15,3,3,15,14,5,7,False,True,True,False,True,False,False,False,False,True,False,True,False,False,False,False,False,False,True,False,True,26-35,,Senior Level,Loyal Employee,0.0,Travel Rarely,Research & Development,Life Sciences,Male,Laboratory Technician,Married,Medium Risk
40,0,0.23678967875762502,6,2,1550,3,-1.3724266443035866,3,4,4,2.110777525192703,0.4311650581498048,1,21,4,4,0,21,2,3,21,7,7,7,False,True,False,False,False,False,True,False,False,True,False,False,True,False,False,False,False,False,False,True,True,36-45,Low Salary,Executive Level,Veteran Employee,0.0,Travel Rarely,Human Resources,Medical,Male,Manager,Single,Medium Risk
24,0,-1.1217583435490597,21,2,1551,3,-0.4375028351475091,2,1,1,-0.8938830889689604,-0.6011081134801548,0,14,3,2,3,2,3,3,1,1,0,0,False,True,True,False,False,False,False,False,True,True,False,True,False,False,False,False,False,False,False,False,False,18-25,,Entry Level,New Employee,0.0,Travel Rarely,Research & Development,Technical Degree,Male,Laboratory Technician,Divorced,Low Risk
40,0,0.8416906229963679,8,2,1552,4,0.3005949089230785,3,2,4,-0.5171584394456856,-0.7690545314648793,3,18,3,3,0,8,2,3,2,2,2,2,False,False,True,False,True,False,False,False,False,True,False,False,False,False,False,False,False,False,False,False,True,36-45,,Mid Level,New Employee,0.0,Non-Travel,Research & Development,Life Sciences,Male,Healthcare Representative,Divorced,Medium Risk
45,0,-0.6556871242175693,1,4,1553,1,0.005355811294843447,3,3,2,0.19931957419925658,0.9303664612307601,1,12,3,1,3,10,4,3,10,8,7,7,False,True,True,False,False,False,False,False,True,True,False,False,False,False,False,False,False,False,False,False,False,36-45,Low Salary,Mid Level,Experienced Employee,0.0,Travel Rarely,Research & Development,Technical Degree,Male,Healthcare Representative,Divorced,Low Risk
35,0,1.486257202922897,28,4,1554,2,1.5799643319787637,2,1,3,-0.8654109496366881,1.671157732525725,0,23,4,1,2,6,5,3,5,3,4,2,False,True,False,True,True,False,False,False,False,False,False,False,False,False,False,False,False,True,True,False,False,26-35,,Mid Level,Junior Employee,0.0,Travel Rarely,Sales,Life Sciences,Female,Sales Representative,Married,Low Risk
32,0,0.05333611370161285,5,2,1555,4,0.05456232756621595,2,2,2,-0.13278455846000936,0.18423463438481652,3,12,3,1,1,12,2,3,7,1,2,5,False,True,True,False,True,False,False,False,False,False,False,False,False,False,False,True,False,False,True,False,False,26-35,,Senior Level,Experienced Employee,0.0,Travel Rarely,Research & Development,Life Sciences,Female,Research Scientist,Married,Low Risk
36,0,0.8788771564536676,2,4,1556,3,0.20218187638033347,3,1,4,-0.8199405181657458,0.37775950264001795,3,21,4,4,0,7,3,2,3,2,1,2,False,True,False,True,True,False,False,False,False,True,False,False,False,False,False,False,False,True,False,True,True,36-45,,Mid Level,Junior Employee,0.0,Travel Rarely,Sales,Life Sciences,Male,Sales Representative,Single,Medium Risk
48,0,-0.7697258268199553,16,4,1557,3,1.4815512994360187,3,2,3,-0.013584034837585692,-0.08714991216623207,8,14,3,3,1,18,2,3,8,7,7,7,False,True,False,True,True,False,False,False,False,False,False,False,False,False,False,False,True,False,False,False,False,46-55,,Senior Level,Experienced Employee,0.0,Travel Rarely,Sales,Life Sciences,Female,Sales Executive,Divorced,Low Risk
29,0,-0.5069409903883703,9,3,1558,3,1.235518718079156,4,1,3,-0.8609488979502873,1.1331670312323983,6,18,3,1,2,5,2,2,1,0,0,0,False,True,True,False,True,False,False,False,False,True,False,False,False,False,False,True,False,False,True,False,False,26-35,,Entry Level,New Employee,0.0,Travel Rarely,Research & Development,Life Sciences,Male,Research Scientist,Married,Medium Risk
33,0,1.0896008460450328,8,4,1560,1,-0.9787745141326066,3,2,1,-0.02357053146905434,-0.5233889761198597,2,13,3,4,1,8,6,1,2,2,2,2,False,True,False,True,True,False,False,False,False,True,False,False,False,False,False,False,True,False,True,False,False,26-35,,Mid Level,New Employee,0.0,Travel Rarely,Sales,Life Sciences,Male,Sales Executive,Married,Medium Risk
30,1,-0.15490847365926583,1,3,1562,2,-0.09305722124790157,2,2,1,0.6822835495892191,-1.2634775427370641,1,11,3,4,1,10,4,3,10,8,6,7,False,True,False,True,True,False,False,False,False,True,False,False,False,False,False,False,True,False,True,False,False,26-35,Low Salary,Mid Level,Experienced Employee,0.07,Travel Rarely,Sales,Life Sciences,Male,Sales Executive,Married,Low Risk
38,0,0.2119986564527585,10,4,1563,3,0.251388392651706,3,2,3,-0.09050130676506762,0.07039647658763923,3,11,3,3,0,10,2,3,6,3,1,2,True,False,False,False,False,False,False,False,False,True,True,False,False,False,False,False,False,False,True,False,False,36-45,,Mid Level,Experienced Employee,0.0,Travel Frequently,Human Resources,Human Resources,Male,Human Resources,Married,Low Risk
35,0,0.4698252884233702,1,3,1564,4,0.10376884383758846,2,1,1,-0.8611613766020206,1.0425181278013125,1,19,3,2,0,3,3,3,3,0,1,2,False,True,True,False,False,False,True,False,False,True,False,True,False,False,False,False,False,False,False,True,False,26-35,,Entry Level,Junior Employee,0.0,Travel Rarely,Research & Development,Medical,Male,Laboratory Technician,Single,Low Risk
30,0,1.203639548647419,29,4,1568,3,-1.6184592256604493,3,3,2,0.5836934551849329,0.4899111692105704,3,12,3,2,1,9,3,3,4,2,1,3,False,True,False,True,False,False,False,False,True,True,False,False,False,False,False,False,True,False,True,False,False,26-35,Low Salary,Mid Level,Junior Employee,0.0,Travel Rarely,Sales,Technical Degree,Male,Sales Executive,Married,Low Risk
35,1,-1.7316174922487757,2,3,1569,1,0.15297536010896096,3,1,1,-0.9410533496537699,1.7294822207798344,1,12,3,4,1,1,2,3,1,0,0,0,False,True,True,False,True,False,False,False,False,False,False,True,False,False,False,False,False,False,False,False,True,26-35,,Entry Level,New Employee,0.07,Travel Rarely,Research & Development,Life Sciences,Female,Laboratory Technician,Divorced,High Risk
53,1,-0.4846290703139904,2,5,1572,3,0.5958340065513135,2,3,4,0.778961336127905,0.042850453219433364,0,16,3,2,1,34,4,3,33,7,1,9,False,True,True,False,False,False,False,False,True,False,False,False,False,True,False,False,False,False,True,False,False,46-55,Low Salary,Executive Level,Veteran Employee,0.07,Travel Rarely,Research & Development,Technical Degree,Female,Manufacturing Director,Married,Low Risk
38,1,0.24918518991005828,2,3,1573,3,0.743453555365431,3,2,2,-0.3501502191832525,-0.9360171629007393,4,11,3,1,2,7,2,3,5,2,1,4,False,True,True,False,False,False,True,False,False,True,False,False,False,True,False,False,False,False,True,False,False,36-45,,Mid Level,Junior Employee,0.07,Travel Rarely,Research & Development,Medical,Male,Manufacturing Director,Married,Low Risk
32,0,0.9854785523645936,1,4,1574,4,-0.19147025379064658,3,2,1,-0.5133338237144849,1.526400568907092,4,14,3,2,1,9,3,2,6,5,1,2,False,False,True,False,False,False,False,False,True,True,False,False,False,False,False,True,False,False,True,False,False,26-35,,Mid Level,Experienced Employee,0.0,Non-Travel,Research & Development,Technical Degree,Male,Research Scientist,Married,Medium Risk
48,0,0.7574011471598217,15,4,1576,3,-0.043850704976529056,3,1,1,-0.8787971046958908,0.31156472199499263,8,12,3,4,1,10,3,2,8,2,7,6,False,True,True,False,False,False,False,True,False,False,False,False,False,False,False,True,False,False,True,False,False,46-55,,Mid Level,Experienced Employee,0.0,Travel Rarely,Research & Development,Other,Female,Research Scientist,Married,Medium Risk
34,0,-0.8019541558162817,7,4,1577,1,-1.5200461931177043,3,1,4,-0.7502475203971986,1.0888966365334958,1,13,3,3,0,1,4,1,1,0,0,0,False,True,True,False,False,False,True,False,False,True,False,False,False,False,False,True,False,False,False,True,False,26-35,,Entry Level,New Employee,0.0,Travel Rarely,Research & Development,Medical,Male,Research Scientist,Single,Medium Risk
55,0,-0.29125909633603164,26,5,1578,3,-0.2898832863333916,2,5,4,2.7798727995011023,1.226064589632317,1,21,4,3,1,36,3,3,36,6,2,13,False,True,False,True,False,True,False,False,False,True,False,False,True,False,False,False,False,False,True,False,False,46-55,Low Salary,Executive Level,Veteran Employee,0.0,Travel Rarely,Sales,Marketing,Male,Manager,Married,Low Risk
34,0,1.3598229891680778,1,4,1580,2,-1.0279810304039791,3,2,4,-0.2165011472429593,-0.18342045301940052,9,17,3,2,1,9,3,2,2,2,2,1,False,True,True,False,True,False,False,False,False,True,False,False,False,False,False,True,False,False,True,False,False,26-35,,Mid Level,New Employee,0.0,Travel Rarely,Research & Development,Life Sciences,Male,Research Scientist,Married,Medium Risk
26,0,-0.8143496669687149,3,3,1581,1,1.137105685536411,3,1,4,-0.9438155721263037,-0.44693470717953315,1,21,4,1,0,1,5,3,1,0,0,0,False,True,True,False,True,False,False,False,False,False,False,False,False,False,False,True,False,False,True,False,False,26-35,,Entry Level,New Employee,0.0,Travel Rarely,Research & Development,Life Sciences,Female,Research Scientist,Married,Low Risk
38,0,1.097038152736493,14,3,1582,3,0.6942470390940585,3,2,2,0.7269040664532279,-0.27519368393490273,0,11,3,4,1,10,3,3,9,8,7,7,False,True,False,True,True,False,False,False,False,True,False,False,False,False,False,False,True,False,True,False,False,36-45,Low Salary,Mid Level,Experienced Employee,0.0,Travel Rarely,Sales,Life Sciences,Male,Sales Executive,Married,Low Risk
38,0,-0.9060764494967211,16,3,1583,2,1.1863122018077836,3,2,2,-0.4897486933720802,0.2903430407266299,2,12,3,2,0,8,5,4,3,2,1,2,False,True,False,True,True,False,False,False,False,False,False,False,False,False,False,False,True,False,False,True,False,36-45,,Mid Level,Junior Employee,0.0,Travel Rarely,Sales,Life Sciences,Female,Sales Executive,Single,Low Risk
36,0,0.20208224753081191,1,4,1585,2,0.349801425194451,3,2,3,0.0663079382141635,1.0026045021045245,6,13,3,1,0,15,5,3,1,0,0,0,False,True,False,True,True,False,False,False,False,False,False,False,False,False,False,False,True,False,False,True,False,36-45,Low Salary,Senior Level,New Employee,0.0,Travel Rarely,Sales,Life Sciences,Female,Sales Executive,Single,Low Risk
29,0,1.4069259315473241,3,1,1586,2,1.038692652993666,3,1,1,-0.3781974012120581,0.26701324542498617,1,18,3,4,0,10,3,3,10,9,1,5,False,True,True,False,False,False,True,False,False,True,False,True,False,False,False,False,False,False,False,True,True,26-35,,Mid Level,Experienced Employee,0.0,Travel Rarely,Research & Development,Medical,Male,Laboratory Technician,Single,High Risk
35,0,-0.32844562979333136,10,4,1587,1,-0.7327419327757442,3,2,3,-0.07669019440239822,-1.4180725718443419,3,16,3,3,0,10,4,3,5,2,0,4,False,True,True,False,False,False,True,False,False,False,False,False,False,False,False,False,False,False,False,True,True,26-35,,Mid Level,Junior Employee,0.0,Travel Rarely,Research & Development,Medical,Female,Healthcare Representative,Single,Medium Risk
39,0,1.6350033367520962,6,3,1588,4,-1.3724266443035866,4,3,3,0.3684525809790235,-1.356937264879191,2,11,3,1,1,11,3,3,7,6,7,6,False,True,False,True,False,False,True,False,False,True,False,False,False,False,False,False,True,False,True,False,False,36-45,Low Salary,Senior Level,Experienced Employee,0.0,Travel Rarely,Sales,Medical,Male,Sales Executive,Married,Low Risk
29,0,0.47726259511483016,2,1,1590,1,1.038692652993666,3,2,4,0.4993394304467828,1.4292867824406112,1,19,3,4,1,6,0,4,6,4,1,3,True,False,True,False,True,False,False,False,False,True,False,False,False,False,False,False,False,False,False,False,False,26-35,Low Salary,Mid Level,Experienced Employee,0.0,Travel Frequently,Research & Development,Life Sciences,Male,Healthcare Representative,Divorced,Low Risk
50,0,-1.3349611353709117,9,3,1591,3,-0.3390898026047641,3,5,3,2.7256907433090913,0.7316415783601321,4,16,3,3,1,27,2,3,1,0,0,0,False,True,False,True,False,True,False,False,False,True,False,False,True,False,False,False,False,False,True,False,True,46-55,Low Salary,Executive Level,New Employee,0.0,Travel Rarely,Sales,Marketing,Male,Manager,Married,Medium Risk
23,0,0.43263875496607046,10,3,1592,4,-1.0279810304039791,4,1,3,-0.9412658283055032,-0.2089989032898774,2,16,3,4,1,4,2,3,2,2,2,2,False,True,True,False,False,False,False,False,True,True,False,False,False,False,False,True,False,False,True,False,False,18-25,,Entry Level,New Employee,0.0,Travel Rarely,Research & Development,Technical Degree,Male,Research Scientist,Married,Low Risk
36,0,1.238346979874232,6,4,1594,1,0.6942470390940585,4,2,1,-0.199927812407756,0.7586254379861296,3,13,3,4,1,9,3,3,3,2,0,2,True,False,True,False,True,False,False,False,False,True,False,True,False,False,False,False,False,False,True,False,True,36-45,,Mid Level,Junior Employee,0.0,Travel Frequently,Research & Development,Life Sciences,Male,Laboratory Technician,Married,High Risk
42,0,0.6359251378659758,9,2,1595,4,1.333931750621901,2,5,4,2.7856097230979033,1.6933632003429522,8,22,4,4,0,24,2,3,1,0,0,1,False,True,True,False,False,False,False,True,False,True,False,False,True,False,False,False,False,False,False,True,False,36-45,Low Salary,Executive Level,New Employee,0.0,Travel Rarely,Research & Development,Other,Male,Manager,Single,Low Risk
35,0,-0.1301174513543993,28,3,1596,2,-0.9787745141326066,4,2,3,-0.6578193068931802,1.5508546916931525,1,17,3,4,2,10,3,2,10,9,6,8,False,True,True,False,True,False,False,False,False,True,False,True,False,False,False,False,False,False,True,False,False,26-35,,Mid Level,Experienced Employee,0.0,Travel Rarely,Research & Development,Life Sciences,Male,Laboratory Technician,Married,Medium Risk
34,0,-0.3705903677116045,10,4,1597,4,1.2847252343505287,2,2,3,-0.3059546596227104,0.14319668120361187,1,14,3,2,1,8,3,2,8,2,7,7,True,False,True,False,False,False,False,False,True,True,False,False,False,False,False,False,False,False,True,False,False,26-35,,Mid Level,Experienced Employee,0.0,Travel Frequently,Research & Development,Technical Degree,Male,Healthcare Representative,Married,Medium Risk
40,0,-1.6969100610219627,14,2,1598,4,0.8910731041795485,3,2,1,-0.39604560795766164,-0.42880492649331603,1,15,3,3,1,5,2,3,5,4,1,2,False,True,False,True,True,False,False,False,False,False,False,False,False,False,False,False,True,False,True,False,False,36-45,,Entry Level,Junior Employee,0.0,Travel Rarely,Sales,Life Sciences,Female,Sales Executive,Married,Low Risk
43,0,0.4648670839623969,27,3,1599,4,1.038692652993666,4,1,2,-0.3456881674968516,-1.1887097650233625,5,12,3,3,1,8,0,3,6,4,0,2,False,True,True,False,False,False,False,False,True,True,False,True,False,False,False,False,False,False,False,False,False,36-45,,Mid Level,Experienced Employee,0.0,Travel Rarely,Research & Development,Technical Degree,Male,Laboratory Technician,Divorced,Low Risk
35,0,1.3548647847071045,7,2,1601,3,-0.14226373751927407,2,1,4,-0.8101665001860104,-0.9275847067676151,1,18,3,4,1,1,5,2,1,0,0,1,False,True,True,False,True,False,False,False,False,True,False,True,False,False,False,False,False,False,True,False,False,26-35,,Entry Level,New Employee,0.0,Travel Rarely,Research & Development,Life Sciences,Male,Laboratory Technician,Married,Medium Risk
46,0,-0.593709568455403,1,4,1602,4,-0.4867093514188816,4,4,1,2.350878401651417,-1.5680297500784015,1,15,3,2,0,27,5,1,26,0,0,12,False,True,False,True,True,False,False,False,False,True,False,False,True,False,False,False,False,False,False,True,False,46-55,Low Salary,Executive Level,Veteran Employee,0.0,Travel Rarely,Sales,Life Sciences,Male,Manager,Single,Medium Risk
28,1,-1.1738194903892794,24,3,1604,3,-0.7327419327757442,3,1,2,-0.8700854799748223,-0.9822551306973706,1,17,3,3,3,1,3,3,1,1,0,0,False,True,True,False,False,False,True,False,False,True,False,True,False,False,False,False,False,False,True,False,True,26-35,,Entry Level,New Employee,0.07,Travel Rarely,Research & Development,Medical,Male,Laboratory Technician,Married,High Risk
22,0,-0.856494404886988,26,2,1605,2,0.9402796204509211,2,1,3,-0.783819147371072,-0.5649890930432726,1,14,3,2,0,4,2,2,4,2,1,3,False,False,True,False,False,False,False,True,False,False,False,False,False,False,False,True,False,False,True,False,True,18-25,,Entry Level,Junior Employee,0.0,Non-Travel,Research & Development,Other,Female,Research Scientist,Married,Medium Risk
50,0,1.0697680282011397,20,5,1606,2,-1.2248070954894692,3,4,3,1.007588365393017,0.8960744729560548,2,15,3,3,1,32,3,3,30,8,12,13,True,False,True,False,False,False,True,False,False,True,False,False,False,False,False,False,False,False,True,False,True,46-55,Low Salary,Executive Level,Veteran Employee,0.0,Travel Frequently,Research & Development,Medical,Male,Healthcare Representative,Married,Medium Risk
32,0,-0.4176933100908508,5,4,1607,2,-1.5200461931177043,4,1,4,-0.6780047788078509,0.628203449793808,3,17,3,4,2,6,3,3,3,2,0,2,False,True,True,False,False,False,False,True,False,False,False,False,False,False,False,True,False,False,True,False,False,26-35,,Mid Level,Junior Employee,0.0,Travel Rarely,Research & Development,Other,Female,Research Scientist,Married,Low Risk
44,0,1.2656171044095852,7,3,1608,2,-1.7168722582031943,3,5,4,2.6657717635202793,-1.5127971624064376,0,14,3,4,1,23,4,2,22,7,1,10,False,True,True,False,False,False,True,False,False,False,False,False,False,False,True,False,False,False,False,False,True,36-45,Low Salary,Executive Level,Veteran Employee,0.0,Travel Rarely,Research & Development,Medical,Female,Research Director,Divorced,Medium Risk
30,0,-1.3919804866721046,7,3,1609,2,-0.8803614815898617,2,1,2,-0.9268172799876336,-1.2599640193482624,1,12,3,2,1,6,3,2,6,4,1,1,False,True,True,False,False,False,True,False,False,True,False,False,False,False,False,True,False,False,True,False,False,26-35,,Mid Level,Experienced Employee,0.0,Travel Rarely,Research & Development,Medical,Male,Research Scientist,Married,Medium Risk
45,0,0.5268446397245632,5,5,1611,3,-0.7819484490471167,1,2,1,-0.15594473149894728,1.2836863732086659,1,14,3,1,0,10,3,3,10,7,1,4,False,True,True,False,False,False,True,False,False,False,False,True,False,False,False,False,False,False,False,True,True,36-45,,Mid Level,Experienced Employee,0.0,Travel Rarely,Research & Development,Medical,Female,Laboratory Technician,Single,High Risk
45,0,-1.1564657747758729,26,3,1612,1,-0.6835354165043717,2,2,1,-0.450015185497939,1.3841731421283965,1,15,3,1,1,10,2,3,10,7,4,5,False,False,False,True,False,True,False,False,False,True,False,False,False,False,False,False,True,False,True,False,False,36-45,,Mid Level,Experienced Employee,0.0,Non-Travel,Sales,Marketing,Male,Sales Executive,Married,Low Risk
31,0,-0.2168860294214321,2,4,1613,4,-0.5851223839616266,3,2,1,-0.2487979023064324,1.0243883471150954,7,13,3,4,0,10,3,3,5,2,0,3,True,False,False,True,False,False,False,True,False,True,False,False,False,False,False,False,True,False,False,True,False,26-35,,Mid Level,Junior Employee,0.0,Travel Frequently,Sales,Other,Male,Sales Executive,Single,Low Risk
36,0,-0.6036259773773496,12,4,1614,3,0.4974209740085685,3,2,3,-0.3909461203160606,-0.2659179821884661,9,12,3,2,2,7,2,3,3,2,1,1,False,True,True,False,True,False,False,False,False,False,False,False,False,True,False,False,False,False,True,False,True,36-45,,Mid Level,Junior Employee,0.0,Travel Rarely,Research & Development,Life Sciences,Female,Manufacturing Director,Married,Medium Risk
34,0,-0.9333465740320742,10,4,1615,3,-1.1756005792180968,4,2,4,-0.3779849225603247,0.37761896170446585,1,13,3,1,1,9,3,3,9,7,7,2,True,False,True,False,True,False,False,False,False,True,False,False,False,True,False,False,False,False,False,False,False,26-35,,Mid Level,Experienced Employee,0.0,Travel Frequently,Research & Development,Life Sciences,Male,Manufacturing Director,Divorced,Low Risk
49,0,-0.19953231380802552,25,4,1617,3,0.8910731041795485,3,1,1,-0.6994651226329218,1.0946588148911307,1,14,3,4,1,10,3,2,9,6,1,4,False,True,True,False,True,False,False,False,False,False,False,True,False,False,False,False,False,False,True,False,False,46-55,,Mid Level,Experienced Employee,0.0,Travel Rarely,Research & Development,Life Sciences,Female,Laboratory Technician,Married,Medium Risk
39,0,1.4490706694655973,10,5,1618,2,0.4974209740085685,3,2,1,-0.23923636297843048,-1.4726024548385455,2,13,3,4,3,10,3,3,7,7,7,7,False,True,True,False,False,False,True,False,False,True,False,False,False,True,False,False,False,False,True,False,False,36-45,,Mid Level,Experienced Employee,0.0,Travel Rarely,Research & Development,Medical,Male,Manufacturing Director,Married,Low Risk
27,0,1.238346979874232,19,3,1619,4,0.05456232756621595,2,1,1,-0.5177958754008858,0.2778348974624956,1,11,3,1,2,7,3,3,7,7,0,7,False,True,True,False,False,False,False,True,False,True,False,True,False,False,False,False,False,False,False,False,False,26-35,,Mid Level,Experienced Employee,0.0,Travel Rarely,Research & Development,Other,Male,Laboratory Technician,Divorced,Low Risk
35,0,0.0409406025491796,18,5,1621,2,-0.8803614815898617,4,2,1,-0.27514525512137095,1.6863361535653485,1,11,3,4,0,16,2,3,16,15,1,10,False,True,True,False,True,False,False,False,False,True,False,False,False,False,False,True,False,False,True,False,False,26-35,,Senior Level,Loyal Employee,0.0,Travel Rarely,Research & Development,Life Sciences,Male,Research Scientist,Married,Low Risk
28,0,-0.55156483053713,27,3,1622,2,-1.3232201280322142,1,2,1,-0.34547568884511826,0.8638905987146306,0,21,4,2,1,6,5,2,5,3,0,0,False,True,True,False,False,False,True,False,False,False,False,False,False,True,False,False,False,False,False,False,False,26-35,,Mid Level,Junior Employee,0.0,Travel Rarely,Research & Development,Medical,Female,Manufacturing Director,Divorced,Medium Risk
21,0,-0.6358543063736761,5,1,1623,3,1.5307578157073911,3,1,4,-0.7194381158958592,1.6437522500930712,1,18,3,3,0,3,2,3,2,2,2,2,False,True,True,False,False,False,True,False,False,True,False,False,False,False,False,True,False,False,False,True,False,18-25,,Entry Level,New Employee,0.0,Travel Rarely,Research & Development,Medical,Male,Research Scientist,Single,Low Risk
18,1,-0.6408125108346494,3,2,1624,2,0.20218187638033347,3,1,4,-1.0483550687791245,0.5771870901884063,1,12,3,3,0,0,2,4,0,0,0,0,True,False,False,True,False,False,True,False,False,False,False,False,False,False,False,False,False,True,False,True,True,,,,,0.07,Travel Frequently,Sales,Medical,Female,Sales Representative,Single,Medium Risk
47,0,0.925980098832914,26,4,1625,4,1.5799643319787637,3,5,3,2.7951712624259053,-1.2779532590989275,3,11,3,3,1,27,2,3,5,2,1,0,False,True,False,False,True,False,False,False,False,False,False,False,True,False,False,False,False,False,True,False,False,46-55,Low Salary,Executive Level,Junior Employee,0.0,Travel Rarely,Human Resources,Life Sciences,Female,Manager,Married,Low Risk
39,0,-1.5679967450366568,3,2,1627,3,0.4974209740085685,2,2,3,-0.7296370911790612,-0.563724224623304,0,15,3,4,1,11,3,3,10,8,0,7,False,True,True,False,False,False,True,False,False,True,False,True,False,False,False,False,False,False,False,False,False,36-45,,Senior Level,Experienced Employee,0.0,Travel Rarely,Research & Development,Medical,Male,Laboratory Technician,Divorced,Low Risk
40,0,0.20208224753081191,15,3,1628,1,0.6942470390940585,2,3,3,0.8354806574889828,1.6143791945626884,1,13,3,4,2,18,2,3,18,15,14,12,False,True,True,False,True,False,False,False,False,False,False,False,False,True,False,False,False,False,True,False,False,36-45,Low Salary,Senior Level,Loyal Employee,0.0,Travel Rarely,Research & Development,Life Sciences,Female,Manufacturing Director,Married,Low Risk
35,0,-1.4737908602781642,8,4,1630,3,-0.6835354165043717,3,2,3,-0.500372625958749,-0.28995048216787017,1,12,3,4,1,15,5,3,14,11,2,9,False,False,True,False,True,False,False,False,False,False,False,False,False,False,False,False,False,False,True,False,False,26-35,,Senior Level,Loyal Employee,0.0,Non-Travel,Research & Development,Life Sciences,Female,Healthcare Representative,Married,Low Risk
37,0,-0.3259665275628447,19,3,1631,3,0.9402796204509211,3,2,3,-0.15615721015068065,1.7117740629002733,3,17,3,1,3,9,2,2,4,3,0,2,False,True,True,False,True,False,False,False,False,True,False,False,False,True,False,False,False,False,True,False,False,36-45,,Mid Level,Junior Employee,0.0,Travel Rarely,Research & Development,Life Sciences,Male,Manufacturing Director,Married,Medium Risk
39,0,-0.2268024383433787,4,3,1633,1,0.743453555365431,3,2,3,-0.3104167113091113,-1.5702784050472345,0,13,3,4,0,10,2,1,9,2,3,8,True,False,True,False,False,False,True,False,False,False,False,False,False,True,False,False,False,False,False,True,False,36-45,,Mid Level,Experienced Employee,0.0,Travel Frequently,Research & Development,Medical,Female,Manufacturing Director,Single,Medium Risk
45,0,1.3052827400973714,2,2,1635,4,-0.3390898026047641,2,2,4,-0.1557322528472139,-1.2543423819261796,1,19,3,1,2,10,3,3,10,7,3,9,False,True,True,False,False,False,False,True,False,False,False,False,False,True,False,False,False,False,False,False,False,36-45,,Mid Level,Experienced Employee,0.0,Travel Rarely,Research & Development,Other,Female,Manufacturing Director,Divorced,Low Risk
38,0,-1.0052405387161871,2,2,1638,4,-0.5851223839616266,2,3,3,0.2662503494952699,-0.016036198776884277,3,19,3,4,1,10,6,4,5,4,0,2,False,True,True,False,False,False,True,False,False,False,False,False,False,True,False,False,False,False,True,False,True,36-45,Low Salary,Mid Level,Junior Employee,0.0,Travel Rarely,Research & Development,Medical,Female,Manufacturing Director,Married,Medium Risk
35,1,-0.16234578035072578,10,3,1639,4,-0.5359158676902541,2,3,1,0.8080709114153775,1.0142693997553462,9,17,3,3,0,15,3,3,13,12,6,0,False,True,False,True,False,False,True,False,False,True,False,False,False,False,False,False,True,False,True,False,False,26-35,Low Salary,Senior Level,Loyal Employee,0.07,Travel Rarely,Sales,Medical,Male,Sales Executive,Married,Low Risk
37,0,1.6548361545959893,10,3,1640,2,0.251388392651706,3,1,2,-0.5454181001262246,-0.6127730111309766,1,11,3,1,1,8,2,1,8,4,7,7,False,True,True,False,False,False,True,False,False,False,False,False,False,False,False,True,False,False,True,False,False,36-45,,Mid Level,Experienced Employee,0.0,Travel Rarely,Research & Development,Medical,Female,Research Scientist,Married,Medium Risk
40,0,-0.8788063249613679,16,3,1641,3,0.8910731041795485,3,3,4,0.30640881467287784,0.7919336397119704,6,15,3,4,0,18,2,2,4,2,3,3,False,True,True,False,True,False,False,False,False,False,False,False,False,True,False,False,False,False,False,True,True,36-45,Low Salary,Senior Level,Junior Employee,0.0,Travel Rarely,Research & Development,Life Sciences,Female,Manufacturing Director,Single,Medium Risk
44,0,-0.49702458146642364,1,5,1642,1,-1.4216331605749593,3,2,4,-0.16146917644401504,-0.5354754965773377,4,11,3,3,0,14,3,3,10,7,0,2,True,False,False,False,False,False,False,False,False,True,True,False,False,False,False,False,False,False,True,False,True,36-45,,Senior Level,Experienced Employee,0.0,Travel Frequently,Human Resources,Human Resources,Male,Human Resources,Married,Medium Risk
48,0,-1.0845718100917598,4,5,1644,3,1.137105685536411,2,4,4,1.848366390301984,-1.2242666217180365,2,25,4,2,1,23,3,3,2,2,2,2,True,False,True,False,False,False,True,False,False,True,False,False,True,False,False,False,False,False,True,False,False,46-55,Low Salary,Executive Level,New Employee,0.0,Travel Frequently,Research & Development,Medical,Male,Manager,Married,Low Risk
35,1,-0.09788912235807286,15,2,1645,1,-0.3390898026047641,1,2,4,-0.22585020791922783,1.0940966511489225,6,14,3,4,2,7,2,2,2,2,2,2,False,True,False,True,False,False,True,False,False,True,False,False,False,False,False,False,True,False,False,False,True,26-35,,Mid Level,New Employee,0.07,Travel Rarely,Sales,Medical,Male,Sales Executive,Divorced,Medium Risk
24,0,-0.5837931595334565,2,1,1646,1,-1.6676657419318217,3,1,4,-0.5828143428312987,0.40825688565481727,1,13,3,3,0,6,2,3,6,3,1,3,True,False,True,False,False,False,False,False,True,False,False,False,False,False,False,True,False,False,False,True,True,18-25,,Mid Level,Experienced Employee,0.0,Travel Frequently,Research & Development,Technical Degree,Female,Research Scientist,Single,Medium Risk
27,0,-0.7846004402028751,8,3,1647,2,0.9894861367222936,4,1,3,-0.634446655202509,1.1491886978853343,7,17,3,1,0,5,0,3,3,2,0,2,False,True,True,False,False,False,True,False,False,False,False,False,False,False,False,True,False,False,True,False,False,26-35,,Entry Level,Junior Employee,0.0,Travel Rarely,Research & Development,Medical,Female,Research Scientist,Married,Low Risk
27,0,-0.5242947060017769,2,3,1648,4,1.038692652993666,3,1,4,-0.8335391518766818,-1.1265906715093472,2,13,3,3,0,6,0,2,4,2,1,2,True,False,True,False,False,False,True,False,False,True,False,False,False,False,False,True,False,False,False,True,False,26-35,,Mid Level,Junior Employee,0.0,Travel Frequently,Research & Development,Medical,Male,Research Scientist,Single,Medium Risk
40,1,1.3052827400973714,7,3,1649,1,0.349801425194451,3,1,1,-0.9215053136942992,-1.5423107588723726,3,14,3,2,0,10,3,1,4,2,0,3,False,True,True,False,True,False,False,False,False,True,False,True,False,False,False,False,False,False,False,True,True,36-45,,Mid Level,Junior Employee,0.07,Travel Rarely,Research & Development,Life Sciences,Male,Laboratory Technician,Single,High Risk
29,0,-0.8267451781211482,10,3,1650,3,-1.1756005792180968,2,2,3,-0.13469686632560973,1.2789079813998956,9,11,3,3,0,8,2,3,5,2,1,4,False,True,False,True,False,False,True,False,False,True,False,False,False,False,False,False,True,False,False,True,False,26-35,,Mid Level,Junior Employee,0.0,Travel Rarely,Sales,Medical,Male,Sales Executive,Single,Low Risk
36,0,-0.2268024383433787,5,4,1651,2,-1.1756005792180968,3,3,1,0.3197949697320805,1.1916320604220596,4,12,3,3,2,9,6,3,3,2,0,2,False,True,True,False,True,False,False,False,False,False,False,False,False,False,False,False,False,False,True,False,False,36-45,Low Salary,Mid Level,Junior Employee,0.0,Travel Rarely,Research & Development,Life Sciences,Female,Healthcare Representative,Married,Low Risk
25,0,-0.075577202283693,2,1,1653,4,0.5466274902799411,4,2,3,-0.2755702124248377,-1.3126668701802888,1,17,3,3,2,7,6,3,7,7,0,7,True,False,True,False,True,False,False,False,False,True,False,False,False,True,False,False,False,False,False,False,False,18-25,,Mid Level,Experienced Employee,0.0,Travel Frequently,Research & Development,Life Sciences,Male,Manufacturing Director,Divorced,Low Risk
39,0,-0.7697258268199553,12,3,1654,4,0.005355811294843447,3,2,2,-0.2566596124205673,-0.9303955254786564,4,21,4,3,0,7,3,3,5,4,1,0,False,True,True,False,False,False,True,False,False,True,False,False,False,True,False,False,False,False,True,False,False,36-45,,Mid Level,Junior Employee,0.0,Travel Rarely,Research & Development,Medical,Male,Manufacturing Director,Married,Low Risk
49,0,-1.2432343528429055,22,4,1655,1,0.3005949089230785,3,4,2,2.1056780375511015,-1.5199647501195932,3,16,3,2,2,27,2,3,4,2,1,2,False,True,True,False,False,False,False,True,False,False,False,False,False,False,True,False,False,False,True,False,False,46-55,Low Salary,Executive Level,Junior Employee,0.0,Travel Rarely,Research & Development,Other,Female,Research Director,Married,Low Risk
50,0,0.02606598916625969,17,5,1656,4,-0.7819484490471167,2,3,1,1.437645156501369,1.0776533616893302,5,15,3,3,3,19,3,3,14,11,1,11,False,True,True,False,True,False,False,False,False,False,False,False,False,False,True,False,False,False,False,False,False,46-55,Low Salary,Senior Level,Loyal Employee,0.0,Travel Rarely,Research & Development,Life Sciences,Female,Research Director,Divorced,Low Risk
20,0,0.8392115207658811,2,3,1657,3,-1.7168722582031943,3,1,3,-0.7904059855748066,-0.14926900568024734,1,19,3,1,0,2,3,3,2,2,2,2,False,True,False,True,False,False,True,False,False,False,False,False,False,False,False,False,False,True,False,True,False,18-25,,Entry Level,New Employee,0.0,Travel Rarely,Sales,Medical,Female,Sales Representative,Single,Low Risk
34,0,0.811941396230528,3,3,1658,4,0.005355811294843447,3,2,2,-0.22733755848136145,0.7053604234118949,1,12,3,3,1,11,2,3,11,8,7,9,False,True,True,False,True,False,False,False,False,False,False,False,False,False,False,True,False,False,False,False,False,26-35,,Senior Level,Loyal Employee,0.0,Travel Rarely,Research & Development,Life Sciences,Female,Research Scientist,Divorced,Low Risk
36,0,-1.218443330538039,7,3,1659,1,0.5466274902799411,3,1,2,-0.9540145474095058,-0.4726536983855621,2,11,3,3,0,15,4,3,4,3,1,3,False,True,True,False,True,False,False,False,False,True,False,True,False,False,False,False,False,False,False,True,False,36-45,,Senior Level,Junior Employee,0.0,Travel Rarely,Research & Development,Life Sciences,Male,Laboratory Technician,Single,Low Risk
49,0,-0.8366615870430948,6,1,1661,3,-1.2248070954894692,2,4,3,1.5857427767595318,-0.37399396162800846,2,19,3,2,1,30,3,3,15,11,2,12,False,True,True,False,True,False,False,False,False,False,False,False,False,False,False,False,False,False,True,False,True,46-55,Low Salary,Executive Level,Loyal Employee,0.0,Travel Rarely,Research & Development,Life Sciences,Female,Healthcare Representative,Married,Medium Risk
36,0,0.2268732698356784,1,4,1662,4,-1.6184592256604493,2,2,3,-0.45235245066700613,0.15429941511222545,0,15,3,3,0,4,6,3,3,2,1,2,False,False,True,False,False,False,True,False,False,False,False,False,False,True,False,False,False,False,True,False,False,36-45,,Entry Level,Junior Employee,0.0,Non-Travel,Research & Development,Medical,Female,Manufacturing Director,Married,Low Risk
36,0,0.5888221954867294,3,2,1664,4,0.645040522822686,4,2,1,0.07204486181096464,1.6857739898231403,6,20,4,1,1,13,3,3,5,4,0,4,False,True,True,False,True,False,False,False,False,True,False,False,False,False,False,False,False,False,False,False,False,36-45,Low Salary,Senior Level,Junior Employee,0.0,Travel Rarely,Research & Development,Life Sciences,Male,Healthcare Representative,Divorced,Low Risk
54,0,-0.5416484216151833,22,5,1665,2,1.235518718079156,3,4,3,2.320918911757011,0.6144304381097051,3,25,4,3,1,36,6,3,10,8,4,7,False,True,True,False,False,False,True,False,False,False,False,False,True,False,False,False,False,False,True,False,False,46-55,Low Salary,Executive Level,Experienced Employee,0.0,Travel Rarely,Research & Development,Medical,Female,Manager,Married,Low Risk
43,0,1.2110768553388789,15,2,1666,3,-0.043850704976529056,2,4,3,2.3585276331138187,-1.5161701448596874,1,24,4,1,1,14,3,3,14,10,6,11,False,True,True,False,True,False,False,False,False,True,False,False,False,False,True,False,False,False,True,False,False,36-45,Low Salary,Senior Level,Loyal Employee,0.0,Travel Rarely,Research & Development,Life Sciences,Male,Research Director,Married,Low Risk
35,1,0.1921658386088653,12,4,1667,4,-1.4708396768463317,3,2,4,-0.4083693697581974,-0.547983639841472,3,24,4,1,0,13,2,4,11,9,6,7,True,False,False,True,False,False,False,True,False,True,False,False,False,False,False,False,True,False,False,True,True,26-35,,Senior Level,Loyal Employee,0.07,Travel Frequently,Sales,Other,Male,Sales Executive,Single,Medium Risk
38,0,0.9582084278292404,1,3,1668,4,1.1863122018077836,3,2,4,-0.37564765739125755,-0.6248595315884548,7,15,3,4,2,19,4,4,13,11,2,9,True,False,True,False,True,False,False,False,False,True,False,False,False,False,False,True,False,False,True,False,False,36-45,,Senior Level,Loyal Employee,0.0,Travel Frequently,Research & Development,Life Sciences,Male,Research Scientist,Married,Low Risk
29,0,0.46734618619288354,5,3,1669,1,-1.1263940629467242,2,2,2,-0.49208595854114734,-1.5399215629679872,1,13,3,2,1,10,3,2,10,0,0,9,False,True,False,True,False,False,True,False,False,True,False,False,False,False,False,False,True,False,False,False,True,26-35,,Mid Level,Experienced Employee,0.0,Travel Rarely,Sales,Medical,Male,Sales Executive,Divorced,High Risk
33,0,-1.0176360498686203,2,4,1670,4,1.333931750621901,3,2,4,-0.21203909555655842,-1.4605159343810674,1,14,3,3,2,6,5,3,6,2,0,4,False,True,False,True,False,False,True,False,False,True,False,False,False,False,False,False,True,False,False,False,False,26-35,,Mid Level,Experienced Employee,0.0,Travel Rarely,Sales,Medical,Male,Sales Executive,Divorced,Low Risk
32,0,0.43263875496607046,2,3,1671,4,-1.0279810304039791,3,2,2,-0.21947584836722656,1.5747466507370045,0,13,3,3,2,10,4,2,9,5,1,6,False,True,True,False,False,False,True,False,False,True,False,False,False,False,False,True,False,False,False,False,False,26-35,,Mid Level,Experienced Employee,0.0,Travel Rarely,Research & Development,Medical,Male,Research Scientist,Divorced,Medium Risk
31,0,0.7673175560817683,5,4,1673,1,0.05456232756621595,3,2,4,-0.21820097645682632,1.1631022505049893,1,11,3,1,2,10,2,3,10,0,0,2,False,True,False,True,True,False,False,False,False,False,False,False,False,False,False,False,True,False,True,False,False,26-35,,Mid Level,Experienced Employee,0.0,Travel Rarely,Sales,Life Sciences,Female,Sales Executive,Married,Low Risk
49,0,-0.8391406892735814,16,3,1674,4,0.3990079414658235,3,1,1,-0.8320518013145481,1.4936545309234597,4,16,3,2,1,17,2,2,2,2,2,2,False,True,True,False,False,False,True,False,False,False,False,True,False,False,False,False,False,False,False,False,True,46-55,,Senior Level,New Employee,0.0,Travel Rarely,Research & Development,Medical,Female,Laboratory Technician,Divorced,High Risk
38,0,-1.622536994107363,2,3,1675,4,-1.1756005792180968,2,1,2,-0.8632861631193544,1.3369513877829007,1,22,4,2,0,4,3,3,4,3,3,3,True,False,True,False,False,False,True,False,False,False,False,True,False,False,False,False,False,False,False,True,False,36-45,,Entry Level,Junior Employee,0.0,Travel Frequently,Research & Development,Medical,Female,Laboratory Technician,Single,Low Risk
47,0,1.04745610812676,2,4,1676,2,-0.9295679978612341,4,4,2,2.011974952136683,0.9518692243702269,6,14,3,3,3,29,2,3,3,2,1,2,False,True,False,True,True,False,False,False,False,False,False,False,True,False,False,False,False,False,False,False,False,46-55,Low Salary,Executive Level,Junior Employee,0.0,Travel Rarely,Sales,Life Sciences,Female,Manager,Divorced,Low Risk
49,0,0.016149580244313087,1,3,1677,3,-1.4708396768463317,3,4,3,1.8859751116587913,1.1342913587168146,4,14,3,1,0,23,2,3,8,7,0,0,False,True,True,False,True,False,False,False,False,True,False,False,True,False,False,False,False,False,False,True,False,46-55,Low Salary,Executive Level,Experienced Employee,0.0,Travel Rarely,Research & Development,Life Sciences,Male,Manager,Single,Low Risk
41,0,1.0003531657475135,23,2,1678,4,0.6942470390940585,3,3,3,0.12303973822697477,-0.3825669586966848,3,16,3,4,0,21,2,3,2,0,0,2,False,True,False,True,True,False,False,False,False,True,False,False,False,False,False,False,True,False,False,True,True,36-45,Low Salary,Executive Level,New Employee,0.0,Travel Rarely,Sales,Life Sciences,Male,Sales Executive,Single,Medium Risk
20,0,-0.1871368026555923,9,1,1680,4,-0.5851223839616266,3,1,1,-0.8020923114201423,0.9513070606280186,1,11,3,1,0,2,3,3,2,2,0,2,False,True,False,True,True,False,False,False,False,True,False,False,False,False,False,False,False,True,False,True,False,18-25,,Entry Level,New Employee,0.0,Travel Rarely,Sales,Life Sciences,Male,Sales Representative,Single,Low Risk
33,0,-0.6755199420614625,16,3,1681,3,-1.4708396768463317,3,2,4,-0.24114867084403085,0.2553483477741643,1,25,4,3,1,7,2,3,6,5,1,2,False,False,False,True,True,False,False,False,False,False,False,False,False,False,False,False,True,False,False,False,True,26-35,,Mid Level,Experienced Employee,0.0,Non-Travel,Sales,Life Sciences,Female,Sales Executive,Divorced,Medium Risk
36,0,1.3598229891680778,26,4,1682,1,0.6942470390940585,3,2,3,-0.24561072253043176,-0.9689037418199239,6,14,3,2,2,10,2,2,3,2,0,2,False,True,True,False,True,False,False,False,False,True,False,False,False,False,False,False,False,False,True,False,False,36-45,,Mid Level,Junior Employee,0.0,Travel Rarely,Research & Development,Life Sciences,Male,Healthcare Representative,Married,Medium Risk
44,0,-0.6804781465224358,1,3,1683,3,-1.0771875466753518,3,1,4,-0.7028647810606559,-1.4259428642352578,4,18,3,1,3,8,2,3,2,2,2,2,False,True,False,False,True,False,False,False,False,False,True,False,False,False,False,False,False,False,False,False,True,36-45,,Mid Level,New Employee,0.0,Travel Rarely,Human Resources,Life Sciences,Female,Human Resources,Divorced,Medium Risk
23,1,1.2829708200229917,8,1,1684,4,1.333931750621901,2,1,3,-0.5341567315843557,0.8815987565941915,1,11,3,1,0,5,2,3,5,4,1,2,False,True,True,False,False,False,True,False,False,True,False,True,False,False,False,False,False,False,False,True,True,18-25,,Entry Level,Junior Employee,0.07,Travel Rarely,Research & Development,Medical,Male,Laboratory Technician,Single,Medium Risk
38,0,1.7168137103581556,4,2,1687,4,1.038692652993666,3,1,3,-0.6792796507182511,1.667222586330267,7,19,3,4,1,7,5,2,0,0,0,0,False,True,True,False,False,False,True,False,False,False,False,True,False,False,False,False,False,False,True,False,False,36-45,,Mid Level,,0.0,Travel Rarely,Research & Development,Medical,Female,Laboratory Technician,Married,Medium Risk
53,0,1.4689034873094906,24,4,1689,2,-0.8803614815898617,4,3,4,0.10667888204350486,-1.525586387541676,3,15,3,3,0,11,2,3,4,3,1,2,False,True,True,False,False,False,True,False,False,True,False,False,False,False,False,False,False,False,True,False,False,46-55,Low Salary,Senior Level,Junior Employee,0.0,Travel Rarely,Research & Development,Medical,Male,Healthcare Representative,Married,Low Risk
48,1,-0.23423974503483866,7,2,1691,4,1.432344783164646,3,1,3,-0.8176032529966786,-0.3616263592994262,2,11,3,3,2,19,3,3,9,7,7,7,True,False,False,True,False,False,True,False,False,False,False,False,False,False,False,False,False,True,True,False,True,46-55,,Senior Level,Experienced Employee,0.07,Travel Frequently,Sales,Medical,Female,Sales Representative,Married,Medium Risk
32,1,1.131745583963306,2,4,1692,4,1.432344783164646,3,1,2,-1.0857513114841986,1.4811463876593254,1,12,3,1,0,1,2,3,1,0,0,0,False,True,True,False,True,False,False,False,False,True,False,True,False,False,False,False,False,False,False,True,False,26-35,,Entry Level,New Employee,0.07,Travel Rarely,Research & Development,Life Sciences,Male,Laboratory Technician,Single,Low Risk
26,0,-0.04086977105687988,7,3,1693,4,0.4974209740085685,3,1,4,-0.8356639383940155,-0.3356262862222931,1,20,4,3,0,7,5,3,7,7,5,7,False,False,True,False,False,False,True,False,False,True,False,True,False,False,False,False,False,False,False,True,False,26-35,,Mid Level,Experienced Employee,0.0,Non-Travel,Research & Development,Medical,Male,Laboratory Technician,Single,Low Risk
55,0,1.5829421899118765,22,3,1694,1,1.3831382668932737,2,1,2,-0.6301970821678414,1.3244432445187664,5,12,3,4,1,8,1,3,4,2,1,2,False,True,True,False,False,False,False,False,True,True,False,False,False,False,False,True,False,False,False,False,False,46-55,,Mid Level,Junior Employee,0.0,Travel Rarely,Research & Development,Technical Degree,Male,Research Scientist,Divorced,Low Risk
34,0,0.8788771564536676,5,2,1696,2,-0.4375028351475091,2,2,4,-0.5347941675395558,-0.33745331838447007,1,14,3,3,1,15,3,4,15,10,4,13,False,True,True,False,False,False,True,False,False,True,False,True,False,False,False,False,False,False,True,False,False,26-35,,Senior Level,Loyal Employee,0.0,Travel Rarely,Research & Development,Medical,Male,Laboratory Technician,Married,Low Risk
60,0,-1.0721762989393266,1,4,1697,3,1.2847252343505287,1,3,4,0.9306710934655351,0.8648743852634951,3,20,4,3,1,19,2,4,1,0,0,0,False,True,True,False,False,False,True,False,False,True,False,False,False,False,False,False,False,False,False,False,False,55+,Low Salary,Senior Level,New Employee,0.0,Travel Rarely,Research & Development,Medical,Male,Healthcare Representative,Divorced,Low Risk
33,0,-1.3275238286794517,21,3,1698,2,0.645040522822686,4,1,2,-0.9508273676335051,-0.09502020455714803,1,18,3,4,3,14,6,3,14,11,2,13,False,True,True,False,False,False,True,False,False,True,False,True,False,False,False,False,False,False,True,False,False,26-35,,Senior Level,Loyal Employee,0.0,Travel Rarely,Research & Development,Medical,Male,Laboratory Technician,Married,Low Risk
37,0,1.1788485263425523,1,4,1700,3,-1.7168722582031943,1,2,4,0.6421250844116111,-0.9326441804474896,1,14,3,3,2,6,2,2,6,3,1,3,True,False,False,True,False,False,True,False,False,True,False,False,False,False,False,False,True,False,False,False,False,36-45,Low Salary,Mid Level,Experienced Employee,0.0,Travel Frequently,Sales,Medical,Male,Sales Executive,Divorced,Medium Risk
34,0,-0.3086128119494382,19,3,1701,2,-1.5200461931177043,2,1,4,-0.7593841024217337,0.846744604577278,1,12,3,2,0,10,3,3,10,9,8,7,False,True,True,False,True,False,False,False,False,False,False,False,False,False,False,True,False,False,True,False,False,26-35,,Mid Level,Experienced Employee,0.0,Travel Rarely,Research & Development,Life Sciences,Female,Research Scientist,Married,Low Risk
23,1,-0.9308674718015876,7,3,1702,3,1.6291708482501361,3,1,4,-0.8983451406553613,1.516422162482895,1,21,4,2,1,3,2,3,3,2,0,2,False,True,False,True,True,False,False,False,False,True,False,False,False,False,False,False,False,True,False,False,True,18-25,,Entry Level,Junior Employee,0.07,Travel Rarely,Sales,Life Sciences,Male,Sales Representative,Divorced,Medium Risk
44,0,0.293809030058818,2,3,1703,3,1.4815512994360187,4,3,4,0.292385223658475,0.06983431284543094,1,19,3,2,1,9,2,3,8,7,6,7,False,True,True,False,True,False,False,False,False,False,False,False,False,False,False,False,False,False,True,False,True,36-45,Low Salary,Mid Level,Experienced Employee,0.0,Travel Rarely,Research & Development,Life Sciences,Female,Healthcare Representative,Married,Medium Risk
35,0,-1.6274951985683364,2,4,1704,1,0.645040522822686,2,1,4,-0.3342143203032493,-0.048220073018308475,0,14,3,3,0,6,2,4,5,4,1,4,True,False,True,False,False,False,True,False,False,True,False,False,False,False,False,True,False,False,False,True,True,26-35,,Mid Level,Junior Employee,0.0,Travel Frequently,Research & Development,Medical,Male,Research Scientist,Single,Medium Risk
43,0,0.9334174055243739,2,3,1706,4,0.349801425194451,3,2,4,0.28558590680300705,-1.1586340048152193,1,17,3,1,1,10,3,3,10,9,8,8,False,True,False,True,False,False,True,False,False,True,False,False,False,False,False,False,True,False,True,False,True,36-45,Low Salary,Mid Level,Experienced Employee,0.0,Travel Rarely,Sales,Medical,Male,Sales Executive,Married,Medium Risk
24,0,-0.5490857283066433,9,3,1707,3,-0.19147025379064658,4,1,3,-0.44661552707020497,0.46419217800454143,1,16,3,4,1,5,1,3,5,3,0,4,False,True,True,False,False,False,True,False,False,True,False,False,False,False,False,True,False,False,True,False,False,18-25,,Entry Level,Junior Employee,0.0,Travel Rarely,Research & Development,Medical,Male,Research Scientist,Married,Low Risk
41,0,0.28637172336735806,6,3,1708,4,-1.5200461931177043,3,3,3,0.5817811473193325,0.21866716359507385,1,12,3,2,0,10,3,3,10,8,8,7,False,True,False,True,False,True,False,False,False,True,False,False,False,False,False,False,True,False,False,True,False,36-45,Low Salary,Mid Level,Experienced Employee,0.0,Travel Rarely,Sales,Marketing,Male,Sales Executive,Single,Low Risk
29,0,0.6929444891671688,9,4,1709,4,-1.1263940629467242,3,1,3,-0.7498225630937319,1.5598493115684848,9,17,3,3,1,9,2,3,5,3,1,2,False,True,True,False,False,False,True,False,False,False,False,True,False,False,False,False,False,False,True,False,False,26-35,,Mid Level,Junior Employee,0.0,Travel Rarely,Research & Development,Medical,Female,Laboratory Technician,Married,Low Risk
36,0,-0.6755199420614625,2,4,1710,3,-0.7327419327757442,3,2,4,-0.42515518324513407,-0.9660929231088825,3,15,3,3,0,17,2,2,13,7,6,7,False,True,False,True,True,False,False,False,False,False,False,False,False,False,False,False,False,True,False,True,False,36-45,,Senior Level,Loyal Employee,0.0,Travel Rarely,Sales,Life Sciences,Female,Sales Representative,Single,Medium Risk
45,0,1.0796844371230863,1,1,1712,3,0.3990079414658235,2,3,3,0.9019864754815294,-1.5344404664814566,3,23,4,4,1,25,3,2,23,15,14,4,False,False,True,False,True,False,False,False,False,True,False,False,False,False,False,False,False,False,True,False,False,36-45,Low Salary,Executive Level,Veteran Employee,0.0,Non-Travel,Research & Development,Life Sciences,Male,Healthcare Representative,Married,Medium Risk
24,1,-1.3944595889025913,22,1,1714,4,-0.3882963188761366,1,1,3,-1.0513297699033917,-0.38341020430999717,1,11,3,3,1,1,2,3,1,0,0,0,False,True,False,False,False,False,False,False,False,True,True,False,False,False,False,False,False,False,True,False,False,18-25,,Entry Level,New Employee,0.07,Travel Rarely,Human Resources,Human Resources,Male,Human Resources,Married,Low Risk
47,1,0.7202146137025219,9,3,1716,3,0.7926600716368035,1,4,3,1.366889765474155,1.3844542239995006,7,11,3,3,0,25,3,1,23,5,14,10,True,False,False,True,True,False,False,False,False,True,False,False,False,False,False,False,True,False,True,False,False,46-55,Low Salary,Executive Level,Veteran Employee,0.07,Travel Frequently,Sales,Life Sciences,Male,Sales Executive,Married,Medium Risk
26,0,-1.0225942543295936,17,4,1718,4,-0.19147025379064658,1,1,3,-0.89197078110336,-1.137833946353513,1,15,3,3,3,3,3,4,3,2,0,2,False,True,True,False,False,False,True,False,False,True,False,True,False,False,False,False,False,False,True,False,False,26-35,,Entry Level,Junior Employee,0.0,Travel Rarely,Research & Development,Medical,Male,Laboratory Technician,Married,Low Risk
45,0,0.5020536174196967,28,2,1719,4,-0.8803614815898617,2,4,2,2.167509325205514,0.3943433330351623,1,11,3,3,0,21,2,3,21,6,8,6,False,True,True,False,False,False,False,False,True,False,False,False,False,False,True,False,False,False,False,True,False,36-45,Low Salary,Executive Level,Veteran Employee,0.0,Travel Rarely,Research & Development,Technical Degree,Female,Research Director,Single,Low Risk
32,0,-0.5391693193846967,10,3,1720,1,-0.4867093514188816,3,1,3,-0.6522948619481125,0.42821369850321134,6,13,3,1,1,10,3,2,5,2,1,3,True,False,True,False,True,False,False,False,False,True,False,False,False,False,False,True,False,False,True,False,False,26-35,,Mid Level,Junior Employee,0.0,Travel Frequently,Research & Development,Life Sciences,Male,Research Scientist,Married,Medium Risk
31,0,-0.15242937142877916,2,4,1721,2,0.15297536010896096,3,1,3,-0.642945801271844,0.5326356136183998,1,14,3,4,1,6,2,4,5,2,0,3,False,True,True,False,True,False,False,False,False,True,False,True,False,False,False,False,False,False,True,False,False,26-35,,Mid Level,Junior Employee,0.0,Travel Rarely,Research & Development,Life Sciences,Male,Laboratory Technician,Married,Low Risk
41,0,-0.6209796929907562,4,3,1722,3,-0.2898832863333916,1,2,2,-0.015496342703186072,0.9108312711890223,6,19,3,2,1,10,4,3,3,2,1,2,False,False,False,False,False,False,False,False,False,True,True,False,False,False,False,False,False,False,True,False,False,36-45,,Mid Level,Junior Employee,0.0,Non-Travel,Human Resources,Human Resources,Male,Human Resources,Married,Low Risk
40,0,-1.0746554011698133,8,2,1724,2,1.2847252343505287,3,2,1,0.0027768213458842232,-1.303110086562748,2,16,3,2,1,18,3,3,1,0,0,0,False,True,True,False,True,False,False,False,False,False,False,False,False,True,False,False,False,False,True,False,True,36-45,Low Salary,Senior Level,New Employee,0.0,Travel Rarely,Research & Development,Life Sciences,Female,Manufacturing Director,Married,High Risk
24,0,-0.7350183955931421,29,1,1725,2,1.235518718079156,3,1,1,-0.5515799810264925,-1.5025376741111365,1,13,3,2,3,6,2,4,6,2,1,2,False,True,True,False,False,False,True,False,False,True,False,True,False,False,False,False,False,False,False,False,False,18-25,,Mid Level,Experienced Employee,0.0,Travel Rarely,Research & Development,Medical,Male,Laboratory Technician,Divorced,Low Risk
46,0,-0.21192782496045878,13,4,1727,3,-1.5692527093890767,3,2,2,-0.199927812407756,-0.6487514906323067,6,14,3,4,0,19,3,3,10,7,0,9,False,True,True,False,True,False,False,False,False,True,False,False,False,False,False,False,False,False,False,True,False,46-55,,Senior Level,Experienced Employee,0.0,Travel Rarely,Research & Development,Life Sciences,Male,Healthcare Representative,Single,Low Risk
35,0,1.4069259315473241,27,4,1728,4,-0.8311549653184892,3,2,3,0.08075648653203303,-1.2876505836520202,2,16,3,2,1,17,3,3,7,7,0,7,False,True,True,False,True,False,False,False,False,True,False,False,False,True,False,False,False,False,True,False,False,26-35,Low Salary,Senior Level,Experienced Employee,0.0,Travel Rarely,Research & Development,Life Sciences,Male,Manufacturing Director,Married,Low Risk
30,0,-0.023516055443473325,16,1,1729,2,-1.6184592256604493,3,1,4,-0.7736201720878699,-1.475975437291795,1,12,3,2,1,10,2,2,10,0,0,8,False,True,True,False,True,False,False,False,False,True,False,False,False,False,False,True,False,False,True,False,False,26-35,,Mid Level,Experienced Employee,0.0,Travel Rarely,Research & Development,Life Sciences,Male,Research Scientist,Married,Medium Risk
47,0,-0.643291613065136,2,4,1731,3,1.038692652993666,3,2,2,-0.3240153450200473,-1.5146241945686145,7,11,3,4,1,4,3,1,1,0,0,0,False,False,False,True,False,True,False,False,False,True,False,False,False,False,False,False,True,False,True,False,False,46-55,,Entry Level,New Employee,0.0,Non-Travel,Sales,Marketing,Male,Sales Executive,Married,Medium Risk
46,0,1.1763694241120657,2,3,1732,3,0.3990079414658235,3,3,4,0.8212445878228467,-1.2251098673313487,4,12,3,2,1,13,5,2,10,6,0,3,False,True,False,True,True,False,False,False,False,True,False,False,False,False,False,False,True,False,False,False,True,46-55,Low Salary,Senior Level,Experienced Employee,0.0,Travel Rarely,Sales,Life Sciences,Male,Sales Executive,Divorced,Medium Risk
36,1,1.6201287233691761,13,5,1733,2,1.4815512994360187,2,2,1,-0.07839002361626522,-0.7947735226709083,5,13,3,2,3,16,3,3,2,2,2,2,False,True,False,True,False,True,False,False,False,True,False,False,False,False,False,False,True,False,False,False,True,36-45,,Senior Level,New Employee,0.07,Travel Rarely,Sales,Marketing,Male,Sales Executive,Divorced,High Risk
32,1,0.40041042596974397,1,2,1734,1,-1.5692527093890767,1,2,2,0.04930964607549346,-0.3044261985297334,6,15,3,2,0,10,2,3,0,0,0,0,False,True,False,True,True,False,False,False,False,True,False,False,False,False,False,False,True,False,False,True,False,26-35,Low Salary,Mid Level,,0.07,Travel Rarely,Sales,Life Sciences,Male,Sales Executive,Single,Low Risk
23,0,-1.5927877673415234,4,1,1735,3,-0.7327419327757442,3,1,2,-0.6816169158873183,-0.20393942961000286,1,13,3,3,0,3,3,1,3,2,1,2,False,True,True,False,False,False,True,False,False,False,False,True,False,False,False,False,False,False,False,True,False,18-25,,Entry Level,Junior Employee,0.0,Travel Rarely,Research & Development,Medical,Female,Laboratory Technician,Single,Medium Risk
31,0,-1.5853504606500635,24,1,1736,4,-1.7660787744745667,3,2,4,-0.26877089556936967,-1.074168902548425,2,20,4,4,0,9,3,2,5,4,1,4,True,False,True,False,False,False,False,False,True,False,False,False,False,True,False,False,False,False,False,True,False,26-35,,Mid Level,Junior Employee,0.0,Travel Frequently,Research & Development,Technical Degree,Female,Manufacturing Director,Single,Medium Risk
39,0,-0.025995157673959976,1,3,1737,4,0.5466274902799411,3,2,4,-0.0065722393303842995,-0.7482544730031728,1,15,3,4,1,9,2,3,9,8,5,8,False,False,True,False,True,False,False,False,False,True,False,True,False,False,False,False,False,False,True,False,True,36-45,,Mid Level,Experienced Employee,0.0,Non-Travel,Research & Development,Life Sciences,Male,Laboratory Technician,Married,Medium Risk
32,0,-1.06969719670884,19,3,1739,4,0.6942470390940585,1,3,3,0.660185769808948,-1.4718997501607851,3,13,3,3,1,10,2,1,4,3,0,2,False,True,False,True,True,False,False,False,False,True,False,False,False,False,False,False,True,False,True,False,False,26-35,Low Salary,Mid Level,Junior Employee,0.0,Travel Rarely,Sales,Life Sciences,Male,Sales Executive,Married,Medium Risk
40,0,-0.47471266139204377,7,4,1740,2,1.0878991692650386,3,5,2,2.832355026479246,-1.400364413964781,1,14,3,2,0,21,3,2,21,8,12,8,False,True,False,True,False,False,True,False,False,True,False,False,True,False,False,False,False,False,False,True,False,36-45,Low Salary,Executive Level,Veteran Employee,0.0,Travel Rarely,Sales,Medical,Male,Manager,Single,Medium Risk
45,0,-1.553122131653737,4,3,1744,3,-0.4867093514188816,1,3,3,0.6912076529620209,-1.08470947271483,4,21,4,3,2,9,2,4,5,0,0,3,False,True,False,False,True,False,False,False,False,False,True,False,False,False,False,False,False,False,True,False,False,36-45,Low Salary,Mid Level,Junior Employee,0.0,Travel Rarely,Human Resources,Life Sciences,Female,Human Resources,Married,Low Risk
30,0,1.2631380021790986,2,4,1745,4,0.5958340065513135,2,1,1,-0.3261401315373811,1.7024983611538367,0,16,3,4,0,10,2,3,9,7,0,7,True,False,True,False,False,False,False,False,True,False,False,False,False,False,False,True,False,False,False,True,False,26-35,,Mid Level,Experienced Employee,0.0,Travel Frequently,Research & Development,Technical Degree,Female,Research Scientist,Single,Low Risk
24,0,0.23431057652713835,10,3,1746,1,-0.3390898026047641,3,1,4,-0.9259673653807001,-1.7168626008280443,0,14,3,4,1,3,2,3,2,2,2,1,True,False,False,False,False,False,True,False,False,True,True,False,False,False,False,False,False,False,True,False,False,18-25,,Entry Level,New Employee,0.0,Travel Frequently,Human Resources,Medical,Male,Human Resources,Married,Low Risk
30,1,-0.501982785927397,8,3,1747,3,0.005355811294843447,2,1,4,-0.918530612570032,-0.6438325578879842,6,11,3,3,1,6,0,2,4,2,1,2,True,False,False,False,False,False,False,False,False,False,True,False,False,False,False,False,False,False,False,False,False,26-35,,Mid Level,Junior Employee,0.07,Travel Frequently,Human Resources,Human Resources,Female,Human Resources,Divorced,Medium Risk
31,0,0.49709541295872334,5,3,1749,1,-0.7327419327757442,3,2,3,0.3916127540179614,0.9317718705862807,1,19,3,3,1,6,3,3,5,2,0,2,False,True,False,True,False,False,False,False,True,True,False,False,False,False,False,False,True,False,True,False,False,26-35,Low Salary,Mid Level,Junior Employee,0.0,Travel Rarely,Sales,Technical Degree,Male,Sales Executive,Married,Low Risk
27,0,0.6235296267135425,8,3,1751,3,0.05456232756621595,3,1,4,-0.649745118127312,-1.1469691071643975,1,11,3,3,0,6,5,2,6,2,1,4,False,True,True,False,False,False,True,False,False,False,False,False,False,False,False,True,False,False,False,True,False,26-35,,Mid Level,Experienced Employee,0.0,Travel Rarely,Research & Development,Medical,Female,Research Scientist,Single,Medium Risk
29,1,-0.9283883695711009,9,3,1752,2,-0.6835354165043717,1,1,2,-0.7952929945646742,0.04453694444605821,1,13,3,3,0,2,3,3,2,2,2,2,False,True,False,True,False,True,False,False,False,False,False,False,False,False,False,False,False,True,False,True,False,26-35,,Entry Level,New Employee,0.07,Travel Rarely,Sales,Marketing,Female,Sales Representative,Single,Low Risk
29,0,-0.8465779959650415,1,3,1753,4,0.20218187638033347,4,2,3,-0.04439343933892514,1.2292970311500144,8,12,3,4,0,10,5,4,3,2,0,2,True,False,True,False,True,False,False,False,False,True,False,False,False,False,False,False,False,False,False,True,True,26-35,,Mid Level,Junior Employee,0.0,Travel Frequently,Research & Development,Life Sciences,Male,Healthcare Representative,Single,Medium Risk
30,0,0.43759695942704374,15,2,1754,3,1.3831382668932737,2,3,1,0.13536350002751055,-1.5775865336959423,2,11,3,1,1,12,2,3,7,7,1,7,False,True,False,True,False,True,False,False,False,True,False,False,False,False,False,False,True,False,False,False,False,26-35,Low Salary,Senior Level,Experienced Employee,0.0,Travel Rarely,Sales,Marketing,Male,Sales Executive,Divorced,Low Risk
34,0,-1.5407266205013037,2,4,1755,4,1.5307578157073911,4,1,4,-0.7587466664665337,-1.2265152766868694,0,14,3,1,3,6,3,3,5,0,1,2,False,True,True,False,False,False,True,False,False,True,False,False,False,False,False,True,False,False,True,False,True,26-35,,Mid Level,Junior Employee,0.0,Travel Rarely,Research & Development,Medical,Male,Research Scientist,Married,Medium Risk
33,0,1.1912440374949855,2,3,1756,4,-0.19147025379064658,3,2,2,-0.28810645287710684,-0.508210555080236,8,15,3,4,0,13,2,2,11,7,1,7,False,False,False,True,False,True,False,False,False,False,False,False,False,False,False,False,True,False,False,True,False,26-35,,Senior Level,Loyal Employee,0.0,Non-Travel,Sales,Marketing,Female,Sales Executive,Single,Medium Risk
49,0,1.2656171044095852,11,4,1757,4,0.6942470390940585,3,2,4,-0.42409278998646716,-0.8604061395737252,3,12,3,3,0,8,1,4,5,1,0,4,False,True,False,True,False,True,False,False,False,False,False,False,False,False,False,False,True,False,False,True,False,46-55,,Mid Level,Junior Employee,0.0,Travel Rarely,Sales,Marketing,Female,Sales Executive,Single,Low Risk
33,1,-1.466353553586704,16,3,1758,1,0.3990079414658235,3,3,1,0.43793310009583725,-0.5932378210892388,2,20,4,3,0,11,2,2,0,0,0,0,False,True,False,True,True,False,False,False,False,False,False,False,False,False,False,False,True,False,False,True,True,26-35,Low Salary,Senior Level,,0.07,Travel Rarely,Sales,Life Sciences,Female,Sales Executive,Single,High Risk
38,0,-0.5168573993103168,2,2,1760,3,0.448214457737196,2,1,2,-0.8573367608708199,0.2318780115369685,4,14,3,2,1,9,4,2,6,1,0,5,True,False,True,False,False,False,True,False,False,False,False,True,False,False,False,False,False,False,True,False,False,36-45,,Mid Level,Experienced Employee,0.0,Travel Frequently,Research & Development,Medical,Female,Laboratory Technician,Married,Medium Risk
31,1,0.6855071824757089,16,4,1761,1,0.20218187638033347,3,3,3,0.35230420344728697,0.6589819146797115,2,13,3,1,3,10,2,3,1,0,0,0,False,True,False,True,False,True,False,False,False,True,False,False,False,False,False,False,True,False,True,False,False,26-35,Low Salary,Mid Level,New Employee,0.07,Travel Rarely,Sales,Marketing,Male,Sales Executive,Married,Low Risk
29,0,-0.5267738082322635,4,3,1762,4,1.235518718079156,2,1,1,-0.9336165968431016,-0.6051838006111648,1,13,3,3,1,1,2,3,1,0,0,0,False,True,True,False,False,False,False,False,True,False,False,False,False,False,False,True,False,False,False,False,False,26-35,,Entry Level,New Employee,0.0,Travel Rarely,Research & Development,Technical Degree,Female,Research Scientist,Divorced,Low Risk
30,0,-1.233317943920959,16,3,1763,3,-0.3882963188761366,4,2,3,-0.25687209107230063,-0.728719282961435,3,16,3,3,1,10,3,3,7,0,1,7,False,True,True,False,True,False,False,False,False,True,False,False,False,False,False,False,False,False,True,False,False,26-35,,Mid Level,Experienced Employee,0.0,Travel Rarely,Research & Development,Life Sciences,Male,Healthcare Representative,Married,Low Risk
32,0,0.3731403014343908,5,4,1764,2,-0.043850704976529056,3,1,2,-0.804217097937476,0.47234355226656155,2,14,3,2,0,12,3,3,7,7,0,7,False,False,True,False,False,False,False,False,True,True,False,False,False,False,False,True,False,False,False,True,False,26-35,,Senior Level,Experienced Employee,0.0,Non-Travel,Research & Development,Technical Degree,Male,Research Scientist,Single,Low Risk
38,0,0.0756480337759927,18,3,1766,2,-0.2898832863333916,1,2,4,-0.14702062812614553,1.4371570748315272,3,16,3,3,1,15,2,3,1,0,1,0,False,True,True,False,False,False,True,False,False,True,False,False,False,False,False,False,False,False,True,False,True,36-45,,Senior Level,New Employee,0.0,Travel Rarely,Research & Development,Medical,Male,Healthcare Representative,Married,Medium Risk
43,1,0.011191375783339787,17,3,1767,3,-1.3724266443035866,2,1,3,-0.8639235990745545,0.17903461976938992,9,16,3,4,1,6,4,3,1,0,0,0,True,False,True,False,False,False,False,False,True,True,False,False,False,False,False,True,False,False,True,False,True,36-45,,Mid Level,New Employee,0.07,Travel Frequently,Research & Development,Technical Degree,Male,Research Scientist,Married,Medium Risk
42,0,0.13018828284669903,12,3,1768,2,-0.4375028351475091,3,1,2,-0.794018122654274,-0.7534544876185995,8,22,4,2,3,7,6,2,5,3,0,4,False,True,True,False,False,False,True,False,False,True,False,True,False,False,False,False,False,False,False,False,False,36-45,,Mid Level,Junior Employee,0.0,Travel Rarely,Research & Development,Medical,Male,Laboratory Technician,Divorced,Medium Risk
55,0,-0.8044332580467684,2,3,1770,3,-0.2898832863333916,2,5,1,2.6634344983512124,0.7718362859280243,8,12,3,2,3,34,2,3,1,0,0,0,False,True,True,False,False,False,True,False,False,True,False,False,False,False,True,False,False,False,True,False,False,46-55,Low Salary,Executive Level,New Employee,0.0,Travel Rarely,Research & Development,Medical,Male,Research Director,Married,Low Risk
33,0,-0.06813989559223305,4,3,1771,4,1.1863122018077836,3,2,2,-0.7326117923033284,-1.1410663878712106,5,15,3,4,2,11,2,2,9,8,1,7,False,False,True,False,False,False,False,False,True,True,False,False,False,False,False,True,False,False,False,False,False,26-35,,Senior Level,Experienced Employee,0.0,Non-Travel,Research & Development,Technical Degree,Male,Research Scientist,Divorced,Medium Risk
41,0,-0.6308961019127028,9,4,1772,3,1.3831382668932737,3,1,1,-0.8953704395310941,0.8723230548477549,1,20,4,2,2,5,2,3,5,3,0,4,False,True,True,False,True,False,False,False,False,True,False,True,False,False,False,False,False,False,False,False,False,36-45,,Entry Level,Junior Employee,0.0,Travel Rarely,Research & Development,Life Sciences,Male,Laboratory Technician,Divorced,Low Risk
34,0,1.4193214426997576,10,3,1774,4,1.038692652993666,3,2,3,-0.5316069877635552,-0.2810964032280897,1,14,3,3,1,15,3,3,15,14,0,7,False,False,False,True,True,False,False,False,False,True,False,False,False,False,False,False,True,False,False,False,True,26-35,,Senior Level,Loyal Employee,0.0,Non-Travel,Sales,Life Sciences,Male,Sales Executive,Divorced,Medium Risk
53,0,-0.35075754986771124,1,4,1775,1,-0.2898832863333916,2,4,3,1.373051646374423,1.1236102476148573,4,20,4,4,3,27,2,2,3,2,0,2,False,False,True,False,False,False,True,False,False,False,False,False,False,True,False,False,False,False,True,False,True,46-55,Low Salary,Executive Level,Junior Employee,0.0,Non-Travel,Research & Development,Medical,Female,Manufacturing Director,Married,Medium Risk
43,0,-1.3845431799806447,2,3,1778,2,1.5307578157073911,3,1,4,-0.6297721248643747,-1.3042344140471647,0,13,3,2,0,10,5,3,9,7,1,8,False,True,False,False,True,False,False,False,False,True,True,False,False,False,False,False,False,False,False,True,False,36-45,,Mid Level,Experienced Employee,0.0,Travel Rarely,Human Resources,Life Sciences,Male,Human Resources,Single,Low Risk
34,0,-0.7226228844407089,3,2,1779,4,-1.6676657419318217,1,2,4,-0.10070028204826965,1.5515573963709128,5,12,3,1,0,6,3,3,2,2,2,2,False,True,False,True,True,False,False,False,False,False,False,False,False,False,False,False,True,False,False,True,False,26-35,,Mid Level,New Employee,0.0,Travel Rarely,Sales,Life Sciences,Female,Sales Executive,Single,Low Risk
21,1,-1.1539866725453862,7,1,1780,2,-1.7168722582031943,3,1,2,-0.8125037653550776,-1.3697264900144297,1,13,3,2,0,1,3,3,1,0,1,0,False,True,False,True,False,True,False,False,False,True,False,False,False,False,False,False,False,True,False,True,False,18-25,,Entry Level,New Employee,0.07,Travel Rarely,Sales,Marketing,Male,Sales Representative,Single,Low Risk
38,0,0.868960747531721,6,2,1782,4,-1.2740136117608418,2,1,3,-0.5951381046318345,0.2899214179199737,1,11,3,2,1,5,3,3,5,4,0,4,False,True,True,False,False,False,False,True,False,False,False,True,False,False,False,False,False,False,True,False,False,36-45,,Entry Level,Junior Employee,0.0,Travel Rarely,Research & Development,Other,Female,Laboratory Technician,Married,Low Risk
22,1,1.2185141620303388,8,1,1783,3,0.645040522822686,3,1,1,-0.8722102664921562,0.23693748521684305,1,17,3,3,0,1,6,3,1,0,0,0,False,True,True,False,False,False,True,False,False,False,False,True,False,False,False,False,False,False,True,False,True,18-25,,Entry Level,New Employee,0.07,Travel Rarely,Research & Development,Medical,Female,Laboratory Technician,Married,High Risk
31,0,-1.5035400870440039,29,4,1784,1,1.235518718079156,2,2,4,-0.2199008056706933,-0.12804732441188466,1,14,3,1,2,13,3,3,12,7,5,7,False,True,False,True,False,True,False,False,False,False,False,False,False,False,False,False,True,False,True,False,False,26-35,,Senior Level,Loyal Employee,0.0,Travel Rarely,Sales,Marketing,Female,Sales Executive,Married,Low Risk
51,0,0.34587017689903765,3,3,1786,1,-0.6343289002329991,3,3,3,1.4051359227861626,1.218615920048057,2,11,3,4,0,15,2,3,2,2,2,2,False,True,True,False,False,False,False,False,True,False,False,False,True,False,False,False,False,False,True,False,False,46-55,Low Salary,Senior Level,New Employee,0.0,Travel Rarely,Research & Development,Technical Degree,Female,Manager,Married,Low Risk
37,0,-0.5292529104627501,9,2,1787,2,-0.9787745141326066,2,2,2,-0.4916610012376806,-0.7748167098225142,1,14,3,1,2,5,2,3,5,2,0,3,False,True,False,True,False,True,False,False,False,True,False,False,False,False,False,False,True,False,True,False,False,36-45,,Entry Level,Junior Employee,0.0,Travel Rarely,Sales,Marketing,Male,Sales Executive,Married,Low Risk
46,0,-0.16978308704218573,2,4,1789,3,-0.9787745141326066,3,5,4,2.725053307353891,-0.013365921001394932,7,17,3,3,1,24,3,3,2,1,2,2,False,True,True,False,False,False,True,False,False,True,False,False,False,False,True,False,False,False,False,False,True,46-55,Low Salary,Executive Level,New Employee,0.0,Travel Rarely,Research & Development,Medical,Male,Research Director,Divorced,Medium Risk
36,0,1.4391542605436507,10,3,1790,4,1.1863122018077836,3,3,1,0.386300787724627,1.6353197939599469,7,13,3,4,1,15,1,3,12,8,5,7,False,True,True,False,True,False,False,False,False,True,False,False,False,False,False,False,False,False,True,False,True,36-45,Low Salary,Senior Level,Loyal Employee,0.0,Travel Rarely,Research & Development,Life Sciences,Male,Healthcare Representative,Married,High Risk
44,1,-0.9259092673406143,1,2,1792,3,1.6291708482501361,3,1,2,-0.8841090709892252,-0.4526968855371681,1,12,3,3,3,6,2,2,5,3,2,3,True,False,True,False,False,False,True,False,False,True,False,False,False,False,False,True,False,False,False,False,True,36-45,,Mid Level,Junior Employee,0.07,Travel Frequently,Research & Development,Medical,Male,Research Scientist,Divorced,High Risk
37,0,1.082163539353573,8,2,1794,3,1.137105685536411,3,2,2,-0.5167334821422189,-0.20815565767656496,2,13,3,3,0,19,4,2,10,0,4,7,False,True,False,False,False,False,False,True,False,True,True,False,False,False,False,False,False,False,False,False,False,36-45,,Senior Level,Experienced Employee,0.0,Travel Rarely,Human Resources,Other,Male,Human Resources,Divorced,Medium Risk
35,1,-1.2382761483819322,27,3,1797,3,0.8910731041795485,3,2,4,-0.14659567082267877,-0.11539864021219828,1,18,3,4,0,10,2,3,10,7,7,7,False,True,False,True,True,False,False,False,False,True,False,False,False,False,False,False,True,False,False,True,True,26-35,,Mid Level,Experienced Employee,0.07,Travel Rarely,Sales,Life Sciences,Male,Sales Executive,Single,Medium Risk
33,0,0.15993750961253883,8,4,1798,4,1.1863122018077836,4,1,1,-0.7139136709507914,-1.1576502182663548,6,19,3,2,1,14,1,3,10,8,7,6,False,True,True,False,True,False,False,False,False,True,False,False,False,False,False,True,False,False,True,False,False,26-35,,Senior Level,Experienced Employee,0.0,Travel Rarely,Research & Development,Life Sciences,Male,Research Scientist,Married,Low Risk
28,0,0.9383756099853472,1,3,1799,3,0.7926600716368035,3,1,4,-0.947427709205771,-1.2342450281422335,1,11,3,3,1,5,6,4,5,3,0,3,False,True,True,False,True,False,False,False,False,True,False,False,False,False,False,True,False,False,True,False,False,26-35,,Entry Level,Junior Employee,0.0,Travel Rarely,Research & Development,Life Sciences,Male,Research Scientist,Married,Low Risk
39,0,1.116870970580386,10,1,1800,3,-0.043850704976529056,3,3,3,1.4790784935893773,-0.8993359787216488,7,21,4,3,0,9,3,3,4,3,2,2,False,True,True,False,False,False,True,False,False,True,False,False,False,False,True,False,False,False,False,True,False,36-45,Low Salary,Mid Level,Junior Employee,0.0,Travel Rarely,Research & Development,Medical,Male,Research Director,Single,Low Risk
46,0,0.11531366946377912,26,2,1801,2,1.5799643319787637,2,2,2,0.3161828326526131,1.5252762414226755,8,15,3,3,0,6,3,3,2,2,2,2,False,False,False,True,True,False,False,False,False,True,False,False,False,False,False,False,True,False,False,True,False,46-55,Low Salary,Mid Level,New Employee,0.0,Non-Travel,Sales,Life Sciences,Male,Sales Executive,Single,Low Risk
40,0,-0.4623171502396105,2,2,1802,3,1.6291708482501361,3,1,1,-0.6641936664451815,1.5869737121300345,4,17,3,4,1,7,5,2,4,3,0,2,False,True,True,False,True,False,False,False,False,False,False,True,False,False,False,False,False,False,True,False,False,36-45,,Mid Level,Junior Employee,0.0,Travel Rarely,Research & Development,Life Sciences,Female,Laboratory Technician,Married,Medium Risk
42,0,0.8069831917695547,13,3,1803,2,1.432344783164646,4,2,1,-0.20502730004935701,-1.2110557737761418,5,18,3,3,2,10,2,2,0,0,0,0,False,True,True,False,False,False,True,False,False,True,False,False,False,False,False,False,False,False,True,False,False,36-45,,Mid Level,,0.0,Travel Rarely,Research & Development,Medical,Male,Healthcare Representative,Married,Medium Risk
35,0,0.9358965077548606,2,2,1804,2,1.1863122018077836,3,2,4,-0.15743208206108092,1.4235246040829763,2,14,3,3,1,15,6,3,7,7,1,7,False,False,True,False,False,False,True,False,False,True,False,False,False,True,False,False,False,False,False,False,False,26-35,,Senior Level,Experienced Employee,0.0,Non-Travel,Research & Development,Medical,Male,Manufacturing Director,Divorced,Low Risk
38,0,1.3226364557107781,2,3,1805,1,1.6783773645215088,3,1,2,-0.8309894080558813,-1.0096606131300243,5,13,3,4,3,13,3,3,11,10,3,8,False,False,False,False,False,False,False,False,False,True,True,False,False,False,False,False,False,False,False,False,False,36-45,,Senior Level,Loyal Employee,0.0,Non-Travel,Human Resources,Human Resources,Male,Human Resources,Divorced,Low Risk
34,1,-1.409334202285511,9,4,1807,4,1.333931750621901,3,2,1,-0.24582320118216514,-1.1390988147734815,4,17,3,3,1,11,3,2,7,1,0,7,True,False,True,False,True,False,False,False,False,True,False,True,False,False,False,False,False,False,True,False,False,26-35,,Senior Level,Experienced Employee,0.07,Travel Frequently,Research & Development,Life Sciences,Male,Laboratory Technician,Married,Medium Risk
37,1,-1.0721762989393266,10,4,1809,4,-0.3882963188761366,3,2,1,-0.4865615135960796,-1.3099965924047996,1,15,3,2,0,10,4,1,10,3,0,8,False,True,True,False,False,False,True,False,False,True,False,False,False,True,False,False,False,False,False,True,False,36-45,,Mid Level,Experienced Employee,0.07,Travel Rarely,Research & Development,Medical,Male,Manufacturing Director,Single,Medium Risk
39,0,-0.0904518156666129,20,3,1812,3,0.841866587908176,3,2,4,-0.5048346776451499,0.6851225286923966,2,18,3,4,1,7,6,3,2,1,2,2,True,False,False,True,True,False,False,False,False,True,False,False,False,False,False,False,True,False,False,False,False,36-45,,Mid Level,New Employee,0.0,Travel Frequently,Sales,Life Sciences,Male,Sales Executive,Divorced,Low Risk
43,0,-1.1391120591624662,9,3,1813,1,-0.6835354165043717,3,1,3,-0.8637111204228212,1.4988545455388862,4,13,3,3,0,7,2,2,3,2,1,2,False,False,True,False,True,False,False,False,False,True,False,False,False,False,False,True,False,False,False,True,False,36-45,,Mid Level,Junior Employee,0.0,Non-Travel,Research & Development,Life Sciences,Male,Research Scientist,Single,Medium Risk
41,0,-0.8812854271918545,5,3,1814,2,0.9402796204509211,4,2,2,0.07799426405949915,0.17102378644292188,3,12,3,1,0,11,3,1,3,2,1,2,False,True,True,False,True,False,False,False,False,True,False,False,False,False,False,False,False,False,False,True,False,36-45,Low Salary,Senior Level,Junior Employee,0.0,Travel Rarely,Research & Development,Life Sciences,Male,Healthcare Representative,Single,Medium Risk
41,0,-0.016078748752013372,4,1,1815,3,0.743453555365431,3,3,3,0.8380304013097833,1.706855130155951,0,13,3,4,1,23,3,4,22,14,13,5,False,True,False,True,False,True,False,False,False,False,False,False,False,False,False,False,True,False,False,False,True,36-45,Low Salary,Executive Level,Veteran Employee,0.0,Travel Rarely,Sales,Marketing,Female,Sales Executive,Divorced,Medium Risk
30,0,0.7177355114720353,10,3,1816,1,-0.09305722124790157,3,3,3,0.6722970529577504,-1.626635320203615,9,14,3,2,0,9,3,3,7,7,0,2,False,True,True,False,False,False,True,False,False,False,False,False,False,True,False,False,False,False,False,True,False,26-35,Low Salary,Mid Level,Experienced Employee,0.0,Travel Rarely,Research & Development,Medical,Female,Manufacturing Director,Single,Low Risk
26,1,0.29132992782833134,20,2,1818,4,0.15297536010896096,3,1,2,-0.9253299294255,-1.0433904376625214,0,11,3,3,0,6,3,3,5,1,1,4,False,True,False,False,False,False,True,False,False,False,True,False,False,False,False,False,False,False,True,False,True,26-35,,Mid Level,Junior Employee,0.07,Travel Rarely,Human Resources,Medical,Female,Human Resources,Married,High Risk
46,1,-1.3423984420623716,21,2,1821,4,0.005355811294843447,3,2,2,0.5148503720233192,-0.48783211942518573,4,22,4,4,1,13,2,4,9,7,3,7,False,True,True,False,False,False,True,False,False,False,False,False,False,False,False,False,False,False,True,False,False,46-55,Low Salary,Senior Level,Experienced Employee,0.07,Travel Rarely,Research & Development,Medical,Female,Healthcare Representative,Married,Low Risk
40,0,0.9706039389816736,1,3,1822,3,-0.6835354165043717,3,2,4,0.0021393853906840968,-0.7382760665789758,4,17,3,4,1,12,3,3,5,3,0,3,False,True,True,False,True,False,False,False,False,False,False,False,False,False,False,False,False,False,False,False,False,36-45,Low Salary,Senior Level,Junior Employee,0.0,Travel Rarely,Research & Development,Life Sciences,Female,Healthcare Representative,Divorced,Low Risk
34,0,0.01862868247479974,8,2,1823,2,1.2847252343505287,4,2,3,0.06290827978642949,1.0983128792154846,1,21,4,3,2,10,5,3,10,8,4,8,False,True,False,True,False,False,False,False,True,True,False,False,False,False,False,False,True,False,True,False,False,26-35,Low Salary,Mid Level,Experienced Employee,0.0,Travel Rarely,Sales,Technical Degree,Male,Sales Executive,Married,Low Risk
58,0,-1.1217583435490597,2,3,1824,2,-0.6835354165043717,3,4,2,2.07975564203963,1.1614157592783643,4,22,4,4,1,37,0,2,16,9,14,14,False,False,False,True,False,False,True,False,False,True,False,False,True,False,False,False,False,False,False,False,False,55+,Low Salary,Executive Level,Loyal Employee,0.0,Non-Travel,Sales,Medical,Male,Manager,Divorced,Medium Risk
35,0,-1.5308102115793571,23,4,1826,2,1.235518718079156,1,1,3,-0.8069793204100099,-0.6488920315678588,0,16,3,2,1,6,2,4,5,4,0,3,False,True,True,False,False,False,True,False,False,True,False,True,False,False,False,False,False,False,True,False,False,26-35,,Mid Level,Junior Employee,0.0,Travel Rarely,Research & Development,Medical,Male,Laboratory Technician,Married,Low Risk
47,0,0.49213720849775006,4,3,1827,3,1.2847252343505287,2,3,2,0.8138078350121786,0.6967874263432186,8,12,3,3,1,28,4,3,22,11,14,10,False,True,True,False,True,False,False,False,False,False,False,False,False,True,False,False,False,False,False,False,True,46-55,Low Salary,Executive Level,Veteran Employee,0.0,Travel Rarely,Research & Development,Life Sciences,Female,Manufacturing Director,Divorced,High Risk
40,0,-0.1301174513543993,12,3,1829,2,-0.9295679978612341,3,2,1,-0.43662903043873635,-0.5010429673670804,2,12,3,2,1,15,3,3,7,4,7,7,False,True,True,False,True,False,False,False,False,False,False,False,False,False,False,False,False,False,False,False,False,36-45,,Senior Level,Experienced Employee,0.0,Travel Rarely,Research & Development,Life Sciences,Female,Healthcare Representative,Divorced,Low Risk
54,0,-0.9209510628796409,7,4,1830,4,0.10376884383758846,3,2,4,0.07459460563176515,0.19435358174456563,4,15,3,2,1,14,2,2,7,1,1,7,False,True,True,False,False,False,True,False,False,False,False,False,False,False,False,True,False,False,True,False,False,46-55,Low Salary,Senior Level,Experienced Employee,0.0,Travel Rarely,Research & Development,Medical,Female,Research Scientist,Married,Medium Risk
31,0,0.7995458850780948,7,4,1833,1,0.10376884383758846,3,3,1,0.6659226934057492,-0.8483196191162472,2,14,3,4,2,9,3,3,3,2,2,2,True,False,False,True,False,True,False,False,False,False,False,False,False,False,False,False,True,False,True,False,False,26-35,Low Salary,Mid Level,Junior Employee,0.0,Travel Frequently,Sales,Marketing,Female,Sales Executive,Married,Low Risk
28,0,1.0276232902828666,1,3,1834,3,0.05456232756621595,3,1,1,-0.6187232349742392,-0.22403678339394897,1,25,4,3,1,3,3,3,3,2,1,2,False,True,True,False,False,False,True,False,False,False,False,False,False,False,False,True,False,False,True,False,False,26-35,,Entry Level,Junior Employee,0.0,Travel Rarely,Research & Development,Medical,Female,Research Scientist,Married,Low Risk
38,0,-0.19705321157753888,2,4,1835,2,0.5466274902799411,1,2,4,-0.23328696072989596,-1.4151212121977486,2,20,4,1,2,20,4,2,4,2,0,3,False,True,False,True,False,True,False,False,False,False,False,False,False,False,False,False,False,True,True,False,True,36-45,,Senior Level,Junior Employee,0.0,Travel Rarely,Sales,Marketing,Female,Sales Representative,Married,Medium Risk
26,0,-0.5713976483810231,10,3,1836,3,-0.9787745141326066,3,2,4,-0.3864840686296597,-0.7291409057680912,1,13,3,1,0,5,4,3,5,3,1,2,False,True,False,True,False,False,True,False,False,True,False,False,False,False,False,False,True,False,False,True,False,26-35,,Entry Level,Junior Employee,0.0,Travel Rarely,Sales,Medical,Male,Sales Executive,Single,Low Risk
58,0,1.02514418805238,15,4,1837,1,1.038692652993666,3,4,3,1.9726664015660087,1.027480247697241,2,14,3,2,0,23,3,3,2,2,2,2,True,False,True,False,True,False,False,False,False,True,False,False,False,False,True,False,False,False,True,False,True,55+,Low Salary,Executive Level,New Employee,0.0,Travel Frequently,Research & Development,Life Sciences,Male,Research Director,Married,Medium Risk
18,0,1.55815116760701,14,3,1839,2,-1.6184592256604493,3,1,3,-1.06004139462446,-0.8847197214242335,1,16,3,3,0,0,4,1,0,0,0,0,False,False,True,False,False,False,True,False,False,False,False,False,False,False,False,True,False,False,False,True,False,,,,,0.0,Non-Travel,Research & Development,Medical,Female,Research Scientist,Single,Medium Risk
31,1,-1.09944642347468,18,5,1842,4,1.137105685536411,4,1,1,-0.7536471788249326,1.0093504670110238,0,17,3,3,0,2,4,3,1,0,0,0,False,True,False,False,False,False,False,False,False,True,True,False,False,False,False,False,False,False,True,False,False,26-35,,Entry Level,New Employee,0.07,Travel Rarely,Human Resources,Human Resources,Male,Human Resources,Married,Low Risk
29,1,-1.1217583435490597,13,3,1844,1,-0.4867093514188816,2,1,1,-0.8855964215513588,-1.5678892091428493,4,15,3,4,3,4,3,3,2,2,2,0,False,True,False,False,False,False,False,False,False,True,True,False,False,False,False,False,False,False,False,False,True,26-35,,Entry Level,New Employee,0.07,Travel Rarely,Human Resources,Human Resources,Male,Human Resources,Divorced,High Risk
45,0,-0.5292529104627501,2,4,1845,3,0.05456232756621595,3,2,3,-0.28661910231497323,0.7521605549507344,4,22,4,2,2,10,3,4,8,7,5,7,False,False,False,True,True,False,False,False,False,False,False,False,False,False,False,False,True,False,True,False,False,36-45,,Mid Level,Experienced Employee,0.0,Non-Travel,Sales,Life Sciences,Female,Sales Executive,Married,Low Risk
36,0,-0.9234301651101275,2,4,1847,4,0.349801425194451,3,2,2,0.0975423000189697,0.7392307888799439,4,22,4,4,1,15,2,3,1,0,0,0,False,True,True,False,False,False,False,True,False,False,False,False,False,False,False,True,False,False,True,False,True,36-45,Low Salary,Senior Level,New Employee,0.0,Travel Rarely,Research & Development,Other,Female,Research Scientist,Married,High Risk
43,0,1.5358392475326301,2,4,1849,1,1.2847252343505287,3,2,4,-0.17591772476188458,0.6932739029544167,1,20,4,3,1,7,5,3,7,7,7,7,True,False,False,True,True,False,False,False,False,True,False,False,False,False,False,False,True,False,True,False,False,36-45,,Mid Level,Experienced Employee,0.0,Travel Frequently,Sales,Life Sciences,Male,Sales Executive,Married,Low Risk
27,0,1.2259514687217987,5,2,1850,4,-0.6343289002329991,3,1,4,-0.8762473608750903,0.7747876455746178,0,14,3,3,0,6,3,2,5,4,0,2,True,False,True,False,True,False,False,False,False,False,False,True,False,False,False,False,False,False,False,True,True,26-35,,Mid Level,Junior Employee,0.0,Travel Frequently,Research & Development,Life Sciences,Female,Laboratory Technician,Single,Medium Risk
29,0,-0.5664394439200499,20,1,1852,4,-1.2740136117608418,3,1,4,-0.5717654529411632,-1.0273687710095853,1,13,3,2,0,11,3,4,11,8,3,10,True,False,True,False,False,False,True,False,False,True,False,True,False,False,False,False,False,False,True,False,False,26-35,,Senior Level,Loyal Employee,0.0,Travel Frequently,Research & Development,Medical,Male,Laboratory Technician,Married,Low Risk
32,0,1.2780126155620184,10,4,1853,4,0.645040522822686,3,2,4,-0.3941333000920612,1.653027951839508,8,13,3,3,0,4,2,4,0,0,0,0,True,False,False,True,False,True,False,False,False,True,False,False,False,False,False,False,True,False,False,True,False,26-35,,Entry Level,,0.0,Travel Frequently,Sales,Marketing,Male,Sales Executive,Single,Low Risk
42,0,-1.1093628323966265,10,4,1854,3,-1.3724266443035866,3,1,3,-0.7578967518596001,-1.145704238744429,3,22,4,2,2,10,1,2,6,3,3,3,False,False,True,False,False,False,False,False,True,True,False,False,False,False,False,True,False,False,True,False,False,36-45,,Mid Level,Experienced Employee,0.0,Non-Travel,Research & Development,Technical Degree,Male,Research Scientist,Married,Medium Risk
47,0,-1.4762699625086508,9,4,1856,2,-0.09305722124790157,3,1,3,-0.9344665114500351,-1.251109940408482,4,12,3,3,0,7,2,3,2,2,2,0,False,True,True,False,True,False,False,False,False,False,False,True,False,False,False,False,False,False,False,True,False,46-55,,Mid Level,New Employee,0.0,Travel Rarely,Research & Development,Life Sciences,Female,Laboratory Technician,Single,Low Risk
46,0,-0.23919794949581194,2,2,1857,4,0.7926600716368035,3,3,4,0.44090780122010453,0.7976958180696053,3,14,3,3,1,12,4,2,9,8,4,7,False,True,True,False,True,False,False,False,False,True,False,False,False,True,False,False,False,False,False,False,False,46-55,Low Salary,Senior Level,Experienced Employee,0.0,Travel Rarely,Research & Development,Life Sciences,Male,Manufacturing Director,Divorced,Medium Risk
28,0,-1.2952954996831252,1,2,1858,3,-1.1263940629467242,3,1,4,-0.8067668417582765,-0.5367403649973064,1,15,3,2,1,3,2,3,3,2,2,2,False,False,False,False,True,False,False,False,False,True,True,False,False,False,False,False,False,False,False,False,False,26-35,,Entry Level,Junior Employee,0.0,Non-Travel,Human Resources,Life Sciences,Male,Human Resources,Divorced,Low Risk
29,0,-0.18961590488607893,29,1,1859,4,1.333931750621901,1,2,3,-0.025270360682921343,0.9598800576966949,8,17,3,4,2,11,3,3,7,0,1,6,False,True,True,False,True,False,False,False,False,True,False,False,False,False,False,False,False,False,False,False,False,26-35,,Senior Level,Experienced Employee,0.0,Travel Rarely,Research & Development,Life Sciences,Male,Healthcare Representative,Divorced,Low Risk
42,0,0.8416906229963679,8,3,1860,4,0.743453555365431,3,1,3,-0.5386187832707566,-0.09684723671932495,4,13,3,4,0,8,3,3,0,0,0,0,False,True,True,False,True,False,False,False,False,True,False,True,False,False,False,False,False,False,False,True,False,36-45,,Mid Level,,0.0,Travel Rarely,Research & Development,Life Sciences,Male,Laboratory Technician,Single,Low Risk
32,1,-0.963095800797914,2,4,1862,3,0.7926600716368035,2,2,2,0.7232919293737606,1.6686279956857877,7,12,3,3,0,7,3,2,2,2,2,2,False,True,False,True,False,True,False,False,False,True,False,False,False,False,False,False,True,False,False,True,True,26-35,Low Salary,Mid Level,New Employee,0.07,Travel Rarely,Sales,Marketing,Male,Sales Executive,Single,High Risk
46,0,1.280491717792505,3,3,1863,1,-1.0279810304039791,4,4,1,1.4282960958251005,-0.9239306424432613,2,12,3,4,1,25,5,3,19,17,2,8,False,True,False,True,False,False,False,False,True,False,False,False,False,False,False,False,True,False,False,False,False,46-55,Low Salary,Executive Level,Loyal Employee,0.0,Travel Rarely,Sales,Technical Degree,Female,Sales Executive,Divorced,Low Risk
27,0,-0.18465770042510563,23,1,1864,2,-1.4708396768463317,2,2,3,-0.6295596462126413,-1.0252606569763043,1,21,4,4,1,9,5,3,9,8,5,8,False,True,False,True,False,False,True,False,False,False,False,False,False,False,False,False,False,True,True,False,False,26-35,,Mid Level,Experienced Employee,0.0,Travel Rarely,Sales,Medical,Female,Sales Representative,Married,Low Risk
29,0,-1.1168001390880864,6,1,1865,4,1.038692652993666,2,1,2,-0.7859439338884057,0.15753185662992308,1,11,3,4,0,1,3,3,1,0,0,0,False,True,False,False,False,False,True,False,False,True,True,False,False,False,False,False,False,False,True,False,False,26-35,,Entry Level,New Employee,0.0,Travel Rarely,Human Resources,Medical,Male,Human Resources,Married,Low Risk
43,0,0.0508570114711262,6,3,1866,1,0.743453555365431,2,5,3,2.7386519410648273,1.1560752037273856,7,13,3,4,0,21,2,3,16,12,6,14,False,True,True,False,False,False,True,False,False,False,False,False,True,False,False,False,False,False,True,False,False,36-45,Low Salary,Executive Level,Loyal Employee,0.0,Travel Rarely,Research & Development,Medical,Female,Manager,Married,Low Risk
48,0,1.0449770058962733,10,3,1867,4,1.235518718079156,2,5,2,2.796658612988039,-0.10260941507695985,4,12,3,4,0,29,3,3,22,10,12,9,False,True,True,False,True,False,False,False,False,True,False,False,False,False,True,False,False,False,True,False,False,46-55,Low Salary,Executive Level,Veteran Employee,0.0,Travel Rarely,Research & Development,Life Sciences,Male,Research Director,Married,Low Risk
29,1,-0.8515362004260147,24,2,1868,4,0.349801425194451,2,1,4,-0.8634986417710877,0.061823479518962915,1,24,4,2,0,1,3,2,1,0,1,0,True,False,True,False,True,False,False,False,False,True,False,False,False,False,False,True,False,False,False,True,True,26-35,,Entry Level,New Employee,0.07,Travel Frequently,Research & Development,Life Sciences,Male,Research Scientist,Single,Medium Risk
46,1,1.1193500728108727,10,3,1869,3,-0.09305722124790157,3,3,2,0.17233478542911787,-0.042457894660673574,5,21,4,3,3,14,2,3,8,7,0,7,False,True,False,True,True,False,False,False,False,False,False,False,False,False,False,False,True,False,True,False,False,46-55,Low Salary,Senior Level,Experienced Employee,0.07,Travel Rarely,Sales,Life Sciences,Female,Sales Executive,Married,Low Risk
27,0,0.8144204984610147,15,3,1870,4,0.5466274902799411,2,1,1,-0.3673609899736559,1.339481124622838,0,19,3,4,1,8,2,2,7,6,7,3,True,False,True,False,True,False,False,False,False,False,False,False,False,False,False,True,False,False,True,False,False,26-35,,Mid Level,Experienced Employee,0.0,Travel Frequently,Research & Development,Life Sciences,Female,Research Scientist,Married,Medium Risk
39,0,0.08060623823696601,19,4,1871,4,-1.2248070954894692,3,2,4,-0.5526423742851594,-1.289055993007541,8,14,3,2,3,7,2,3,2,2,2,2,False,True,True,False,False,False,False,True,False,True,False,False,False,False,False,True,False,False,False,False,False,36-45,,Mid Level,New Employee,0.0,Travel Rarely,Research & Development,Other,Male,Research Scientist,Divorced,Low Risk
55,0,0.08308534046745267,2,4,1873,2,1.5799643319787637,2,1,4,-0.816115902434545,-0.8907629816529725,8,20,4,2,1,19,2,4,5,2,0,4,False,True,True,False,False,False,False,False,True,True,False,False,False,False,False,True,False,False,True,False,False,46-55,,Senior Level,Junior Employee,0.0,Travel Rarely,Research & Development,Technical Degree,Male,Research Scientist,Married,Low Risk
28,0,0.9160636899109673,3,3,1875,2,0.5958340065513135,3,1,2,-0.7748950439982701,-1.4926998086224916,1,19,3,4,1,1,3,3,1,0,0,0,False,True,False,True,False,False,True,False,False,False,False,False,False,False,False,False,False,True,True,False,False,26-35,,Entry Level,New Employee,0.0,Travel Rarely,Sales,Medical,Female,Sales Representative,Married,Low Risk
30,1,0.35330748359049763,9,3,1876,2,1.137105685536411,3,1,4,-1.1520446508250117,0.23974830392788446,1,13,3,3,0,1,3,2,1,0,0,0,False,True,False,True,False,False,True,False,False,True,False,False,False,False,False,False,False,True,False,True,False,26-35,,Entry Level,New Employee,0.07,Travel Rarely,Sales,Medical,Male,Sales Representative,Single,Medium Risk
22,1,-1.020115152099107,7,1,1878,4,0.448214457737196,3,1,2,-0.8564868462638864,1.655417147743893,1,23,4,1,0,1,2,3,1,0,0,0,False,True,True,False,True,False,False,False,False,True,False,False,False,False,False,True,False,False,False,True,True,18-25,,Entry Level,New Employee,0.07,Travel Rarely,Research & Development,Life Sciences,Male,Research Scientist,Single,High Risk
36,0,1.1490992995767126,10,4,1880,2,-0.14226373751927407,2,2,3,-0.17634268206535134,-1.159898873235188,1,13,3,1,1,10,4,3,10,9,1,7,False,True,False,True,False,False,False,False,True,False,False,False,False,False,False,False,True,False,True,False,True,36-45,,Mid Level,Experienced Employee,0.0,Travel Rarely,Sales,Technical Degree,Female,Sales Executive,Married,Medium Risk
31,0,-1.218443330538039,20,3,1881,2,1.137105685536411,3,2,3,-0.48996117202381356,0.6058574410410288,1,11,3,1,1,10,2,3,10,8,0,2,False,True,True,False,True,False,False,False,False,True,False,True,False,False,False,False,False,False,False,False,False,26-35,,Mid Level,Experienced Employee,0.0,Travel Rarely,Research & Development,Life Sciences,Male,Laboratory Technician,Divorced,Low Risk
34,0,1.6796271769008557,4,3,1882,3,-0.09305722124790157,3,3,4,0.6820710709374858,1.4238056859540804,2,13,3,4,3,9,3,3,5,3,1,0,False,True,False,True,True,False,False,False,False,True,False,False,False,False,False,False,True,False,True,False,True,26-35,Low Salary,Mid Level,Junior Employee,0.0,Travel Rarely,Sales,Life Sciences,Male,Sales Executive,Married,Medium Risk
29,0,-0.5218156037712901,7,3,1883,4,-0.3390898026047641,3,1,1,-0.9436030934745703,0.7126685520606025,3,14,3,2,0,11,2,3,3,2,1,2,False,True,True,False,True,False,False,False,False,True,False,True,False,False,False,False,False,False,False,True,False,26-35,,Senior Level,Junior Employee,0.0,Travel Rarely,Research & Development,Life Sciences,Male,Laboratory Technician,Single,Low Risk
37,0,-0.04830707774833983,7,4,1885,4,0.5958340065513135,3,2,1,-0.4714755293230099,-0.1019067103991995,5,22,4,3,1,16,2,3,5,3,0,4,False,True,True,False,False,False,True,False,False,True,False,False,False,False,False,True,False,False,True,False,True,36-45,,Senior Level,Junior Employee,0.0,Travel Rarely,Research & Development,Medical,Male,Research Scientist,Married,High Risk
35,0,-1.446520735742811,16,2,1886,4,-1.0771875466753518,2,2,2,-0.3643862888493887,1.5564763291152353,0,11,3,4,0,4,2,3,3,2,0,2,False,True,True,False,False,False,False,True,False,False,False,False,False,True,False,False,False,False,True,False,True,26-35,,Entry Level,Junior Employee,0.0,Travel Rarely,Research & Development,Other,Female,Manufacturing Director,Married,High Risk
45,0,-0.6110632840688096,25,2,1888,2,1.333931750621901,2,2,4,-0.12683515621147484,1.3456649257871292,0,13,3,4,2,10,2,2,9,8,3,8,False,True,True,False,True,False,False,False,False,False,False,False,False,True,False,False,False,False,True,False,False,36-45,,Mid Level,Experienced Employee,0.0,Travel Rarely,Research & Development,Life Sciences,Female,Manufacturing Director,Married,Medium Risk
36,0,1.01770688136092,2,1,1890,2,1.3831382668932737,2,2,4,-0.5560420327128933,-1.4180725718443419,1,21,4,4,0,10,2,2,10,1,0,8,True,False,False,False,False,False,False,False,False,True,True,False,False,False,False,False,False,False,False,True,False,36-45,,Mid Level,Experienced Employee,0.0,Travel Frequently,Human Resources,Human Resources,Male,Human Resources,Single,Medium Risk
40,0,0.8292951118439346,1,4,1892,1,1.5799643319787637,3,4,1,2.192794284761786,0.6574359643886387,2,11,3,1,1,22,3,3,19,7,11,16,False,True,True,False,True,False,False,False,False,True,False,False,True,False,False,False,False,False,False,False,False,36-45,Low Salary,Executive Level,Loyal Employee,0.0,Travel Rarely,Research & Development,Life Sciences,Male,Manager,Divorced,Low Risk
26,0,-0.7945168491248218,1,2,1893,2,1.1863122018077836,2,1,3,-0.7585341878148002,0.08360732452953387,1,13,3,3,1,1,3,2,1,0,1,0,False,True,True,False,True,False,False,False,False,False,False,False,False,False,False,True,False,False,True,False,True,26-35,,Entry Level,New Employee,0.0,Travel Rarely,Research & Development,Life Sciences,Female,Research Scientist,Married,Medium Risk
27,0,-0.7226228844407089,2,2,1898,1,1.137105685536411,4,2,3,-0.000622837081849785,1.782606694418517,0,14,3,2,0,9,5,2,8,7,0,7,False,True,False,True,False,False,True,False,False,False,False,False,False,False,False,False,True,False,False,True,False,26-35,,Mid Level,Experienced Employee,0.0,Travel Rarely,Sales,Medical,Female,Sales Executive,Single,Medium Risk
48,0,-1.6993891632524494,22,3,1900,4,-0.3882963188761366,3,4,4,2.2673742915202006,-1.6690786827403403,3,11,3,2,1,24,3,3,22,17,4,7,True,False,True,False,False,False,True,False,False,False,False,False,True,False,False,False,False,False,False,False,False,46-55,Low Salary,Executive Level,Veteran Employee,0.0,Travel Frequently,Research & Development,Medical,Female,Manager,Divorced,Low Risk
44,0,-1.5679967450366568,1,4,1903,2,0.5958340065513135,4,2,1,-0.3123290191747117,-0.6955516221711463,2,15,3,4,1,10,5,3,2,0,2,2,False,True,True,False,True,False,False,False,False,True,False,False,False,False,False,False,False,False,True,False,False,36-45,,Mid Level,New Employee,0.0,Travel Rarely,Research & Development,Life Sciences,Male,Healthcare Representative,Married,Low Risk
34,1,0.40784773266120394,16,4,1905,4,0.9402796204509211,1,1,1,-0.8915458237998933,0.020644985402206186,1,23,4,2,1,5,2,3,5,2,3,0,False,False,True,False,False,False,False,False,True,True,False,False,False,False,False,True,False,False,True,False,True,26-35,,Entry Level,Junior Employee,0.07,Non-Travel,Research & Development,Technical Degree,Male,Research Scientist,Married,High Risk
56,1,0.8912726676061008,24,2,1907,1,1.5307578157073911,3,1,4,-0.8320518013145481,-0.5694864029809389,1,16,3,4,0,5,3,3,4,2,1,0,False,True,True,False,True,False,False,False,False,True,False,True,False,False,False,False,False,False,False,True,False,55+,,Entry Level,Junior Employee,0.07,Travel Rarely,Research & Development,Life Sciences,Male,Laboratory Technician,Single,Low Risk
36,0,-1.1589448770063595,17,2,1908,3,-1.6184592256604493,2,2,2,-0.21161413825309167,0.35260267517619726,2,16,3,3,2,12,1,1,4,2,1,3,False,True,False,True,False,True,False,False,False,True,False,False,False,False,False,False,True,False,True,False,False,36-45,,Senior Level,Junior Employee,0.0,Travel Rarely,Sales,Marketing,Male,Sales Executive,Married,Medium Risk
41,0,-1.1539866725453862,8,3,1909,3,-0.5851223839616266,3,2,2,-0.448315356284072,1.760682308472394,5,21,4,3,1,14,3,3,5,4,1,4,False,True,False,True,False,True,False,False,False,False,False,False,False,False,False,False,True,False,True,False,False,36-45,,Senior Level,Junior Employee,0.0,Travel Rarely,Sales,Marketing,Female,Sales Executive,Married,Low Risk
42,0,1.4713825895399772,6,3,1911,3,0.841866587908176,3,3,1,1.4544309699883058,0.07433162278309721,9,13,3,2,1,18,3,4,13,7,5,7,False,True,True,False,False,False,True,False,False,True,False,False,False,False,True,False,False,False,True,False,False,36-45,Low Salary,Senior Level,Loyal Employee,0.0,Travel Rarely,Research & Development,Medical,Male,Research Director,Married,Low Risk
31,0,0.6855071824757089,10,2,1912,3,0.9894861367222936,3,2,4,0.017012891012020383,0.8154039759491662,2,11,3,4,1,8,2,3,5,2,1,4,False,True,False,True,False,False,True,False,False,False,False,False,False,False,False,False,True,False,False,False,True,26-35,Low Salary,Mid Level,Junior Employee,0.0,Travel Rarely,Sales,Medical,Female,Sales Executive,Divorced,Medium Risk
34,0,-0.16730398481169909,3,1,1915,4,0.448214457737196,2,2,4,0.3399804416467512,0.30664578925067015,3,12,3,3,0,9,3,2,4,2,0,1,False,True,False,True,False,False,True,False,False,False,False,False,False,False,False,False,True,False,True,False,True,26-35,Low Salary,Mid Level,Junior Employee,0.0,Travel Rarely,Sales,Medical,Female,Sales Executive,Married,Medium Risk
31,0,-0.821786973660175,4,3,1916,1,-0.19147025379064658,4,1,3,-0.5364939967534228,0.24143479515450933,8,12,3,2,1,4,0,2,2,2,2,2,False,True,True,False,False,False,True,False,False,False,False,True,False,False,False,False,False,False,False,False,False,26-35,,Entry Level,New Employee,0.0,Travel Rarely,Research & Development,Medical,Female,Laboratory Technician,Divorced,Medium Risk
26,0,0.7276519203939819,6,3,1918,3,-0.2406767700620191,4,1,4,-0.8411883833390833,-1.0134552183899304,0,18,3,1,1,8,3,3,7,7,7,7,True,False,True,False,False,False,False,True,False,True,False,True,False,False,False,False,False,False,True,False,False,26-35,,Mid Level,Experienced Employee,0.0,Travel Frequently,Research & Development,Other,Male,Laboratory Technician,Married,Low Risk
45,0,1.2259514687217987,1,4,1922,2,-1.0771875466753518,3,2,3,-0.23456183264029623,0.027812573115361793,4,12,3,3,0,12,3,3,4,2,0,3,True,False,True,False,False,False,True,False,False,True,False,False,False,False,False,False,False,False,False,True,False,36-45,,Senior Level,Junior Employee,0.0,Travel Frequently,Research & Development,Medical,Male,Healthcare Representative,Single,Low Risk
33,0,-1.4514789402037842,10,4,1924,2,-1.1263940629467242,3,2,3,-0.2158637112877592,-0.5485458035836803,1,14,3,2,0,10,2,2,10,4,0,9,False,True,False,True,False,True,False,False,False,True,False,False,False,False,False,False,True,False,False,True,False,26-35,,Mid Level,Experienced Employee,0.0,Travel Rarely,Sales,Marketing,Male,Sales Executive,Single,Medium Risk
28,0,-0.04830707774833983,1,2,1927,3,-1.1756005792180968,2,2,4,0.07034503259709764,0.6945387713743854,1,12,3,3,1,7,2,3,7,7,0,7,True,False,False,True,True,False,False,False,False,True,False,False,False,False,False,False,True,False,True,False,True,26-35,Low Salary,Mid Level,Experienced Employee,0.0,Travel Frequently,Sales,Life Sciences,Male,Sales Executive,Married,Medium Risk
29,1,-0.14003386027634593,24,3,1928,3,-1.0279810304039791,4,1,1,-1.149919864307678,-0.5159403065355999,1,17,3,4,0,1,3,3,1,0,0,0,True,False,False,True,False,False,False,False,True,True,False,False,False,False,False,False,False,True,False,True,False,26-35,,Entry Level,New Employee,0.07,Travel Frequently,Sales,Technical Degree,Male,Sales Representative,Single,Low Risk
39,0,1.1119127661194128,21,4,1929,1,-1.6676657419318217,1,2,3,-0.16295652700614868,-1.4512402326346308,6,19,3,3,1,10,1,3,3,2,1,2,False,False,False,True,True,False,False,False,False,False,False,False,False,False,False,False,True,False,True,False,False,36-45,,Mid Level,Junior Employee,0.0,Non-Travel,Sales,Life Sciences,Female,Sales Executive,Married,Low Risk
27,0,1.367260295859538,2,4,1931,2,-1.2248070954894692,3,1,2,-0.9087565945902967,-1.158071841073011,1,11,3,3,1,6,3,2,5,3,1,2,False,True,True,False,False,False,False,False,True,True,False,False,False,False,False,True,False,False,True,False,False,26-35,,Mid Level,Junior Employee,0.0,Travel Rarely,Research & Development,Technical Degree,Male,Research Scientist,Married,Medium Risk
34,0,-0.16730398481169909,22,4,1932,3,0.9894861367222936,2,2,4,-0.16061926183708156,1.7121956857069296,1,15,3,2,0,16,3,3,15,10,6,11,True,False,True,False,False,False,False,True,False,True,False,False,False,False,False,True,False,False,True,False,True,26-35,,Senior Level,Loyal Employee,0.0,Travel Frequently,Research & Development,Other,Male,Research Scientist,Married,Medium Risk
28,1,1.6672316657484225,13,2,1933,4,0.8910731041795485,3,2,3,0.7120305608318916,1.2703349843312193,3,11,3,4,0,6,0,3,2,0,2,2,False,True,False,True,False,True,False,False,False,False,False,False,False,False,False,False,True,False,False,True,True,26-35,Low Salary,Mid Level,New Employee,0.07,Travel Rarely,Sales,Marketing,Female,Sales Executive,Single,Medium Risk
47,0,0.9086263832195074,14,4,1934,3,-0.09305722124790157,3,2,2,-0.2201132843224267,-1.7129274546325863,8,18,3,3,1,16,4,4,8,7,1,7,False,False,True,False,False,False,False,False,True,True,False,False,False,False,False,True,False,False,True,False,False,46-55,,Senior Level,Experienced Employee,0.0,Non-Travel,Research & Development,Technical Degree,Male,Research Scientist,Married,Low Risk
56,0,1.5879003943728498,11,5,1935,4,1.137105685536411,2,2,1,-0.23859892702323035,0.8453391952217573,4,16,3,3,1,6,3,3,0,0,0,0,False,True,False,True,False,True,False,False,False,False,False,False,False,False,False,False,True,False,True,False,False,55+,,Mid Level,,0.0,Travel Rarely,Sales,Marketing,Female,Sales Executive,Married,Low Risk
39,0,0.15993750961253883,9,2,1936,1,1.038692652993666,3,2,1,-0.28725653827017333,-0.28081532135698556,1,25,4,4,1,10,3,3,10,0,7,9,False,True,True,False,False,False,True,False,False,True,False,False,False,True,False,False,False,False,True,False,False,36-45,,Mid Level,Experienced Employee,0.0,Travel Rarely,Research & Development,Medical,Male,Manufacturing Director,Married,Low Risk
38,0,1.4664243850790037,8,3,1937,4,-0.3882963188761366,2,2,2,-0.9285171092015007,0.5343221048450247,1,16,3,3,1,20,3,3,20,11,0,7,True,False,True,False,False,False,True,False,False,False,False,False,False,False,False,True,False,False,False,False,True,36-45,,Senior Level,Loyal Employee,0.0,Travel Frequently,Research & Development,Medical,Female,Research Scientist,Divorced,High Risk
58,0,-0.48958727477496367,21,3,1938,4,0.3005949089230785,3,4,4,2.4163218263852966,-0.3586749996528327,4,13,3,3,1,29,2,2,1,0,0,0,False,True,False,True,True,False,False,False,False,False,False,False,True,False,False,False,False,False,True,False,True,55+,Low Salary,Executive Level,New Employee,0.0,Travel Rarely,Sales,Life Sciences,Female,Manager,Married,Medium Risk
32,1,-1.3994177933635645,5,2,1939,1,-0.9295679978612341,4,1,3,-0.8649859923332214,0.14122910810588288,3,14,3,1,0,8,2,3,4,1,0,3,True,False,True,False,True,False,False,False,False,False,False,False,False,False,False,True,False,False,False,True,True,26-35,,Mid Level,Junior Employee,0.07,Travel Frequently,Research & Development,Life Sciences,Female,Research Scientist,Single,Medium Risk
38,0,1.0003531657475135,9,2,1940,2,0.251388392651706,3,1,4,-0.36799842592885607,-0.0028253508349896273,2,19,3,4,2,10,0,4,5,2,0,3,False,True,True,False,True,False,False,False,False,True,False,False,False,False,False,True,False,False,False,False,False,36-45,,Mid Level,Junior Employee,0.0,Travel Rarely,Research & Development,Life Sciences,Male,Research Scientist,Divorced,Low Risk
49,0,0.648320649018409,2,1,1941,2,-1.1756005792180968,3,5,4,2.6895693725144176,-0.0808255700663889,3,15,3,4,0,28,3,3,5,4,4,3,True,False,True,False,True,False,False,False,False,True,False,False,False,False,True,False,False,False,True,False,False,46-55,Low Salary,Executive Level,Junior Employee,0.0,Travel Frequently,Research & Development,Life Sciences,Male,Research Director,Married,Low Risk
42,0,-0.9507002896454807,12,4,1943,2,0.5466274902799411,3,2,4,-0.3008551719811094,-1.6040082295797315,3,12,3,3,2,14,4,3,0,0,0,0,False,True,False,True,False,True,False,False,False,True,False,False,False,False,False,False,True,False,False,False,True,36-45,,Senior Level,,0.0,Travel Rarely,Sales,Marketing,Male,Sales Executive,Divorced,Medium Risk
27,1,1.3251155579412648,22,3,1944,1,-0.3882963188761366,2,1,2,-0.7734076934361366,0.7367010520400066,1,12,3,1,0,1,2,3,1,0,0,0,True,False,False,False,False,False,False,False,False,False,True,False,False,False,False,False,False,False,True,False,False,26-35,,Entry Level,New Employee,0.07,Travel Frequently,Human Resources,Human Resources,Female,Human Resources,Married,Low Risk
35,0,-0.29869640302749156,18,4,1945,2,0.251388392651706,3,2,1,-0.20014029105948938,0.23356450276359336,0,16,3,4,1,6,2,1,5,3,0,4,False,True,False,True,False,False,True,False,False,True,False,False,False,False,False,False,True,False,True,False,False,26-35,,Mid Level,Junior Employee,0.0,Travel Rarely,Sales,Medical,Male,Sales Executive,Married,Medium Risk
28,0,0.7450056360073884,16,3,1947,3,-0.8311549653184892,3,1,3,-0.9261798440324335,-1.7133490774392426,1,14,3,3,0,5,3,2,5,3,1,4,False,False,True,False,False,False,True,False,False,True,False,False,False,False,False,True,False,False,False,True,False,26-35,,Entry Level,Junior Employee,0.0,Non-Travel,Research & Development,Medical,Male,Research Scientist,Single,Medium Risk
31,0,0.43015965273558376,3,2,1948,3,-0.8803614815898617,3,1,1,-0.7304870057859947,-1.4501159051502142,1,13,3,4,1,4,3,4,4,2,2,3,False,False,True,False,False,False,True,False,False,True,False,False,False,False,False,True,False,False,False,False,True,26-35,,Entry Level,Junior Employee,0.0,Non-Travel,Research & Development,Medical,Male,Research Scientist,Divorced,High Risk
36,0,1.3598229891680778,9,4,1949,1,0.005355811294843447,4,1,2,-0.7846690619780055,-0.7132597800507072,1,22,4,2,0,5,3,3,5,4,0,2,False,False,True,False,True,False,False,False,False,True,False,True,False,False,False,False,False,False,True,False,False,36-45,,Entry Level,Junior Employee,0.0,Non-Travel,Research & Development,Life Sciences,Male,Laboratory Technician,Married,Low Risk
34,0,0.3334746657466044,1,3,1950,1,-1.6676657419318217,3,3,4,0.7192548349908264,-1.0601148089932177,1,21,4,1,0,14,3,2,14,8,2,1,False,True,False,True,False,True,False,False,False,True,False,False,False,False,False,False,True,False,False,True,False,26-35,Low Salary,Senior Level,Loyal Employee,0.0,Travel Rarely,Sales,Marketing,Male,Sales Executive,Single,Medium Risk
34,0,1.082163539353573,13,4,1951,4,-1.3232201280322142,3,3,3,0.4515317338067733,1.2087780545594122,1,18,3,3,1,9,2,2,8,7,1,1,False,True,False,True,False,False,True,False,False,True,False,False,False,False,False,False,True,False,False,False,False,26-35,Low Salary,Mid Level,Experienced Employee,0.0,Travel Rarely,Sales,Medical,Male,Sales Executive,Divorced,Medium Risk
26,0,-1.6002250740329833,1,3,1952,3,1.432344783164646,3,1,1,-0.7725577788292031,0.8000850139739905,0,13,3,4,0,8,6,2,7,7,7,6,False,True,True,False,False,False,True,False,False,True,False,True,False,False,False,False,False,False,False,True,False,26-35,,Mid Level,Experienced Employee,0.0,Travel Rarely,Research & Development,Medical,Male,Laboratory Technician,Single,Medium Risk
29,0,-1.652286220873203,1,3,1954,1,1.137105685536411,3,2,1,-0.240086277585364,-1.1367096188690964,0,12,3,1,1,6,5,2,5,3,0,2,False,True,True,False,True,False,False,False,False,True,False,False,False,False,False,False,False,False,True,False,False,26-35,,Mid Level,Junior Employee,0.0,Travel Rarely,Research & Development,Life Sciences,Male,Healthcare Representative,Married,Medium Risk
32,0,0.8516070319183144,15,4,1955,3,-1.5692527093890767,3,2,4,0.03486109775762392,0.3132512132216175,5,18,3,2,1,9,6,3,5,1,1,2,False,False,True,False,False,False,True,False,False,False,False,False,False,False,False,False,False,False,False,False,False,26-35,Low Salary,Mid Level,Junior Employee,0.0,Non-Travel,Research & Development,Medical,Female,Healthcare Representative,Divorced,Low Risk
31,0,0.7995458850780948,1,3,1956,4,-0.8803614815898617,1,2,1,-0.31870337872671295,-1.2005152036097364,1,21,4,2,0,10,6,3,10,8,8,7,True,False,True,False,True,False,False,False,False,True,False,False,False,False,False,True,False,False,True,False,False,26-35,,Mid Level,Experienced Employee,0.0,Travel Frequently,Research & Development,Life Sciences,Male,Research Scientist,Married,Low Risk
28,1,1.4912154073838704,17,3,1960,3,-1.6676657419318217,2,1,4,-0.8787971046958908,0.6276412860515997,5,12,3,1,1,6,2,2,4,1,0,3,False,True,True,False,False,False,False,False,True,True,False,True,False,False,False,False,False,False,False,False,False,26-35,,Mid Level,Junior Employee,0.07,Travel Rarely,Research & Development,Technical Degree,Male,Laboratory Technician,Divorced,Medium Risk
38,0,1.4912154073838704,1,3,1961,1,-0.3390898026047641,2,1,1,-0.7744700866948034,-0.3991507890918291,4,14,3,1,0,20,3,2,1,0,0,0,False,True,False,True,True,False,False,False,False,True,False,False,False,False,False,False,False,True,False,True,False,36-45,,Senior Level,New Employee,0.0,Travel Rarely,Sales,Life Sciences,Male,Sales Representative,Single,Medium Risk
35,0,1.0449770058962733,7,4,1962,3,-0.5359158676902541,3,2,4,-0.27599516972830446,-0.10218779227030364,1,11,3,4,0,10,2,3,10,8,0,9,False,True,False,True,True,False,False,False,False,False,False,False,False,False,False,False,True,False,True,False,True,26-35,,Mid Level,Experienced Employee,0.0,Travel Rarely,Sales,Life Sciences,Female,Sales Executive,Married,Medium Risk
27,0,0.37561940366487745,9,3,1965,4,-1.0771875466753518,3,2,4,-0.5095092079832841,-1.294958712300728,1,14,3,1,0,7,5,3,7,7,0,7,False,True,False,True,False,True,False,False,False,True,False,False,False,False,False,False,True,False,False,True,False,26-35,,Mid Level,Experienced Employee,0.0,Travel Rarely,Sales,Marketing,Male,Sales Executive,Single,Low Risk
32,0,1.4143632382387843,5,4,1966,4,-0.4867093514188816,2,2,4,0.674846796778551,-0.5867729380538436,8,24,4,2,0,8,1,3,1,0,0,0,False,True,True,False,True,False,False,False,False,True,False,False,False,True,False,False,False,False,False,True,False,26-35,Low Salary,Mid Level,New Employee,0.0,Travel Rarely,Research & Development,Life Sciences,Male,Manufacturing Director,Single,Low Risk
31,1,-0.1202010424324527,26,4,1967,1,-0.14226373751927407,3,2,4,-0.18824148656242037,0.9503232740791541,1,11,3,3,0,10,4,3,10,7,0,8,True,False,False,True,False,True,False,False,False,True,False,False,False,False,False,False,True,False,True,False,True,26-35,,Mid Level,Experienced Employee,0.07,Travel Frequently,Sales,Marketing,Male,Sales Executive,Married,Medium Risk
53,1,0.9061472809890208,24,4,1968,1,0.005355811294843447,3,3,1,0.8382428799615167,-1.1903962562499875,6,13,3,2,0,15,2,2,2,2,2,2,False,True,False,True,True,False,False,False,False,True,False,False,False,False,False,False,True,False,False,True,True,46-55,Low Salary,Senior Level,New Employee,0.07,Travel Rarely,Sales,Life Sciences,Male,Sales Executive,Single,High Risk
54,0,-1.6051832784939566,9,2,1969,1,0.05456232756621595,3,2,3,-0.7661834192772018,1.146940042916501,3,11,3,3,2,9,6,2,4,3,2,3,False,True,True,False,True,False,False,False,False,False,False,False,False,False,False,True,False,False,True,False,False,46-55,,Mid Level,Junior Employee,0.0,Travel Rarely,Research & Development,Life Sciences,Female,Research Scientist,Married,Medium Risk
33,0,1.2408260821047186,7,2,1970,4,-1.4708396768463317,3,2,3,-0.11366147980400555,0.5292626311651502,1,20,4,3,3,9,2,3,9,7,2,8,True,False,True,False,True,False,False,False,False,True,False,False,False,False,False,False,False,False,False,False,False,26-35,,Mid Level,Experienced Employee,0.0,Travel Frequently,Research & Development,Life Sciences,Male,Healthcare Representative,Divorced,Low Risk
43,0,-0.5664394439200499,11,3,1971,1,-1.7660787744745667,3,3,3,0.21398060116885947,0.3597702628893529,1,17,3,2,1,10,1,3,10,9,0,9,False,True,True,False,True,False,False,False,False,True,False,False,False,False,False,False,False,False,True,False,False,36-45,Low Salary,Mid Level,Experienced Employee,0.0,Travel Rarely,Research & Development,Life Sciences,Male,Healthcare Representative,Married,Low Risk
38,0,1.5903794966033364,1,4,1972,4,1.0878991692650386,3,1,2,-0.7462104260142645,-1.2773910953567191,0,11,3,2,1,7,2,3,6,2,1,2,True,False,False,False,False,False,False,True,False,True,True,False,False,False,False,False,False,False,True,False,True,36-45,,Mid Level,Experienced Employee,0.0,Travel Frequently,Human Resources,Other,Male,Human Resources,Married,High Risk
55,0,-1.5208938026574104,26,4,1973,3,0.251388392651706,4,5,2,2.790496732087771,1.615925144853761,4,18,3,1,1,35,0,3,10,9,1,4,False,True,False,False,False,False,False,False,False,True,False,False,True,False,False,False,False,False,True,False,True,46-55,Low Salary,Executive Level,Experienced Employee,0.0,Travel Rarely,Human Resources,Human Resources,Male,Manager,Married,High Risk
31,0,1.173890321881579,2,1,1974,4,-0.3390898026047641,1,1,4,-1.1418456755418096,0.4529489031603758,1,11,3,3,3,1,4,3,1,0,0,0,False,True,True,False,False,False,True,False,False,False,False,True,False,False,False,False,False,False,False,False,True,26-35,,Entry Level,New Employee,0.0,Travel Rarely,Research & Development,Medical,Female,Laboratory Technician,Divorced,Medium Risk
39,0,-1.694430958791476,15,4,1975,2,0.5466274902799411,3,4,1,1.452943619426172,1.5157194578051347,0,12,3,1,0,21,3,3,20,8,11,10,False,True,False,True,False,True,False,False,False,True,False,False,False,False,False,False,True,False,False,True,False,36-45,Low Salary,Executive Level,Loyal Employee,0.0,Travel Rarely,Sales,Marketing,Male,Sales Executive,Single,Low Risk
42,0,-1.1589448770063595,23,2,1976,4,-1.4216331605749593,2,2,3,-0.4612765540398079,0.06997485378098302,1,12,3,4,0,20,2,3,20,9,3,7,False,False,True,False,True,False,False,False,False,True,False,False,False,False,False,True,False,False,False,True,False,36-45,,Senior Level,Loyal Employee,0.0,Non-Travel,Research & Development,Life Sciences,Male,Research Scientist,Single,Low Risk
31,0,-0.2615098695701918,10,3,1979,3,-1.2740136117608418,3,3,3,0.9621179339220747,1.7636336681189875,4,20,4,3,1,13,2,4,11,7,4,8,False,False,True,False,False,False,True,False,False,False,False,False,False,False,True,False,False,False,True,False,False,26-35,Low Salary,Senior Level,Loyal Employee,0.0,Non-Travel,Research & Development,Medical,Female,Research Director,Married,Low Risk
54,0,-1.6002250740329833,10,3,1980,3,0.5466274902799411,3,2,1,-0.4383288596526033,1.5297735513603419,6,19,3,4,0,9,3,3,5,2,1,4,False,True,True,False,False,False,True,False,False,False,False,False,False,True,False,False,False,False,False,True,True,46-55,,Mid Level,Junior Employee,0.0,Travel Rarely,Research & Development,Medical,Female,Manufacturing Director,Single,High Risk
24,0,-0.07805630451417965,1,2,1981,2,-1.0279810304039791,2,2,3,-0.4007201382957959,-0.027138932685497864,1,12,3,2,0,4,2,2,4,3,1,2,False,True,True,False,True,False,False,False,False,True,False,False,False,False,False,False,False,False,False,True,False,18-25,,Entry Level,Junior Employee,0.0,Travel Rarely,Research & Development,Life Sciences,Male,Healthcare Representative,Single,Medium Risk
23,0,-0.5738767506115098,12,2,1982,4,0.5958340065513135,3,1,4,-0.8193030822105456,-0.09010127181282555,1,13,3,3,0,5,6,4,5,2,1,4,False,True,True,False,False,False,False,True,False,True,False,True,False,False,False,False,False,False,False,True,False,18-25,,Entry Level,Junior Employee,0.0,Travel Rarely,Research & Development,Other,Male,Laboratory Technician,Single,Low Risk
40,0,-0.27390538072262505,11,3,1985,4,0.349801425194451,3,2,3,-0.03823155843865725,1.7618066359568105,1,11,3,1,1,10,2,4,10,9,9,4,True,False,True,False,False,False,False,False,True,False,False,True,False,False,False,False,False,False,True,False,False,36-45,,Mid Level,Experienced Employee,0.0,Travel Frequently,Research & Development,Technical Degree,Female,Laboratory Technician,Married,Low Risk
40,0,-0.8887227338833145,2,2,1986,2,1.2847252343505287,3,2,2,-0.17549276745841783,-1.4131536391000195,3,14,3,3,1,15,4,3,11,8,5,10,False,True,False,True,False,True,False,False,False,False,False,False,False,False,False,False,True,False,True,False,False,36-45,,Senior Level,Loyal Employee,0.0,Travel Rarely,Sales,Marketing,Female,Sales Executive,Married,Low Risk
25,0,-1.2234015349990124,2,3,1987,3,0.7926600716368035,3,1,2,-0.9170432620078983,0.7507551455952137,4,14,3,3,0,6,3,3,2,0,1,2,False,True,False,False,False,False,False,False,False,False,True,False,False,False,False,False,False,False,True,False,False,18-25,,Mid Level,New Employee,0.0,Travel Rarely,Human Resources,Human Resources,Female,Human Resources,Married,Low Risk
30,0,0.26901800775395146,1,2,1989,4,0.4974209740085685,3,1,2,-0.5853640866520992,-1.4385915484349443,1,13,3,3,0,12,6,2,12,8,1,7,False,True,True,False,False,False,True,False,False,True,False,True,False,False,False,False,False,False,True,False,False,26-35,,Senior Level,Loyal Employee,0.0,Travel Rarely,Research & Development,Medical,Male,Laboratory Technician,Married,Medium Risk
25,0,0.43263875496607046,2,1,1992,4,-0.4375028351475091,3,1,3,-0.5367064754051563,-0.9859091950217245,6,19,3,3,1,7,2,2,2,2,0,2,False,True,True,False,False,False,False,True,False,True,False,True,False,False,False,False,False,False,False,False,True,18-25,,Mid Level,New Employee,0.0,Travel Rarely,Research & Development,Other,Male,Laboratory Technician,Divorced,Medium Risk
47,0,0.9358965077548606,25,3,1993,1,0.8910731041795485,3,3,3,0.45259412706544017,-0.17273934191744314,2,23,4,2,0,25,3,3,17,14,12,11,False,True,True,False,False,False,True,False,False,True,False,False,False,False,False,False,False,False,False,True,False,46-55,Low Salary,Executive Level,Loyal Employee,0.0,Travel Rarely,Research & Development,Medical,Male,Healthcare Representative,Single,Low Risk
33,0,1.2656171044095852,1,2,1994,2,-0.3390898026047641,2,1,3,-0.9550769406681726,0.8609392390680372,1,12,3,3,3,1,2,2,1,1,0,0,False,False,True,False,False,False,True,False,False,True,False,True,False,False,False,False,False,False,False,False,False,26-35,,Entry Level,New Employee,0.0,Non-Travel,Research & Development,Medical,Male,Laboratory Technician,Divorced,Medium Risk
38,0,1.2854499222534783,1,4,1995,4,0.9894861367222936,3,2,2,-0.4383288596526033,-0.9384063588051246,0,15,3,1,2,16,3,3,15,13,5,8,False,True,False,True,True,False,False,False,False,True,False,False,False,False,False,False,True,False,True,False,False,36-45,,Senior Level,Loyal Employee,0.0,Travel Rarely,Sales,Life Sciences,Male,Sales Executive,Married,Low Risk
31,0,0.8714398497622077,2,2,1996,1,-0.5851223839616266,3,1,3,-0.7300620484825279,-1.1130987416963485,0,19,3,3,1,3,1,3,2,2,1,2,False,True,False,True,True,False,False,False,False,True,False,False,False,False,False,False,False,True,True,False,False,26-35,,Entry Level,New Employee,0.0,Travel Rarely,Sales,Life Sciences,Male,Sales Representative,Married,Low Risk
38,0,-0.7300601911321688,6,4,1997,1,0.3005949089230785,2,2,3,-0.2511351674754995,-0.004090219254958264,2,11,3,4,1,10,1,3,8,3,7,7,True,False,True,False,True,False,False,False,False,True,False,False,False,True,False,False,False,False,True,False,False,36-45,,Mid Level,Experienced Employee,0.0,Travel Frequently,Research & Development,Life Sciences,Male,Manufacturing Director,Married,Low Risk
42,0,-0.608584181838323,18,4,1998,4,-1.5200461931177043,3,2,1,-0.2322245674712291,-0.4390644147886172,6,17,3,3,1,9,3,2,4,3,1,2,False,True,True,False,True,False,False,False,False,True,False,False,False,False,False,True,False,False,False,False,True,36-45,,Mid Level,Junior Employee,0.0,Travel Rarely,Research & Development,Life Sciences,Male,Research Scientist,Divorced,High Risk
41,0,-0.39786049224695763,1,3,1999,4,0.4974209740085685,3,1,4,-0.7906184642265399,0.9976855693602019,3,22,4,1,1,12,3,3,5,3,1,0,False,True,True,False,True,False,False,False,False,True,False,False,False,False,False,True,False,False,True,False,False,36-45,,Senior Level,Junior Employee,0.0,Travel Rarely,Research & Development,Life Sciences,Male,Research Scientist,Married,Low Risk
47,0,0.8912726676061008,1,1,2000,3,1.5799643319787637,3,3,2,1.1588731654271804,0.4100839178169942,0,18,3,1,2,14,3,1,13,8,5,12,False,False,True,False,False,False,True,False,False,False,False,False,False,False,True,False,False,False,True,False,False,46-55,Low Salary,Senior Level,Loyal Employee,0.0,Non-Travel,Research & Development,Medical,Female,Research Director,Married,Medium Risk
35,0,1.7044181992057224,11,4,2003,4,-1.1263940629467242,3,1,3,-0.8165408597380117,0.8318472654087585,7,11,3,3,1,5,3,3,2,2,2,2,False,True,True,False,False,False,True,False,False,True,False,True,False,False,False,False,False,False,True,False,True,26-35,,Entry Level,New Employee,0.0,Travel Rarely,Research & Development,Medical,Male,Laboratory Technician,Married,Medium Risk
22,0,-0.5490857283066433,1,2,2007,4,-0.14226373751927407,3,1,3,-0.6646186237486482,0.465316505488958,0,12,3,4,0,4,2,4,3,2,1,2,False,True,True,False,True,False,False,False,False,True,False,False,False,False,False,True,False,False,False,True,False,18-25,,Entry Level,Junior Employee,0.0,Travel Rarely,Research & Development,Life Sciences,Male,Research Scientist,Single,Low Risk
35,0,1.4689034873094906,9,4,2008,2,-0.8803614815898617,3,2,3,-0.29851790681204227,0.6162574702718819,1,19,3,2,0,10,5,3,10,7,0,8,False,True,True,False,False,False,True,False,False,True,False,False,False,False,False,True,False,False,False,True,False,26-35,,Mid Level,Experienced Employee,0.0,Travel Rarely,Research & Development,Medical,Male,Research Scientist,Single,Low Risk
33,0,-0.7474139067455754,15,2,2009,2,1.432344783164646,3,2,4,-0.34526321019338485,1.031555934828251,0,13,3,1,1,10,6,3,9,7,8,1,False,True,True,False,False,False,True,False,False,False,False,False,False,False,False,False,False,False,True,False,True,26-35,,Mid Level,Experienced Employee,0.0,Travel Rarely,Research & Development,Medical,Female,Healthcare Representative,Married,Medium Risk
32,0,-1.3275238286794517,29,4,2010,3,-0.8311549653184892,2,1,2,-0.7789321383812043,0.2256942103726774,1,13,3,3,0,6,3,3,6,2,4,1,False,True,True,False,True,False,False,False,False,False,False,True,False,False,False,False,False,False,False,True,False,26-35,,Mid Level,Experienced Employee,0.0,Travel Rarely,Research & Development,Life Sciences,Female,Laboratory Technician,Single,Low Risk
40,0,-0.643291613065136,1,4,2012,1,0.841866587908176,3,1,4,-0.8705104372782891,-1.4409807443393294,8,19,3,3,2,8,3,2,1,0,0,0,False,True,True,False,True,False,False,False,False,True,False,True,False,False,False,False,False,False,True,False,False,36-45,,Mid Level,New Employee,0.0,Travel Rarely,Research & Development,Life Sciences,Male,Laboratory Technician,Married,Medium Risk
32,0,-1.409334202285511,1,4,2013,2,0.10376884383758846,2,1,2,-0.8996200125657616,0.5215328797097863,0,14,3,2,1,3,2,3,2,2,2,2,False,True,False,True,False,False,True,False,False,True,False,False,False,False,False,False,False,True,True,False,False,26-35,,Entry Level,New Employee,0.0,Travel Rarely,Sales,Medical,Male,Sales Representative,Married,Low Risk
39,0,-1.701868265482936,24,1,2014,1,-0.6835354165043717,3,2,4,-0.508871772028084,-1.261088346832679,7,13,3,1,0,18,2,3,7,7,1,7,False,True,True,False,True,False,False,False,False,True,False,False,False,False,False,True,False,False,False,True,False,36-45,,Senior Level,Experienced Employee,0.0,Travel Rarely,Research & Development,Life Sciences,Male,Research Scientist,Single,Low Risk
38,0,-1.4911445758915707,10,3,2015,2,1.6291708482501361,1,3,3,1.4242590014421663,-1.5371107442569458,3,12,3,1,1,20,3,3,18,16,1,11,False,True,True,False,False,False,True,False,False,False,False,False,False,False,True,False,False,False,True,False,False,36-45,Low Salary,Senior Level,Loyal Employee,0.0,Travel Rarely,Research & Development,Medical,Female,Research Director,Married,Low Risk
32,0,-0.003683237599580119,1,4,2016,3,-0.8803614815898617,3,3,4,0.8327184350164489,1.3659028205066273,1,19,3,3,2,14,3,3,14,10,5,7,False,True,False,True,False,True,False,False,False,False,False,False,False,False,False,False,True,False,True,False,False,26-35,Low Salary,Senior Level,Loyal Employee,0.0,Travel Rarely,Sales,Marketing,Female,Sales Executive,Married,Low Risk
37,0,-1.5903086651110367,10,3,2017,3,-1.1756005792180968,4,3,4,1.5385725160747223,0.1627318712453497,1,25,4,1,1,16,2,3,16,11,6,8,False,True,True,False,True,False,False,False,False,False,False,False,False,False,True,False,False,False,True,False,True,36-45,Low Salary,Senior Level,Loyal Employee,0.0,Travel Rarely,Research & Development,Life Sciences,Female,Research Director,Married,Medium Risk
25,0,1.436675158313164,8,2,2018,1,0.9402796204509211,3,2,3,-0.339101329293117,-0.08841478058620071,0,22,4,2,1,6,3,2,5,3,0,4,False,True,False,True,False,False,False,True,False,False,False,False,False,False,False,False,True,False,False,False,True,18-25,,Mid Level,Junior Employee,0.0,Travel Rarely,Sales,Other,Female,Sales Executive,Divorced,Medium Risk
52,0,-0.5391693193846967,29,4,2019,1,-1.2740136117608418,3,1,4,-0.6418834080131771,0.7694470900236391,2,15,3,2,2,16,3,2,9,8,0,0,False,False,False,True,True,False,False,False,False,True,False,False,False,False,False,False,False,True,False,False,False,46-55,,Senior Level,Experienced Employee,0.0,Non-Travel,Sales,Life Sciences,Male,Sales Representative,Divorced,Medium Risk
44,0,0.5813848887952695,1,3,2020,2,-1.1756005792180968,3,1,4,-0.8641360777262879,-0.12523650570084324,6,12,3,3,0,6,2,3,4,3,1,2,False,True,True,False,False,False,True,False,False,True,False,False,False,False,False,True,False,False,False,True,True,36-45,,Mid Level,Junior Employee,0.0,Travel Rarely,Research & Development,Medical,Male,Research Scientist,Single,Medium Risk
21,0,-0.7474139067455754,5,1,2021,3,-0.3882963188761366,3,1,1,-0.8760348822233569,1.5692655542504736,1,11,3,4,0,2,6,3,2,2,1,2,False,True,False,True,False,False,True,False,False,True,False,False,False,False,False,False,False,True,False,True,True,18-25,,Entry Level,New Employee,0.0,Travel Rarely,Sales,Medical,Male,Sales Representative,Single,High Risk
39,0,-1.729138390018289,9,3,2022,4,1.038692652993666,3,5,4,2.746938608482429,0.13898045313704974,2,13,3,3,0,21,3,2,6,0,1,3,False,False,True,False,True,False,False,False,False,True,False,False,True,False,False,False,False,False,False,True,False,36-45,Low Salary,Executive Level,Experienced Employee,0.0,Non-Travel,Research & Development,Life Sciences,Male,Manager,Single,Medium Risk
23,1,-0.4077769011689042,9,3,2023,4,-1.6184592256604493,3,1,1,-1.0013972867460486,1.7768445160608821,1,19,3,1,1,1,3,2,1,0,1,0,True,False,False,True,False,True,False,False,False,True,False,False,False,False,False,False,False,True,True,False,False,18-25,,Entry Level,New Employee,0.07,Travel Frequently,Sales,Marketing,Male,Sales Representative,Married,Medium Risk
36,0,-0.608584181838323,3,3,2024,1,1.3831382668932737,2,3,4,0.2424527405011318,-0.22740976584719866,0,19,3,3,2,10,2,3,9,7,3,4,False,True,False,True,False,False,True,False,False,False,False,False,False,False,False,False,True,False,True,False,False,36-45,Low Salary,Mid Level,Experienced Employee,0.0,Travel Rarely,Sales,Medical,Female,Sales Executive,Married,Low Risk
36,0,-0.28382178964457166,4,2,2025,4,1.5307578157073911,3,2,2,-0.2915061113048409,-0.7197246630861025,7,13,3,2,3,18,3,3,4,2,0,2,True,False,True,False,True,False,False,False,False,False,False,False,False,True,False,False,False,False,False,False,False,36-45,,Senior Level,Junior Employee,0.0,Travel Frequently,Research & Development,Life Sciences,Female,Manufacturing Director,Divorced,Low Risk
56,0,-0.33588293648479134,1,4,2026,3,-0.4375028351475091,3,2,3,-0.041843695518124634,1.6756550424633911,1,21,4,1,1,13,2,2,13,12,1,9,False,False,True,False,True,False,False,False,False,True,False,False,False,False,False,False,False,False,False,False,False,55+,,Senior Level,Loyal Employee,0.0,Non-Travel,Research & Development,Life Sciences,Male,Healthcare Representative,Divorced,Medium Risk
29,1,0.7177355114720353,1,4,2027,1,-1.4708396768463317,3,1,4,-0.364598767501122,1.6599144576815592,9,14,3,2,3,4,3,4,2,2,2,2,False,True,True,False,False,False,True,False,False,True,False,False,False,False,False,True,False,False,True,False,True,26-35,,Entry Level,New Employee,0.07,Travel Rarely,Research & Development,Medical,Male,Research Scientist,Married,Medium Risk
42,0,-1.2457134550733922,2,3,2031,1,-0.4867093514188816,3,5,3,2.629862871377339,0.4214677335967119,5,11,3,1,0,24,2,2,22,6,4,14,False,True,True,False,True,False,False,False,False,True,False,False,True,False,False,False,False,False,True,False,False,36-45,Low Salary,Executive Level,Veteran Employee,0.0,Travel Rarely,Research & Development,Life Sciences,Male,Manager,Married,Medium Risk
56,1,-1.2209224327685257,7,2,2032,4,0.3005949089230785,3,1,3,-0.8847465069444252,-1.4963538729468453,8,11,3,4,1,14,4,1,10,9,9,8,False,True,True,False,False,False,False,False,True,True,False,True,False,False,False,False,False,False,True,False,False,55+,,Senior Level,Experienced Employee,0.07,Travel Rarely,Research & Development,Technical Degree,Male,Laboratory Technician,Married,Medium Risk
41,0,-0.5466066260761566,28,4,2034,1,-0.2898832863333916,2,4,2,1.501601230673115,-1.2189260661670578,0,23,4,3,1,21,3,3,20,7,0,10,False,True,True,False,True,False,False,False,False,False,False,False,False,True,False,False,False,False,True,False,False,36-45,Low Salary,Executive Level,Loyal Employee,0.0,Travel Rarely,Research & Development,Life Sciences,Female,Manufacturing Director,Married,Low Risk
34,0,-0.24415615395678525,28,3,2035,4,1.432344783164646,2,2,3,0.04442263708562583,-0.7498004232942456,1,21,4,4,2,8,2,3,8,7,1,7,False,True,False,True,False,True,False,False,False,False,False,False,False,False,False,False,True,False,True,False,False,26-35,Low Salary,Mid Level,Experienced Employee,0.0,Travel Rarely,Sales,Marketing,Female,Sales Executive,Married,Low Risk
36,0,-1.2432343528429055,15,4,2036,4,1.0878991692650386,1,2,4,-0.2330744820781626,-0.5448917392593264,1,24,4,1,1,15,4,2,15,12,11,11,False,False,False,True,False,True,False,False,False,True,False,False,False,False,False,False,True,False,False,False,False,36-45,,Senior Level,Loyal Employee,0.0,Non-Travel,Sales,Marketing,Male,Sales Executive,Divorced,Medium Risk
41,0,0.31612095013319785,3,3,2037,3,-0.4375028351475091,2,2,2,0.5174001158441197,-0.29318292368556775,2,11,3,3,1,14,5,3,5,4,0,4,False,True,False,True,True,False,False,False,False,True,False,False,False,False,False,False,True,False,False,False,False,36-45,Low Salary,Senior Level,Junior Employee,0.0,Travel Rarely,Sales,Life Sciences,Male,Sales Executive,Divorced,Low Risk
32,0,-0.6779990442919491,2,3,2038,4,0.5958340065513135,3,1,1,-0.8634986417710877,-0.4251508621689622,1,14,3,4,0,4,4,3,4,2,1,2,False,True,True,False,False,False,False,False,True,True,False,False,False,False,False,True,False,False,False,True,False,26-35,,Entry Level,Junior Employee,0.0,Travel Rarely,Research & Development,Technical Degree,Male,Research Scientist,Single,Low Risk
35,0,0.8516070319183144,26,4,2040,3,-1.7168722582031943,3,3,4,0.49593977201904876,0.3273053067768245,1,16,3,3,0,9,2,3,9,0,1,7,False,True,False,False,True,False,False,False,False,False,True,False,False,False,False,False,False,False,False,True,True,26-35,Low Salary,Mid Level,Experienced Employee,0.0,Travel Rarely,Human Resources,Life Sciences,Female,Human Resources,Single,Medium Risk
38,0,-1.1341538547014929,10,2,2041,1,1.6783773645215088,3,2,4,-0.24646063713736524,-1.1708610662082495,1,11,3,3,1,10,1,3,10,7,1,9,False,True,False,True,True,False,False,False,False,False,False,False,False,False,False,False,True,False,True,False,False,36-45,,Mid Level,Experienced Employee,0.0,Travel Rarely,Sales,Life Sciences,Female,Sales Executive,Married,Low Risk
50,1,0.187207634147892,1,4,2044,2,1.3831382668932737,3,2,3,0.047822295513359835,-0.008165906385968315,7,12,3,4,2,12,3,3,6,3,0,1,True,False,False,True,True,False,False,False,False,True,False,False,False,False,False,False,True,False,False,False,False,46-55,Low Salary,Senior Level,Experienced Employee,0.07,Travel Frequently,Sales,Life Sciences,Male,Sales Executive,Divorced,Low Risk
36,0,0.7871503739256616,11,4,2045,2,1.6783773645215088,2,2,4,0.03167391798162329,0.007855760266967748,4,13,3,1,1,8,2,2,6,3,0,0,False,True,False,True,False,True,False,False,False,False,False,False,False,False,False,False,True,False,True,False,False,36-45,Low Salary,Mid Level,Experienced Employee,0.0,Travel Rarely,Sales,Marketing,Female,Sales Executive,Married,Medium Risk
45,0,-1.06225989001738,20,3,2046,4,-0.7819484490471167,3,2,3,-0.35121261244191937,1.2676647065557298,8,15,3,3,0,8,3,3,5,3,0,1,False,True,False,True,True,False,False,False,False,False,False,False,False,False,False,False,True,False,False,True,False,36-45,,Mid Level,Junior Employee,0.0,Travel Rarely,Sales,Life Sciences,Female,Sales Executive,Single,Low Risk
40,0,1.287929024483965,2,4,2048,3,-0.6835354165043717,2,1,3,-0.7848815406297388,-1.628602893301344,2,14,3,4,0,8,2,3,2,2,2,2,False,True,True,False,True,False,False,False,False,True,False,False,False,False,False,True,False,False,False,True,False,36-45,,Mid Level,New Employee,0.0,Travel Rarely,Research & Development,Life Sciences,Male,Research Scientist,Single,Low Risk
35,0,0.982999450134107,18,4,2049,3,0.6942470390940585,3,2,3,-0.17294302363761732,1.444886826286891,1,14,3,4,2,10,2,4,10,2,0,2,True,False,True,False,True,False,False,False,False,True,False,False,False,False,False,False,False,False,True,False,True,26-35,,Mid Level,Experienced Employee,0.0,Travel Frequently,Research & Development,Life Sciences,Male,Healthcare Representative,Married,Medium Risk
40,0,0.9706039389816736,2,4,2051,3,1.5799643319787637,3,1,3,-0.9565642912303062,-0.247928742437801,2,14,3,2,3,20,2,3,5,3,0,2,False,True,True,False,False,False,True,False,False,False,False,False,False,False,False,True,False,False,True,False,False,36-45,,Senior Level,Junior Employee,0.0,Travel Rarely,Research & Development,Medical,Female,Research Scientist,Married,Low Risk
35,0,-1.2779417840697187,1,4,2052,3,-0.19147025379064658,1,1,4,-0.7491851271385317,-0.7534544876185995,1,12,3,4,1,4,5,3,4,3,1,1,False,True,True,False,True,False,False,False,False,False,False,False,False,False,False,True,False,False,True,False,False,26-35,,Entry Level,Junior Employee,0.0,Travel Rarely,Research & Development,Life Sciences,Female,Research Scientist,Married,Low Risk
29,0,1.4267587493912175,13,2,2053,4,-0.9787745141326066,2,2,2,-0.5265075001219541,1.3162918702567463,4,13,3,1,1,10,2,3,4,3,0,3,False,True,True,False,False,False,False,True,False,True,False,True,False,False,False,False,False,False,True,False,True,26-35,,Mid Level,Junior Employee,0.0,Travel Rarely,Research & Development,Other,Male,Laboratory Technician,Married,High Risk
29,0,-0.8292242803516349,28,4,2054,4,0.349801425194451,2,1,1,-0.5775023765379643,-0.8185249407792082,1,14,3,2,0,5,3,1,5,4,0,4,False,True,True,False,False,False,True,False,False,False,False,False,False,False,False,True,False,False,False,True,False,26-35,,Entry Level,Junior Employee,0.0,Travel Rarely,Research & Development,Medical,Female,Research Scientist,Single,Medium Risk
50,1,-0.9730122097198606,28,3,2055,4,-1.3232201280322142,2,3,1,0.9245092125652672,0.3194350143859086,4,13,3,2,1,20,3,3,3,2,2,0,False,True,False,True,False,True,False,False,False,True,False,False,False,False,False,False,True,False,False,False,True,46-55,Low Salary,Senior Level,Junior Employee,0.07,Travel Rarely,Sales,Marketing,Male,Sales Executive,Divorced,High Risk
39,0,-0.19953231380802552,24,1,2056,2,-0.2898832863333916,2,4,4,1.17459658565545,-0.7708815636270562,0,11,3,1,1,21,2,2,20,9,9,6,False,True,False,True,False,True,False,False,False,False,False,False,False,False,False,False,True,False,True,False,False,36-45,Low Salary,Executive Level,Loyal Employee,0.0,Travel Rarely,Sales,Marketing,Female,Sales Executive,Married,Medium Risk
31,0,-1.183735899311226,5,3,2057,2,0.3990079414658235,3,2,1,0.7294538102740284,-1.4793484197450448,0,19,3,2,0,10,2,3,9,4,1,7,False,False,True,False,False,False,True,False,False,True,False,False,False,True,False,False,False,False,False,True,False,26-35,Low Salary,Mid Level,Experienced Employee,0.0,Non-Travel,Research & Development,Medical,Male,Manufacturing Director,Single,Low Risk
26,0,0.9036681787585341,5,3,2060,4,-1.7660787744745667,2,1,3,-0.7515223923075989,0.9929071775514315,0,18,3,4,0,5,2,3,4,2,0,0,False,True,False,True,False,False,False,True,False,False,False,False,False,False,False,False,False,True,False,True,False,26-35,,Entry Level,Junior Employee,0.0,Travel Rarely,Sales,Other,Female,Sales Representative,Single,Low Risk
36,0,0.20208224753081191,23,2,2061,3,-1.2248070954894692,4,2,4,-0.8354514597422822,-0.2843288447457873,4,17,3,3,1,17,3,3,5,2,0,3,True,False,True,False,False,False,True,False,False,True,False,True,False,False,False,False,False,False,True,False,False,36-45,,Senior Level,Junior Employee,0.0,Travel Frequently,Research & Development,Medical,Male,Laboratory Technician,Married,Low Risk
39,0,-0.4697544569310705,6,1,2062,4,-1.1756005792180968,2,3,1,0.7411401361193641,1.0040099114600451,4,15,3,1,1,9,5,3,7,7,1,7,False,True,True,False,False,False,True,False,False,True,False,False,False,False,False,False,False,False,True,False,False,36-45,Low Salary,Mid Level,Experienced Employee,0.0,Travel Rarely,Research & Development,Medical,Male,Healthcare Representative,Married,Low Risk
27,0,-1.6051832784939566,4,3,2064,2,1.038692652993666,4,2,2,-0.07669019440239822,-1.2844181421343226,1,20,4,2,1,6,0,3,6,2,0,3,False,True,True,False,True,False,False,False,False,True,False,False,False,True,False,False,False,False,True,False,True,26-35,,Mid Level,Experienced Employee,0.0,Travel Rarely,Research & Development,Life Sciences,Male,Manufacturing Director,Married,High Risk
49,0,0.5466774575684564,2,3,2065,4,-0.14226373751927407,2,2,2,-0.2364741405058966,-0.1503933331646639,2,14,3,4,0,17,3,2,9,6,0,8,True,False,False,True,False,False,True,False,False,True,False,False,False,False,False,False,True,False,True,False,False,46-55,,Senior Level,Experienced Employee,0.0,Travel Frequently,Sales,Medical,Male,Sales Executive,Married,Medium Risk
34,0,-0.4325679234737707,8,3,2068,2,0.7926600716368035,4,2,3,-0.44597809111500486,-0.5741242538541572,2,12,3,1,0,6,3,4,4,3,1,2,False,True,True,False,False,False,True,False,False,True,False,True,False,False,False,False,False,False,True,False,False,26-35,,Mid Level,Junior Employee,0.0,Travel Rarely,Research & Development,Medical,Male,Laboratory Technician,Married,Low Risk
